run_id,pos_rmse_meas,pos_rmse_est,vel_rmse_meas,vel_rmse_est
0,0.345087,0.341108,5.8744,1.4594
1,0.35023,0.347053,5.8744,1.4594
2,0.348094,0.34502,5.8744,1.4593
3,0.352681,0.357137,5.8744,1.4591
4,0.349564,0.348124,5.8744,1.4593
5,0.345949,0.343046,5.8744,1.4594
6,0.348382,0.341895,5.8744,1.4593
7,0.346688,0.344462,5.8744,1.4593
8,0.34483,0.343094,5.8744,1.4593
9,0.347045,0.343216,5.8744,1.4593
