tar_thresh,precision,recall,f1,tp,fp,fn
-6.28576135635376,1.0,0.0,0.0,0,0,200
-7.28576135635376,0.0,0.0,0.0,0,1,200
-7.420042991638184,0.0,0.0,0.0,0,2,200
-7.479341506958008,0.0,0.0,0.0,0,3,200
-7.565438270568848,0.0,0.0,0.0,0,4,200
-7.5844550132751465,0.0,0.0,0.0,0,5,200
-7.59487247467041,0.0,0.0,0.0,0,6,200
-7.601398944854736,0.0,0.0,0.0,0,7,200
-7.6070237159729,0.0,0.0,0.0,0,8,200
-7.624879360198975,0.0,0.0,0.0,0,9,200
-7.679408073425293,0.0,0.0,0.0,0,10,200
-7.762604713439941,0.0,0.0,0.0,0,11,200
-8.08226203918457,0.0,0.0,0.0,0,12,200
-8.10389518737793,0.0,0.0,0.0,0,13,200
-8.139171600341797,0.0,0.0,0.0,0,14,200
-8.165706634521484,0.0,0.0,0.0,0,15,200
-8.17219066619873,0.0,0.0,0.0,0,16,200
-8.271729469299316,0.0,0.0,0.0,0,17,200
-8.463788032531738,0.0,0.0,0.0,0,18,200
-8.594011306762695,0.0,0.0,0.0,0,19,200
-8.733431816101074,0.0,0.0,0.0,0,20,200
-8.763773918151855,0.0,0.0,0.0,0,21,200
-8.772953987121582,0.0,0.0,0.0,0,22,200
-8.799482345581055,0.0,0.0,0.0,0,23,200
-8.807474136352539,0.0,0.0,0.0,0,24,200
-8.81867504119873,0.0,0.0,0.0,0,25,200
-8.838746070861816,0.0,0.0,0.0,0,26,200
-8.866188049316406,0.0,0.0,0.0,0,27,200
-8.892263412475586,0.0,0.0,0.0,0,28,200
-8.91899585723877,0.0,0.0,0.0,0,29,200
-8.99185562133789,0.0,0.0,0.0,0,30,200
-8.99693775177002,0.0,0.0,0.0,0,31,200
-8.999246597290039,0.0,0.0,0.0,0,32,200
-9.023839950561523,0.0,0.0,0.0,0,33,200
-9.028172492980957,0.0,0.0,0.0,0,34,200
-9.033292770385742,0.0,0.0,0.0,0,35,200
-9.111076354980469,0.0,0.0,0.0,0,36,200
-9.119155883789062,0.0,0.0,0.0,0,37,200
-9.151761054992676,0.0,0.0,0.0,0,38,200
-9.199013710021973,0.0,0.0,0.0,0,39,200
-9.217073440551758,0.0,0.0,0.0,0,40,200
-9.347835540771484,0.0,0.0,0.0,0,41,200
-9.351494789123535,0.0,0.0,0.0,0,42,200
-9.35986328125,0.0,0.0,0.0,0,43,200
-9.399930953979492,0.0,0.0,0.0,0,44,200
-9.531826972961426,0.0,0.0,0.0,0,45,200
-9.61185073852539,0.0,0.0,0.0,0,46,200
-9.656001091003418,0.0,0.0,0.0,0,47,200
-9.672082901000977,0.0,0.0,0.0,0,48,200
-9.70827579498291,0.0,0.0,0.0,0,49,200
-9.776928901672363,0.0,0.0,0.0,0,50,200
-9.794452667236328,0.0,0.0,0.0,0,51,200
-9.833165168762207,0.0,0.0,0.0,0,52,200
-9.892274856567383,0.0,0.0,0.0,0,53,200
-9.941399574279785,0.0,0.0,0.0,0,54,200
-9.962002754211426,0.0,0.0,0.0,0,55,200
-9.981313705444336,0.0,0.0,0.0,0,56,200
-10.020902633666992,0.0,0.0,0.0,0,57,200
-10.030685424804688,0.017241379310344827,0.005,0.007751937984496125,1,57,199
-10.061233520507812,0.01694915254237288,0.005,0.007722007722007722,1,58,199
-10.07143497467041,0.016666666666666666,0.005,0.007692307692307692,1,59,199
-10.084000587463379,0.01639344262295082,0.005,0.007662835249042145,1,60,199
-10.096546173095703,0.016129032258064516,0.005,0.007633587786259542,1,61,199
-10.12292766571045,0.015873015873015872,0.005,0.0076045627376425855,1,62,199
-10.145118713378906,0.015625,0.005,0.007575757575757576,1,63,199
-10.164764404296875,0.015384615384615385,0.005,0.007547169811320754,1,64,199
-10.173860549926758,0.015151515151515152,0.005,0.007518796992481203,1,65,199
-10.224691390991211,0.014925373134328358,0.005,0.00749063670411985,1,66,199
-10.28260612487793,0.014705882352941176,0.005,0.00746268656716418,1,67,199
-10.295812606811523,0.014492753623188406,0.005,0.007434944237918215,1,68,199
-10.30337905883789,0.014285714285714285,0.005,0.0074074074074074086,1,69,199
-10.310300827026367,0.014084507042253521,0.005,0.007380073800738008,1,70,199
-10.323478698730469,0.013888888888888888,0.005,0.007352941176470588,1,71,199
-10.328207015991211,0.0136986301369863,0.005,0.007326007326007325,1,72,199
-10.337209701538086,0.013513513513513514,0.005,0.0072992700729927005,1,73,199
-10.343700408935547,0.013333333333333334,0.005,0.007272727272727273,1,74,199
-10.371489524841309,0.013157894736842105,0.005,0.007246376811594203,1,75,199
-10.379592895507812,0.012987012987012988,0.005,0.007220216606498194,1,76,199
-10.399456024169922,0.01282051282051282,0.005,0.007194244604316546,1,77,199
-10.403298377990723,0.012658227848101266,0.005,0.007168458781362008,1,78,199
-10.413230895996094,0.0125,0.005,0.007142857142857143,1,79,199
-10.413637161254883,0.012345679012345678,0.005,0.0071174377224199285,1,80,199
-10.419602394104004,0.012195121951219513,0.005,0.0070921985815602835,1,81,199
-10.443277359008789,0.012048192771084338,0.005,0.007067137809187279,1,82,199
-10.51262378692627,0.011904761904761904,0.005,0.007042253521126761,1,83,199
-10.538373947143555,0.011764705882352941,0.005,0.007017543859649123,1,84,199
-10.546592712402344,0.011627906976744186,0.005,0.006993006993006993,1,85,199
-10.55879020690918,0.011494252873563218,0.005,0.0069686411149825775,1,86,199
-10.559146881103516,0.011363636363636364,0.005,0.006944444444444444,1,87,199
-10.571703910827637,0.011235955056179775,0.005,0.006920415224913495,1,88,199
-10.573074340820312,0.011111111111111112,0.005,0.006896551724137932,1,89,199
-10.5772123336792,0.01098901098901099,0.005,0.006872852233676977,1,90,199
-10.601613998413086,0.010869565217391304,0.005,0.00684931506849315,1,91,199
-10.634528160095215,0.010752688172043012,0.005,0.006825938566552901,1,92,199
-10.642900466918945,0.010638297872340425,0.005,0.006802721088435375,1,93,199
-10.648159980773926,0.010526315789473684,0.005,0.006779661016949153,1,94,199
-10.651577949523926,0.010416666666666666,0.005,0.006756756756756757,1,95,199
-10.654008865356445,0.010309278350515464,0.005,0.006734006734006735,1,96,199
-10.661181449890137,0.01020408163265306,0.005,0.006711409395973154,1,97,199
-10.677872657775879,0.010101010101010102,0.005,0.006688963210702342,1,98,199
-10.687724113464355,0.01,0.005,0.006666666666666667,1,99,199
-10.688739776611328,0.009900990099009901,0.005,0.00664451827242525,1,100,199
-10.694238662719727,0.00980392156862745,0.005,0.00662251655629139,1,101,199
-10.711856842041016,0.009708737864077669,0.005,0.0066006600660066,1,102,199
-10.71638011932373,0.009615384615384616,0.005,0.006578947368421053,1,103,199
-10.76524829864502,0.009523809523809525,0.005,0.006557377049180328,1,104,199
-10.780950546264648,0.009433962264150943,0.005,0.006535947712418301,1,105,199
-10.803984642028809,0.009345794392523364,0.005,0.006514657980456026,1,106,199
-10.834287643432617,0.009259259259259259,0.005,0.006493506493506493,1,107,199
-10.869735717773438,0.009174311926605505,0.005,0.006472491909385114,1,108,199
-10.885323524475098,0.00909090909090909,0.005,0.006451612903225806,1,109,199
-10.917646408081055,0.009009009009009009,0.005,0.006430868167202573,1,110,199
-10.919904708862305,0.008928571428571428,0.005,0.00641025641025641,1,111,199
-10.925227165222168,0.008849557522123894,0.005,0.006389776357827476,1,112,199
-10.926919937133789,0.008771929824561403,0.005,0.006369426751592356,1,113,199
-10.930155754089355,0.008695652173913044,0.005,0.00634920634920635,1,114,199
-10.955185890197754,0.008620689655172414,0.005,0.006329113924050633,1,115,199
-10.958714485168457,0.008547008547008548,0.005,0.006309148264984227,1,116,199
-11.022581100463867,0.00847457627118644,0.005,0.00628930817610063,1,117,199
-11.064319610595703,0.008403361344537815,0.005,0.006269592476489029,1,118,199
-11.087475776672363,0.008333333333333333,0.005,0.00625,1,119,199
-11.116107940673828,0.008264462809917356,0.005,0.006230529595015576,1,120,199
-11.121509552001953,0.00819672131147541,0.005,0.006211180124223603,1,121,199
-11.142156600952148,0.008130081300813009,0.005,0.006191950464396286,1,122,199
-11.144033432006836,0.008064516129032258,0.005,0.006172839506172839,1,123,199
-11.154769897460938,0.008,0.005,0.006153846153846154,1,124,199
-11.200443267822266,0.007936507936507936,0.005,0.006134969325153374,1,125,199
-11.202142715454102,0.007874015748031496,0.005,0.006116207951070336,1,126,199
-11.24722957611084,0.0078125,0.005,0.0060975609756097554,1,127,199
-11.271782875061035,0.007751937984496124,0.005,0.0060790273556231,1,128,199
-11.3256254196167,0.007692307692307693,0.005,0.00606060606060606,1,129,199
-11.35474681854248,0.007633587786259542,0.005,0.006042296072507553,1,130,199
-11.373298645019531,0.007575757575757576,0.005,0.006024096385542168,1,131,199
-11.391716003417969,0.007518796992481203,0.005,0.006006006006006005,1,132,199
-11.40304946899414,0.007462686567164179,0.005,0.005988023952095809,1,133,199
-11.403322219848633,0.007407407407407408,0.005,0.0059701492537313425,1,134,199
-11.406576156616211,0.007352941176470588,0.005,0.005952380952380954,1,135,199
-11.419829368591309,0.0072992700729927005,0.005,0.005934718100890208,1,136,199
-11.430885314941406,0.007246376811594203,0.005,0.005917159763313609,1,137,199
-11.438766479492188,0.007194244604316547,0.005,0.005899705014749262,1,138,199
-11.503315925598145,0.007142857142857143,0.005,0.005882352941176471,1,139,199
-11.56950569152832,0.0070921985815602835,0.005,0.005865102639296187,1,140,199
-11.60545825958252,0.007042253521126761,0.005,0.0058479532163742695,1,141,199
-11.621097564697266,0.006993006993006993,0.005,0.0058309037900874635,1,142,199
-11.677968978881836,0.006944444444444444,0.005,0.005813953488372093,1,143,199
-11.684489250183105,0.006896551724137931,0.005,0.005797101449275362,1,144,199
-11.762255668640137,0.00684931506849315,0.005,0.005780346820809248,1,145,199
-11.76521110534668,0.006802721088435374,0.005,0.005763688760806916,1,146,199
-11.818099021911621,0.006756756756756757,0.005,0.005747126436781608,1,147,199
-11.834317207336426,0.006711409395973154,0.005,0.0057306590257879654,1,148,199
-11.84603500366211,0.006666666666666667,0.005,0.005714285714285714,1,149,199
-11.871100425720215,0.006622516556291391,0.005,0.005698005698005698,1,150,199
-11.925444602966309,0.006578947368421052,0.005,0.005681818181818181,1,151,199
-11.938343048095703,0.006535947712418301,0.005,0.0056657223796034,1,152,199
-11.943294525146484,0.006493506493506494,0.005,0.005649717514124294,1,153,199
-11.960192680358887,0.0064516129032258064,0.005,0.005633802816901409,1,154,199
-11.965946197509766,0.00641025641025641,0.005,0.005617977528089888,1,155,199
-12.005533218383789,0.006369426751592357,0.005,0.005602240896358544,1,156,199
-12.029620170593262,0.006329113924050633,0.005,0.00558659217877095,1,157,199
-12.036199569702148,0.006289308176100629,0.005,0.0055710306406685246,1,158,199
-12.043319702148438,0.00625,0.005,0.005555555555555556,1,159,199
-12.060462951660156,0.006211180124223602,0.005,0.0055401662049861505,1,160,199
-12.061234474182129,0.006172839506172839,0.005,0.0055248618784530384,1,161,199
-12.069324493408203,0.006134969325153374,0.005,0.005509641873278237,1,162,199
-12.071868896484375,0.006097560975609756,0.005,0.005494505494505496,1,163,199
-12.095975875854492,0.006060606060606061,0.005,0.005479452054794521,1,164,199
-12.103887557983398,0.006024096385542169,0.005,0.005464480874316941,1,165,199
-12.117690086364746,0.005988023952095809,0.005,0.005449591280653952,1,166,199
-12.147332191467285,0.005952380952380952,0.005,0.005434782608695652,1,167,199
-12.224865913391113,0.005917159763313609,0.005,0.005420054200542005,1,168,199
-12.27953815460205,0.0058823529411764705,0.005,0.005405405405405405,1,169,199
-12.297772407531738,0.005847953216374269,0.005,0.005390835579514824,1,170,199
-12.311155319213867,0.005813953488372093,0.005,0.005376344086021505,1,171,199
-12.311681747436523,0.005780346820809248,0.005,0.005361930294906166,1,172,199
-12.367506980895996,0.005747126436781609,0.005,0.0053475935828877,1,173,199
-12.396800994873047,0.005714285714285714,0.005,0.005333333333333333,1,174,199
-12.438238143920898,0.005681818181818182,0.005,0.005319148936170213,1,175,199
-12.461559295654297,0.005649717514124294,0.005,0.005305039787798408,1,176,199
-12.500144004821777,0.0056179775280898875,0.005,0.005291005291005291,1,177,199
-12.502811431884766,0.00558659217877095,0.005,0.005277044854881266,1,178,199
-12.564718246459961,0.005555555555555556,0.005,0.005263157894736842,1,179,199
-12.567139625549316,0.0055248618784530384,0.005,0.005249343832020997,1,180,199
-12.575359344482422,0.005494505494505495,0.005,0.005235602094240838,1,181,199
-12.586821556091309,0.00546448087431694,0.005,0.005221932114882507,1,182,199
-12.593080520629883,0.005434782608695652,0.005,0.005208333333333333,1,183,199
-12.606887817382812,0.005405405405405406,0.005,0.005194805194805195,1,184,199
-12.617735862731934,0.005376344086021506,0.005,0.005181347150259068,1,185,199
-12.652610778808594,0.0053475935828877,0.005,0.00516795865633075,1,186,199
-12.659836769104004,0.005319148936170213,0.005,0.005154639175257732,1,187,199
-12.666934967041016,0.005291005291005291,0.005,0.005141388174807198,1,188,199
-12.676831245422363,0.005263157894736842,0.005,0.005128205128205128,1,189,199
-12.686639785766602,0.005235602094240838,0.005,0.005115089514066497,1,190,199
-12.703156471252441,0.005208333333333333,0.005,0.00510204081632653,1,191,199
-12.726449966430664,0.0051813471502590676,0.005,0.0050890585241730275,1,192,199
-12.734325408935547,0.005154639175257732,0.005,0.005076142131979696,1,193,199
-12.748035430908203,0.005128205128205128,0.005,0.005063291139240506,1,194,199
-12.75790023803711,0.00510204081632653,0.005,0.00505050505050505,1,195,199
-12.759084701538086,0.005076142131979695,0.005,0.005037783375314862,1,196,199
-12.763391494750977,0.005050505050505051,0.005,0.005025125628140704,1,197,199
-12.772320747375488,0.005025125628140704,0.005,0.005012531328320802,1,198,199
-12.797435760498047,0.005,0.005,0.005,1,199,199
-12.802204132080078,0.004975124378109453,0.005,0.004987531172069825,1,200,199
-12.807236671447754,0.0049504950495049506,0.005,0.004975124378109453,1,201,199
-12.847495079040527,0.0049261083743842365,0.005,0.004962779156327543,1,202,199
-12.8529634475708,0.00980392156862745,0.01,0.0099009900990099,2,202,198
-12.871842384338379,0.00975609756097561,0.01,0.009876543209876543,2,203,198
-12.892007827758789,0.009708737864077669,0.01,0.009852216748768473,2,204,198
-12.89803409576416,0.00966183574879227,0.01,0.009828009828009828,2,205,198
-12.903810501098633,0.009615384615384616,0.01,0.00980392156862745,2,206,198
-12.91196060180664,0.009569377990430622,0.01,0.009779951100244499,2,207,198
-12.9126558303833,0.009523809523809525,0.01,0.00975609756097561,2,208,198
-12.933404922485352,0.009478672985781991,0.01,0.009732360097323601,2,209,198
-12.943639755249023,0.009433962264150943,0.01,0.009708737864077669,2,210,198
-13.007454872131348,0.009389671361502348,0.01,0.009685230024213076,2,211,198
-13.019535064697266,0.009345794392523364,0.01,0.00966183574879227,2,212,198
-13.059965133666992,0.009302325581395349,0.01,0.009638554216867469,2,213,198
-13.09823226928711,0.009259259259259259,0.01,0.009615384615384614,2,214,198
-13.10743236541748,0.009216589861751152,0.01,0.009592326139088728,2,215,198
-13.187793731689453,0.009174311926605505,0.01,0.009569377990430622,2,216,198
-13.218544960021973,0.0091324200913242,0.01,0.009546539379474939,2,217,198
-13.233141899108887,0.00909090909090909,0.01,0.009523809523809525,2,218,198
-13.244181632995605,0.00904977375565611,0.01,0.009501187648456057,2,219,198
-13.247520446777344,0.009009009009009009,0.01,0.009478672985781991,2,220,198
-13.257316589355469,0.008968609865470852,0.01,0.009456264775413711,2,221,198
-13.279735565185547,0.008928571428571428,0.01,0.009433962264150945,2,222,198
-13.346303939819336,0.008888888888888889,0.01,0.009411764705882354,2,223,198
-13.378782272338867,0.008849557522123894,0.01,0.009389671361502346,2,224,198
-13.413228988647461,0.00881057268722467,0.01,0.00936768149882904,2,225,198
-13.45937728881836,0.008771929824561403,0.01,0.009345794392523364,2,226,198
-13.461675643920898,0.008733624454148471,0.01,0.009324009324009322,2,227,198
-13.521371841430664,0.008695652173913044,0.01,0.009302325581395349,2,228,198
-13.578392028808594,0.008658008658008658,0.01,0.009280742459396751,2,229,198
-13.590002059936523,0.008620689655172414,0.01,0.00925925925925926,2,230,198
-13.59780216217041,0.008583690987124463,0.01,0.009237875288683603,2,231,198
-13.673640251159668,0.008547008547008548,0.01,0.009216589861751154,2,232,198
-13.711570739746094,0.00851063829787234,0.01,0.009195402298850575,2,233,198
-13.71935749053955,0.00847457627118644,0.01,0.009174311926605505,2,234,198
-13.723533630371094,0.008438818565400843,0.01,0.009153318077803204,2,235,198
-13.753311157226562,0.012605042016806723,0.015,0.0136986301369863,3,235,197
-13.810386657714844,0.012552301255230125,0.015,0.01366742596810934,3,236,197
-13.810602188110352,0.0125,0.015,0.013636363636363637,3,237,197
-13.817485809326172,0.012448132780082987,0.015,0.013605442176870748,3,238,197
-13.840812683105469,0.012396694214876033,0.015,0.013574660633484162,3,239,197
-13.842567443847656,0.012345679012345678,0.015,0.013544018058690745,3,240,197
-13.854267120361328,0.01639344262295082,0.02,0.018018018018018018,4,240,196
-13.864686965942383,0.0163265306122449,0.02,0.017977528089887642,4,241,196
-13.885422706604004,0.016260162601626018,0.02,0.017937219730941707,4,242,196
-13.885614395141602,0.016194331983805668,0.02,0.017897091722595074,4,243,196
-13.92751693725586,0.020161290322580645,0.025,0.02232142857142857,5,243,195
-13.963264465332031,0.020080321285140562,0.025,0.022271714922049,5,244,195
-13.981386184692383,0.02,0.025,0.022222222222222223,5,245,195
-14.013164520263672,0.02390438247011952,0.03,0.02660753880266075,6,245,194
-14.063416481018066,0.023809523809523808,0.03,0.026548672566371678,6,246,194
-14.07029914855957,0.023715415019762844,0.03,0.02649006622516556,6,247,194
-14.077954292297363,0.027559055118110236,0.035,0.03083700440528634,7,247,193
-14.136748313903809,0.027450980392156862,0.035,0.03076923076923077,7,248,193
-14.146228790283203,0.02734375,0.035,0.030701754385964914,7,249,193
-14.148011207580566,0.027237354085603113,0.035,0.03063457330415755,7,250,193
-14.166373252868652,0.027131782945736434,0.035,0.030567685589519653,7,251,193
-14.205266952514648,0.03088803088803089,0.04,0.034858387799564274,8,251,192
-14.228227615356445,0.03076923076923077,0.04,0.03478260869565217,8,252,192
-14.232348442077637,0.03065134099616858,0.04,0.03470715835140997,8,253,192
-14.356108665466309,0.030534351145038167,0.04,0.03463203463203463,8,254,192
-14.363914489746094,0.030418250950570342,0.04,0.0345572354211663,8,255,192
-14.387727737426758,0.030303030303030304,0.04,0.03448275862068965,8,256,192
-14.452228546142578,0.03018867924528302,0.04,0.034408602150537634,8,257,192
-14.457144737243652,0.03007518796992481,0.04,0.03433476394849785,8,258,192
-14.464853286743164,0.0299625468164794,0.04,0.034261241970021415,8,259,192
-14.496732711791992,0.033582089552238806,0.045,0.038461538461538464,9,259,191
-14.518085479736328,0.03345724907063197,0.045,0.038379530916844345,9,260,191
-14.541529655456543,0.037037037037037035,0.05,0.0425531914893617,10,260,190
-14.596795082092285,0.03690036900369004,0.05,0.042462845010615716,10,261,190
-14.605364799499512,0.03676470588235294,0.05,0.04237288135593221,10,262,190
-14.622040748596191,0.040293040293040296,0.055,0.046511627906976744,11,262,189
-14.625868797302246,0.043795620437956206,0.06,0.05063291139240507,12,262,188
-14.636849403381348,0.04727272727272727,0.065,0.05473684210526316,13,262,187
-14.641483306884766,0.050724637681159424,0.07,0.05882352941176471,14,262,186
-14.64194393157959,0.05415162454873646,0.075,0.06289308176100628,15,262,185
-14.648747444152832,0.05755395683453238,0.08,0.06694560669456068,16,262,184
-14.678476333618164,0.05734767025089606,0.08,0.06680584551148225,16,263,184
-14.684647560119629,0.05714285714285714,0.08,0.06666666666666667,16,264,184
-14.746196746826172,0.05693950177935943,0.08,0.06652806652806653,16,265,184
-14.802188873291016,0.06028368794326241,0.085,0.07053941908713693,17,265,183
-14.82536506652832,0.06007067137809187,0.085,0.07039337474120083,17,266,183
-14.836907386779785,0.05985915492957746,0.085,0.07024793388429752,17,267,183
-14.853190422058105,0.06315789473684211,0.09,0.07422680412371134,18,267,182
-14.907692909240723,0.06643356643356643,0.095,0.07818930041152264,19,267,181
-14.9407958984375,0.06620209059233449,0.095,0.07802874743326489,19,268,181
-14.981537818908691,0.06597222222222222,0.095,0.0778688524590164,19,269,181
-15.027342796325684,0.0657439446366782,0.095,0.07770961145194274,19,270,181
-15.110138893127441,0.06896551724137931,0.1,0.08163265306122448,20,270,180
-15.154999732971191,0.06872852233676977,0.1,0.0814663951120163,20,271,180
-15.209068298339844,0.07191780821917808,0.105,0.08536585365853659,21,271,179
-15.224714279174805,0.07508532423208192,0.11,0.08924949290060853,22,271,178
-15.231773376464844,0.07482993197278912,0.11,0.08906882591093117,22,272,178
-15.286870002746582,0.07457627118644068,0.11,0.08888888888888889,22,273,178
-15.346785545349121,0.0777027027027027,0.115,0.09274193548387097,23,273,177
-15.41763687133789,0.08080808080808081,0.12,0.096579476861167,24,273,176
-15.48414134979248,0.08053691275167785,0.12,0.09638554216867469,24,274,176
-15.498613357543945,0.0802675585284281,0.12,0.09619238476953908,24,275,176
-15.564334869384766,0.08333333333333333,0.125,0.1,25,275,175
-15.623516082763672,0.08637873754152824,0.13,0.10379241516966067,26,275,174
-15.628292083740234,0.08940397350993377,0.135,0.10756972111553784,27,275,173
-15.68743896484375,0.0891089108910891,0.135,0.1073558648111332,27,276,173
-15.819425582885742,0.09210526315789473,0.14,0.1111111111111111,28,276,172
-15.895838737487793,0.09180327868852459,0.14,0.11089108910891089,28,277,172
-15.911642074584961,0.0915032679738562,0.14,0.11067193675889327,28,278,172
-15.930166244506836,0.09120521172638436,0.14,0.11045364891518739,28,279,172
-16.08468246459961,0.09415584415584416,0.145,0.1141732283464567,29,279,171
-16.127592086791992,0.09385113268608414,0.145,0.11394891944990176,29,280,171
-16.143310546875,0.0935483870967742,0.145,0.11372549019607844,29,281,171
-16.156957626342773,0.0932475884244373,0.145,0.11350293542074365,29,282,171
-16.159231185913086,0.09294871794871795,0.145,0.11328125,29,283,171
-16.26055908203125,0.0926517571884984,0.145,0.11306042884990253,29,284,171
-16.27235984802246,0.09554140127388536,0.15,0.11673151750972763,30,284,170
-16.288372039794922,0.09523809523809523,0.15,0.11650485436893203,30,285,170
-16.29667091369629,0.0949367088607595,0.15,0.11627906976744186,30,286,170
-16.340591430664062,0.0946372239747634,0.15,0.11605415860735009,30,287,170
-16.36338996887207,0.09748427672955975,0.155,0.1196911196911197,31,287,169
-16.372615814208984,0.09717868338557993,0.155,0.11946050096339114,31,288,169
-16.392824172973633,0.096875,0.155,0.11923076923076922,31,289,169
-16.407350540161133,0.09657320872274143,0.155,0.11900191938579655,31,290,169
-16.417171478271484,0.09627329192546584,0.155,0.11877394636015326,31,291,169
-16.418827056884766,0.09597523219814241,0.155,0.11854684512428297,31,292,169
-16.419822692871094,0.09567901234567901,0.155,0.11832061068702289,31,293,169
-16.427915573120117,0.09538461538461539,0.155,0.11809523809523811,31,294,169
-16.442033767700195,0.09815950920245399,0.16,0.12167300380228137,32,294,168
-16.447235107421875,0.09785932721712538,0.16,0.12144212523719165,32,295,168
-16.478527069091797,0.0975609756097561,0.16,0.12121212121212122,32,296,168
-16.4786319732666,0.0972644376899696,0.16,0.12098298676748583,32,297,168
-16.523754119873047,0.09696969696969697,0.16,0.12075471698113208,32,298,168
-16.524850845336914,0.09667673716012085,0.16,0.12052730696798493,32,299,168
-16.53738784790039,0.0963855421686747,0.16,0.12030075187969926,32,300,168
-16.58047866821289,0.0990990990990991,0.165,0.12382739212007503,33,300,167
-16.626426696777344,0.09880239520958084,0.165,0.12359550561797755,33,301,167
-16.66530418395996,0.10149253731343283,0.17,0.12710280373831778,34,301,166
-16.671234130859375,0.10119047619047619,0.17,0.12686567164179105,34,302,166
-16.707483291625977,0.10089020771513353,0.17,0.1266294227188082,34,303,166
-16.796632766723633,0.10059171597633136,0.17,0.12639405204460968,34,304,166
-16.803253173828125,0.10029498525073746,0.17,0.1261595547309833,34,305,166
-16.803634643554688,0.10294117647058823,0.175,0.12962962962962962,35,305,165
-16.84943199157715,0.10263929618768329,0.175,0.12939001848428835,35,306,165
-16.880165100097656,0.1023391812865497,0.175,0.12915129151291516,35,307,165
-16.9051570892334,0.10495626822157435,0.18,0.13259668508287292,36,307,164
-16.91583251953125,0.10465116279069768,0.18,0.1323529411764706,36,308,164
-16.958900451660156,0.1072463768115942,0.185,0.13577981651376145,37,308,163
-16.97332000732422,0.1069364161849711,0.185,0.13553113553113552,37,309,163
-16.990262985229492,0.10662824207492795,0.185,0.13528336380255943,37,310,163
-17.00994300842285,0.10919540229885058,0.19,0.13868613138686134,38,310,162
-17.047266006469727,0.10888252148997135,0.19,0.1384335154826958,38,311,162
-17.056081771850586,0.11142857142857143,0.195,0.14181818181818182,39,311,161
-17.14181900024414,0.1111111111111111,0.195,0.1415607985480944,39,312,161
-17.156108856201172,0.11079545454545454,0.195,0.14130434782608697,39,313,161
-17.174957275390625,0.11048158640226628,0.195,0.14104882459312837,39,314,161
-17.17941665649414,0.11299435028248588,0.2,0.1444043321299639,40,314,160
-17.2071475982666,0.11267605633802817,0.2,0.14414414414414414,40,315,160
-17.221296310424805,0.11235955056179775,0.2,0.14388489208633093,40,316,160
-17.22836685180664,0.11204481792717087,0.2,0.14362657091561942,40,317,160
-17.244779586791992,0.11452513966480447,0.205,0.14695340501792115,41,317,159
-17.287765502929688,0.11420612813370473,0.205,0.14669051878354203,41,318,159
-17.289714813232422,0.11388888888888889,0.205,0.1464285714285714,41,319,159
-17.294815063476562,0.11634349030470914,0.21,0.14973262032085563,42,319,158
-17.32004737854004,0.11602209944751381,0.21,0.1494661921708185,42,320,158
-17.34925651550293,0.1184573002754821,0.215,0.152753108348135,43,320,157
-17.39441680908203,0.11813186813186813,0.215,0.1524822695035461,43,321,157
-17.410348892211914,0.1178082191780822,0.215,0.15221238938053097,43,322,157
-17.41883087158203,0.11748633879781421,0.215,0.15194346289752653,43,323,157
-17.454654693603516,0.11716621253405994,0.215,0.15167548500881833,43,324,157
-17.456832885742188,0.11956521739130435,0.22,0.15492957746478875,44,324,156
-17.491546630859375,0.12195121951219512,0.225,0.15817223198594027,45,324,155
-17.507436752319336,0.12432432432432433,0.23,0.16140350877192983,46,324,154
-17.518991470336914,0.12398921832884097,0.23,0.16112084063047283,46,325,154
-17.536197662353516,0.12365591397849462,0.23,0.16083916083916086,46,326,154
-17.54845428466797,0.12332439678284182,0.23,0.16055846422338568,46,327,154
-17.55314064025879,0.12566844919786097,0.235,0.16376306620209058,47,327,153
-17.579214096069336,0.12533333333333332,0.235,0.1634782608695652,47,328,153
-17.580968856811523,0.125,0.235,0.16319444444444445,47,329,153
-17.584638595581055,0.1273209549071618,0.24,0.1663778162911612,48,329,152
-17.587488174438477,0.12698412698412698,0.24,0.16608996539792387,48,330,152
-17.652061462402344,0.12928759894459102,0.245,0.1692573402417962,49,330,151
-17.668060302734375,0.13157894736842105,0.25,0.1724137931034483,50,330,150
-17.699987411499023,0.13123359580052493,0.25,0.1721170395869191,50,331,150
-17.735763549804688,0.13089005235602094,0.25,0.1718213058419244,50,332,150
-17.738262176513672,0.13054830287206268,0.25,0.17152658662092626,50,333,150
-17.755794525146484,0.13020833333333334,0.25,0.17123287671232876,50,334,150
-17.822845458984375,0.12987012987012986,0.25,0.17094017094017092,50,335,150
-17.824695587158203,0.13212435233160622,0.255,0.17406143344709896,51,335,149
-17.85936164855957,0.13178294573643412,0.255,0.17376490630323682,51,336,149
-17.868698120117188,0.13144329896907217,0.255,0.17346938775510207,51,337,149
-17.9068603515625,0.13110539845758354,0.255,0.1731748726655348,51,338,149
-17.91288185119629,0.13076923076923078,0.255,0.17288135593220344,51,339,149
-17.916038513183594,0.13043478260869565,0.255,0.17258883248730963,51,340,149
-17.939659118652344,0.13010204081632654,0.255,0.1722972972972973,51,341,149
-17.98480796813965,0.13231552162849872,0.26,0.17537942664418213,52,341,148
-18.020238876342773,0.1319796954314721,0.26,0.1750841750841751,52,342,148
-18.0649356842041,0.13164556962025317,0.26,0.17478991596638654,52,343,148
-18.07090187072754,0.13131313131313133,0.26,0.17449664429530204,52,344,148
-18.076770782470703,0.1309823677581864,0.26,0.17420435510887772,52,345,148
-18.08024024963379,0.13316582914572864,0.265,0.17725752508361206,53,345,147
-18.093080520629883,0.13283208020050125,0.265,0.17696160267111852,53,346,147
-18.101524353027344,0.135,0.27,0.18,54,346,146
-18.12065315246582,0.13466334164588528,0.27,0.17970049916805322,54,347,146
-18.177087783813477,0.13432835820895522,0.27,0.17940199335548174,54,348,146
-18.18437385559082,0.13399503722084366,0.27,0.1791044776119403,54,349,146
-18.233842849731445,0.13366336633663367,0.27,0.17880794701986755,54,350,146
-18.257549285888672,0.13333333333333333,0.27,0.1785123966942149,54,351,146
-18.257986068725586,0.1330049261083744,0.27,0.1782178217821782,54,352,146
-18.300273895263672,0.13513513513513514,0.275,0.1812191103789127,55,352,145
-18.349733352661133,0.13480392156862744,0.275,0.18092105263157895,55,353,145
-18.351560592651367,0.13691931540342298,0.28,0.1839080459770115,56,353,144
-18.361278533935547,0.13902439024390245,0.285,0.18688524590163935,57,353,143
-18.36844825744629,0.1386861313868613,0.285,0.18657937806873978,57,354,143
-18.371950149536133,0.1383495145631068,0.285,0.18627450980392157,57,355,143
-18.382389068603516,0.13801452784503632,0.285,0.18597063621533438,57,356,143
-18.391145706176758,0.14009661835748793,0.29,0.18892508143322478,58,356,142
-18.456497192382812,0.13975903614457832,0.29,0.18861788617886177,58,357,142
-18.491275787353516,0.13942307692307693,0.29,0.18831168831168832,58,358,142
-18.50811004638672,0.13908872901678657,0.29,0.18800648298217182,58,359,142
-18.555023193359375,0.14114832535885166,0.295,0.19093851132686085,59,359,141
-18.57962989807129,0.1431980906921241,0.3,0.19386106623586427,60,359,140
-18.641416549682617,0.14523809523809525,0.305,0.19677419354838713,61,359,139
-18.66021728515625,0.14489311163895488,0.305,0.1964573268921095,61,360,139
-18.670684814453125,0.14454976303317535,0.305,0.19614147909967844,61,361,139
-18.70795440673828,0.14657210401891252,0.31,0.19903691813804172,62,361,138
-18.70827293395996,0.14622641509433962,0.31,0.1987179487179487,62,362,138
-18.746164321899414,0.14588235294117646,0.31,0.1984,62,363,138
-18.80309295654297,0.14553990610328638,0.31,0.19808306709265175,62,364,138
-18.81523323059082,0.1451990632318501,0.31,0.19776714513556617,62,365,138
-18.815593719482422,0.14719626168224298,0.315,0.20063694267515922,63,365,137
-18.821456909179688,0.14685314685314685,0.315,0.20031796502384738,63,366,137
-18.828990936279297,0.14883720930232558,0.32,0.20317460317460315,64,366,136
-18.832929611206055,0.14849187935034802,0.32,0.2028526148969889,64,367,136
-18.842302322387695,0.14814814814814814,0.32,0.20253164556962025,64,368,136
-18.87198257446289,0.14780600461893764,0.32,0.20221169036334916,64,369,136
-18.914167404174805,0.14746543778801843,0.32,0.2018927444794953,64,370,136
-18.95711898803711,0.14942528735632185,0.325,0.20472440944881892,65,370,135
-18.958377838134766,0.14908256880733944,0.325,0.20440251572327045,65,371,135
-19.00078010559082,0.14874141876430205,0.325,0.2040816326530612,65,372,135
-19.053447723388672,0.1506849315068493,0.33,0.20689655172413793,66,372,134
-19.059131622314453,0.15034168564920272,0.33,0.2065727699530516,66,373,134
-19.076580047607422,0.15,0.33,0.20625000000000002,66,374,134
-19.091398239135742,0.15192743764172337,0.335,0.2090483619344774,67,374,133
-19.11676597595215,0.15384615384615385,0.34,0.2118380062305296,68,374,132
-19.130329132080078,0.15349887133182843,0.34,0.2115085536547434,68,375,132
-19.182743072509766,0.15315315315315314,0.34,0.2111801242236025,68,376,132
-19.221263885498047,0.15280898876404495,0.34,0.21085271317829457,68,377,132
-19.228836059570312,0.15246636771300448,0.34,0.21052631578947367,68,378,132
-19.276216506958008,0.15212527964205816,0.34,0.21020092735703244,68,379,132
-19.280683517456055,0.15178571428571427,0.34,0.20987654320987656,68,380,132
-19.290386199951172,0.1514476614699332,0.34,0.20955315870570107,68,381,132
-19.297365188598633,0.1511111111111111,0.34,0.20923076923076922,68,382,132
-19.316226959228516,0.15077605321507762,0.34,0.20890937019969277,68,383,132
-19.33567237854004,0.1504424778761062,0.34,0.20858895705521474,68,384,132
-19.338886260986328,0.152317880794702,0.345,0.2113323124042879,69,384,131
-19.347890853881836,0.15198237885462554,0.345,0.21100917431192662,69,385,131
-19.363758087158203,0.15164835164835164,0.345,0.21068702290076333,69,386,131
-19.386537551879883,0.1513157894736842,0.345,0.2103658536585366,69,387,131
-19.388172149658203,0.15098468271334792,0.345,0.2100456621004566,69,388,131
-19.412282943725586,0.15065502183406113,0.345,0.20972644376899696,69,389,131
-19.508756637573242,0.1503267973856209,0.345,0.2094081942336874,69,390,131
-19.55674934387207,0.15,0.345,0.20909090909090908,69,391,131
-19.561817169189453,0.14967462039045554,0.345,0.20877458396369136,69,392,131
-19.59334945678711,0.14935064935064934,0.345,0.20845921450151056,69,393,131
-19.615591049194336,0.1490280777537797,0.345,0.20814479638009048,69,394,131
-19.66168975830078,0.14870689655172414,0.345,0.20783132530120482,69,395,131
-19.700153350830078,0.14838709677419354,0.345,0.2075187969924812,69,396,131
-19.73106575012207,0.148068669527897,0.345,0.2072072072072072,69,397,131
-19.744300842285156,0.14775160599571735,0.345,0.20689655172413793,69,398,131
-19.74609375,0.14743589743589744,0.345,0.20658682634730538,69,399,131
-19.759979248046875,0.14712153518123666,0.345,0.20627802690582958,69,400,131
-19.771886825561523,0.14680851063829786,0.345,0.20597014925373133,69,401,131
-19.793285369873047,0.1464968152866242,0.345,0.20566318926974664,69,402,131
-19.803564071655273,0.1461864406779661,0.345,0.20535714285714285,69,403,131
-19.81159019470215,0.14587737843551796,0.345,0.20505200594353637,69,404,131
-19.847042083740234,0.14556962025316456,0.345,0.20474777448071216,69,405,131
-19.858200073242188,0.14526315789473684,0.345,0.20444444444444446,69,406,131
-19.870807647705078,0.14495798319327732,0.345,0.20414201183431951,69,407,131
-19.890993118286133,0.14465408805031446,0.345,0.2038404726735598,69,408,131
-19.914859771728516,0.14435146443514643,0.345,0.20353982300884954,69,409,131
-19.923603057861328,0.1440501043841336,0.345,0.20324005891016197,69,410,131
-19.933692932128906,0.14375,0.345,0.2029411764705882,69,411,131
-19.96579360961914,0.14553014553014554,0.35,0.20558002936857564,70,411,130
-19.98745346069336,0.14522821576763487,0.35,0.20527859237536655,70,412,130
-19.988256454467773,0.14492753623188406,0.35,0.20497803806734993,70,413,130
-19.995210647583008,0.1446280991735537,0.35,0.2046783625730994,70,414,130
-20.02244758605957,0.1463917525773196,0.355,0.2072992700729927,71,414,129
-20.03577995300293,0.14609053497942387,0.355,0.20699708454810492,71,415,129
-20.044761657714844,0.1457905544147844,0.355,0.2066957787481805,71,416,129
-20.073978424072266,0.14549180327868852,0.355,0.2063953488372093,71,417,129
-20.102108001708984,0.14519427402862986,0.355,0.2060957910014514,71,418,129
-20.140769958496094,0.14489795918367346,0.355,0.20579710144927535,71,419,129
-20.22307586669922,0.1446028513238289,0.355,0.20549927641099858,71,420,129
-20.22597312927246,0.1443089430894309,0.355,0.20520231213872833,71,421,129
-20.275726318359375,0.1440162271805274,0.355,0.2049062049062049,71,422,129
-20.34149169921875,0.1437246963562753,0.355,0.20461095100864554,71,423,129
-20.34619903564453,0.14343434343434344,0.355,0.20431654676258992,71,424,129
-20.378084182739258,0.1431451612903226,0.355,0.20402298850574713,71,425,129
-20.421144485473633,0.14285714285714285,0.355,0.20373027259684362,71,426,129
-20.42617416381836,0.142570281124498,0.355,0.20343839541547276,71,427,129
-20.434350967407227,0.14228456913827656,0.355,0.20314735336194562,71,428,129
-20.446060180664062,0.142,0.355,0.20285714285714282,71,429,129
-20.46597671508789,0.14171656686626746,0.355,0.20256776034236804,71,430,129
-20.516454696655273,0.14342629482071714,0.36,0.20512820512820515,72,430,128
-20.562950134277344,0.14512922465208747,0.365,0.20768136557610242,73,430,127
-20.580358505249023,0.14484126984126985,0.365,0.20738636363636362,73,431,127
-20.59375,0.14455445544554454,0.365,0.20709219858156028,73,432,127
-20.613611221313477,0.1442687747035573,0.365,0.20679886685552404,73,433,127
-20.660123825073242,0.14398422090729784,0.365,0.2065063649222065,73,434,127
-20.688304901123047,0.14566929133858267,0.37,0.20903954802259886,74,434,126
-20.69034194946289,0.14538310412573674,0.37,0.2087447108603667,74,435,126
-20.693965911865234,0.14705882352941177,0.375,0.21126760563380279,75,435,125
-20.69980239868164,0.14677103718199608,0.375,0.21097046413502107,75,436,125
-20.707731246948242,0.146484375,0.375,0.21067415730337077,75,437,125
-20.730859756469727,0.14619883040935672,0.375,0.2103786816269285,75,438,125
-20.739734649658203,0.14591439688715954,0.375,0.21008403361344535,75,439,125
-20.753952026367188,0.14563106796116504,0.375,0.2097902097902098,75,440,125
-20.75629425048828,0.14534883720930233,0.375,0.2094972067039106,75,441,125
-20.761613845825195,0.1470019342359768,0.38,0.2119944211994421,76,441,124
-20.782777786254883,0.14671814671814673,0.38,0.2116991643454039,76,442,124
-21.009328842163086,0.14836223506743737,0.385,0.21418636995827536,77,442,123
-21.05060577392578,0.15,0.39,0.21666666666666665,78,442,122
-21.11056900024414,0.14971209213051823,0.39,0.21636615811373092,78,443,122
-21.228139877319336,0.15134099616858238,0.395,0.21883656509695293,79,443,121
-21.236373901367188,0.15105162523900573,0.395,0.21853388658367912,79,444,121
-21.2492733001709,0.15267175572519084,0.4,0.22099447513812154,80,444,120
-21.273090362548828,0.1523809523809524,0.4,0.2206896551724138,80,445,120
-21.28329849243164,0.15399239543726237,0.405,0.2231404958677686,81,445,119
-21.31382942199707,0.15370018975332067,0.405,0.22283356258596973,81,446,119
-21.331466674804688,0.1553030303030303,0.41,0.22527472527472528,82,446,118
-21.39065933227539,0.15500945179584122,0.41,0.22496570644718794,82,447,118
-21.427520751953125,0.15471698113207547,0.41,0.2246575342465753,82,448,118
-21.43059539794922,0.1544256120527307,0.41,0.2243502051983584,82,449,118
-21.472244262695312,0.15413533834586465,0.41,0.2240437158469945,82,450,118
-21.49822425842285,0.15572232645403378,0.415,0.22646657571623463,83,450,117
-21.52866554260254,0.15730337078651685,0.42,0.22888283378746593,84,450,116
-21.603900909423828,0.15700934579439252,0.42,0.22857142857142854,84,451,116
-21.641284942626953,0.15671641791044777,0.42,0.2282608695652174,84,452,116
-21.669452667236328,0.1564245810055866,0.42,0.22795115332428764,84,453,116
-21.80020523071289,0.15613382899628253,0.42,0.22764227642276424,84,454,116
-21.815258026123047,0.15584415584415584,0.42,0.22733423545331527,84,455,116
-21.81847381591797,0.15555555555555556,0.42,0.22702702702702698,84,456,116
-21.82772445678711,0.15711645101663585,0.425,0.2294197031039136,85,456,115
-21.946807861328125,0.15682656826568267,0.425,0.22911051212938005,85,457,115
-22.01848793029785,0.15653775322283608,0.425,0.2288021534320323,85,458,115
-22.189579010009766,0.15625,0.425,0.22849462365591397,85,459,115
-22.194744110107422,0.1559633027522936,0.425,0.22818791946308722,85,460,115
-22.206512451171875,0.1575091575091575,0.43,0.23056300268096513,86,460,114
-22.227155685424805,0.15722120658135283,0.43,0.23025435073627845,86,461,114
-22.230701446533203,0.15693430656934307,0.43,0.2299465240641711,86,462,114
-22.2506103515625,0.15664845173041894,0.43,0.2296395193591455,86,463,114
-22.254884719848633,0.15636363636363637,0.43,0.2293333333333333,86,464,114
-22.277498245239258,0.1560798548094374,0.43,0.2290279627163782,86,465,114
-22.311355590820312,0.15760869565217392,0.435,0.23138297872340424,87,465,113
-22.3159236907959,0.15732368896925858,0.435,0.23107569721115537,87,466,113
-22.443073272705078,0.15703971119133575,0.435,0.23076923076923075,87,467,113
-22.47108268737793,0.15675675675675677,0.435,0.2304635761589404,87,468,113
-22.47572135925293,0.1564748201438849,0.435,0.23015873015873017,87,469,113
-22.489988327026367,0.1561938958707361,0.435,0.22985468956406868,87,470,113
-22.51774024963379,0.15591397849462366,0.435,0.22955145118733508,87,471,113
-22.5587100982666,0.1556350626118068,0.435,0.2292490118577075,87,472,113
-22.810951232910156,0.15535714285714286,0.435,0.22894736842105268,87,473,113
-22.849613189697266,0.15508021390374332,0.435,0.22864651773981604,87,474,113
-22.89441680908203,0.15480427046263345,0.435,0.2283464566929134,87,475,113
-22.914649963378906,0.15452930728241562,0.435,0.22804718217562256,87,476,113
-23.095375061035156,0.15425531914893617,0.435,0.22774869109947643,87,477,113
-23.133058547973633,0.15398230088495576,0.435,0.2274509803921569,87,478,113
-23.13601303100586,0.15547703180212014,0.44,0.2297650130548303,88,478,112
-23.136445999145508,0.15520282186948853,0.44,0.22946544980443287,88,479,112
-23.193796157836914,0.15669014084507044,0.445,0.23177083333333334,89,479,111
-23.203126907348633,0.15641476274165203,0.445,0.23146944083224966,89,480,111
-23.235837936401367,0.156140350877193,0.445,0.2311688311688312,89,481,111
-23.25871467590332,0.15586690017513136,0.445,0.23086900129701687,89,482,111
-23.302400588989258,0.1555944055944056,0.445,0.2305699481865285,89,483,111
-23.379716873168945,0.15532286212914484,0.445,0.23027166882276842,89,484,111
-23.382030487060547,0.15505226480836237,0.445,0.22997416020671835,89,485,111
-23.390453338623047,0.15478260869565216,0.445,0.22967741935483868,89,486,111
-23.40559196472168,0.1545138888888889,0.445,0.2293814432989691,89,487,111
-23.459985733032227,0.15424610051993068,0.445,0.2290862290862291,89,488,111
-23.532583236694336,0.15397923875432526,0.445,0.22879177377892032,89,489,111
-23.68212890625,0.153713298791019,0.445,0.22849807445442877,89,490,111
-23.791391372680664,0.15517241379310345,0.45,0.23076923076923075,90,490,110
-23.853981018066406,0.1549053356282272,0.45,0.23047375160051217,90,491,110
-23.913982391357422,0.15463917525773196,0.45,0.23017902813299232,90,492,110
-24.01227569580078,0.15608919382504288,0.455,0.23243933588761176,91,492,109
-24.310382843017578,0.1558219178082192,0.455,0.23214285714285715,91,493,109
-24.348661422729492,0.15555555555555556,0.455,0.23184713375796182,91,494,109
-24.414472579956055,0.1552901023890785,0.455,0.23155216284987276,91,495,109
-24.42938995361328,0.15502555366269166,0.455,0.23125794155019058,91,496,109
-24.475196838378906,0.15476190476190477,0.455,0.23096446700507617,91,497,109
-24.572675704956055,0.15449915110356535,0.455,0.23067173637515842,91,498,109
-24.607694625854492,0.15423728813559323,0.455,0.23037974683544307,91,499,109
-24.87644386291504,0.15397631133671744,0.455,0.23008849557522124,91,500,109
-24.90111541748047,0.15371621621621623,0.455,0.22979797979797978,91,501,109
-24.905723571777344,0.15345699831365936,0.455,0.22950819672131148,91,502,109
-25.02322769165039,0.1531986531986532,0.455,0.22921914357682618,91,503,109
-25.06450653076172,0.1546218487394958,0.46,0.23144654088050315,92,503,108
-25.126039505004883,0.15604026845637584,0.465,0.23366834170854275,93,503,107
-25.189720153808594,0.15577889447236182,0.465,0.23337515683814306,93,504,107
-25.191421508789062,0.15551839464882944,0.465,0.2330827067669173,93,505,107
-25.324535369873047,0.15525876460767946,0.465,0.23279098873591988,93,506,107
-25.32850456237793,0.155,0.465,0.2325,93,507,107
-25.39981460571289,0.15474209650582363,0.465,0.23220973782771537,93,508,107
-25.421371459960938,0.15448504983388706,0.465,0.2319201995012469,93,509,107
-25.554210662841797,0.15422885572139303,0.465,0.2316313823163138,93,510,107
-25.62747573852539,0.15562913907284767,0.47,0.23383084577114424,94,510,106
-25.732385635375977,0.15537190082644628,0.47,0.23354037267080746,94,511,106
-25.901077270507812,0.1551155115511551,0.47,0.23325062034739452,94,512,106
-25.947229385375977,0.15485996705107083,0.47,0.2329615861214374,94,513,106
-26.184646606445312,0.15460526315789475,0.47,0.2326732673267327,94,514,106
-26.208765029907227,0.15435139573070608,0.47,0.23238566131025956,94,515,106
-26.22441864013672,0.1540983606557377,0.47,0.23209876543209876,94,516,106
-26.289159774780273,0.15384615384615385,0.47,0.23181257706535144,94,517,106
-26.28921127319336,0.15359477124183007,0.47,0.23152709359605914,94,518,106
-26.42404556274414,0.1533442088091354,0.47,0.23124231242312424,94,519,106
-26.481916427612305,0.15309446254071662,0.47,0.23095823095823095,94,520,106
-26.931669235229492,0.15284552845528454,0.47,0.23067484662576684,94,521,106
-26.98981475830078,0.1525974025974026,0.47,0.23039215686274508,94,522,106
-27.01298713684082,0.15235008103727715,0.47,0.2301101591187271,94,523,106
-27.131576538085938,0.15210355987055016,0.47,0.22982885085574575,94,524,106
-27.276418685913086,0.1518578352180937,0.47,0.22954822954822954,94,525,106
-27.805910110473633,0.15161290322580645,0.47,0.2292682926829268,94,526,106
-28.011459350585938,0.1529790660225443,0.475,0.23142509135200975,95,526,105
-28.188190460205078,0.1527331189710611,0.475,0.23114355231143552,95,527,105
-28.88492774963379,0.15248796147672553,0.475,0.2308626974483597,95,528,105
-29.15308380126953,0.15224358974358973,0.475,0.23058252427184464,95,529,105
-29.157787322998047,0.152,0.475,0.23030303030303031,95,530,105
-29.406635284423828,0.15175718849840256,0.475,0.23002421307506052,95,531,105
-29.530725479125977,0.15311004784688995,0.48,0.23216444981862147,96,531,104
-29.68750762939453,0.15286624203821655,0.48,0.2318840579710145,96,532,104
-29.73285675048828,0.15262321144674085,0.48,0.23160434258142337,96,533,104
-29.82386016845703,0.1523809523809524,0.48,0.23132530120481928,96,534,104
-30.302841186523438,0.15213946117274169,0.48,0.23104693140794222,96,535,104
-31.154193878173828,0.1518987341772152,0.48,0.23076923076923078,96,536,104
-31.480932235717773,0.15165876777251186,0.48,0.23049219687875153,96,537,104
-31.696853637695312,0.1529968454258675,0.485,0.23261390887290165,97,537,103
-31.71542739868164,0.15275590551181104,0.485,0.23233532934131734,97,538,103
-32.01274871826172,0.15251572327044025,0.485,0.23205741626794257,97,539,103
-32.130882263183594,0.152276295133438,0.485,0.23178016726403822,97,540,103
-32.3289680480957,0.15203761755485892,0.485,0.23150357995226728,97,541,103
-32.38288497924805,0.15179968701095461,0.485,0.23122765196662695,97,542,103
-32.383460998535156,0.1515625,0.485,0.23095238095238096,97,543,103
-32.67227554321289,0.15132605304212168,0.485,0.2306777645659929,97,544,103
-32.8255500793457,0.15109034267912771,0.485,0.23040380047505937,97,545,103
-32.82920455932617,0.15085536547433903,0.485,0.23013048635824432,97,546,103
-32.83770751953125,0.15062111801242237,0.485,0.22985781990521326,97,547,103
-32.979156494140625,0.15038759689922482,0.485,0.22958579881656802,97,548,103
-33.21306610107422,0.15015479876160992,0.485,0.2293144208037825,97,549,103
-33.3674201965332,0.14992272024729522,0.485,0.22904368358913813,97,550,103
-33.39752197265625,0.14969135802469136,0.485,0.22877358490566038,97,551,103
-33.406192779541016,0.14946070878274267,0.485,0.22850412249705535,97,552,103
-33.482688903808594,0.14923076923076922,0.485,0.2282352941176471,97,553,103
-33.507713317871094,0.1490015360983103,0.485,0.22796709753231492,97,554,103
-33.76139831542969,0.14877300613496933,0.485,0.2276995305164319,97,555,103
-33.78286361694336,0.14854517611026033,0.485,0.22743259085580303,97,556,103
-33.813167572021484,0.14831804281345565,0.485,0.22716627634660422,97,557,103
-33.91374969482422,0.1480916030534351,0.485,0.22690058479532166,97,558,103
-33.92121124267578,0.14786585365853658,0.485,0.22663551401869161,97,559,103
-33.940425872802734,0.1476407914764079,0.485,0.22637106184364061,97,560,103
-34.01670837402344,0.1474164133738602,0.485,0.22610722610722614,97,561,103
-34.029048919677734,0.1471927162367223,0.485,0.22584400465657745,97,562,103
-34.064693450927734,0.14696969696969697,0.485,0.2255813953488372,97,563,103
-34.07436752319336,0.14674735249621784,0.485,0.22531939605110335,97,564,103
-34.0938606262207,0.14652567975830816,0.485,0.2250580046403712,97,565,103
-34.119956970214844,0.14630467571644043,0.485,0.2247972190034762,97,566,103
-34.120750427246094,0.1460843373493976,0.485,0.22453703703703706,97,567,103
-34.1731071472168,0.14586466165413534,0.485,0.22427745664739884,97,568,103
-34.20756530761719,0.14564564564564564,0.485,0.22401847575057734,97,569,103
-34.20802307128906,0.1454272863568216,0.485,0.22376009227220303,97,570,103
-34.21051025390625,0.14520958083832336,0.485,0.22350230414746544,97,571,103
-34.227298736572266,0.14499252615844543,0.485,0.22324510932105868,97,572,103
-34.237613677978516,0.14477611940298507,0.485,0.22298850574712645,97,573,103
-34.2513313293457,0.14456035767511177,0.485,0.2227324913892078,97,574,103
-34.27364730834961,0.14434523809523808,0.485,0.22247706422018348,97,575,103
-34.318824768066406,0.14413075780089152,0.485,0.2222222222222222,97,576,103
-34.326934814453125,0.14391691394658754,0.485,0.2219679633867277,97,577,103
-34.36027908325195,0.1437037037037037,0.485,0.2217142857142857,97,578,103
-34.3625602722168,0.14349112426035504,0.485,0.2214611872146119,97,579,103
-34.423118591308594,0.1432791728212703,0.485,0.22120866590649943,97,580,103
-34.49321746826172,0.1430678466076696,0.485,0.22095671981776766,97,581,103
-34.52855682373047,0.14285714285714285,0.485,0.22070534698521044,97,582,103
-34.537628173828125,0.1426470588235294,0.485,0.2204545454545454,97,583,103
-34.53958511352539,0.14243759177679882,0.485,0.22020431328036322,97,584,103
-34.547576904296875,0.14222873900293256,0.485,0.21995464852607713,97,585,103
-34.59783935546875,0.14202049780380674,0.485,0.21970554926387317,97,586,103
-34.6171989440918,0.14181286549707603,0.485,0.21945701357466063,97,587,103
-34.673606872558594,0.1416058394160584,0.485,0.2192090395480226,97,588,103
-34.72551727294922,0.141399416909621,0.485,0.21896162528216703,97,589,103
-34.736961364746094,0.14119359534206696,0.485,0.21871476888387825,97,590,103
-34.782493591308594,0.14098837209302326,0.485,0.21846846846846846,97,591,103
-34.788063049316406,0.14078374455732948,0.485,0.21822272215973007,97,592,103
-34.78957748413086,0.14057971014492754,0.485,0.21797752808988763,97,593,103
-34.79188919067383,0.14037626628075253,0.485,0.21773288439955107,97,594,103
-34.81025314331055,0.14017341040462428,0.485,0.21748878923766818,97,595,103
-34.82216262817383,0.13997113997113997,0.485,0.21724524076147816,97,596,103
-34.84238815307617,0.13976945244956773,0.485,0.21700223713646535,97,597,103
-34.85533142089844,0.13956834532374102,0.485,0.2167597765363129,97,598,103
-34.916290283203125,0.13936781609195403,0.485,0.21651785714285718,97,599,103
-34.94120788574219,0.13916786226685796,0.485,0.21627647714604234,97,600,103
-34.945960998535156,0.13896848137535817,0.485,0.2160356347438753,97,601,103
-34.946266174316406,0.13876967095851217,0.485,0.21579532814238045,97,602,103
-34.947601318359375,0.13857142857142857,0.485,0.21555555555555556,97,603,103
-34.95867919921875,0.1383737517831669,0.485,0.2153163152053274,97,604,103
-34.96240997314453,0.13817663817663817,0.485,0.21507760532150774,97,605,103
-34.97956085205078,0.1379800853485064,0.485,0.21483942414174972,97,606,103
-34.98436737060547,0.1377840909090909,0.485,0.2146017699115044,97,607,103
-34.99919509887695,0.1375886524822695,0.485,0.2143646408839779,97,608,103
-35.00929260253906,0.13739376770538245,0.485,0.2141280353200883,97,609,103
-35.016170501708984,0.1371994342291372,0.485,0.21389195148842335,97,610,103
-35.02965545654297,0.1370056497175141,0.485,0.2136563876651982,97,611,103
-35.050994873046875,0.1368124118476728,0.485,0.21342134213421343,97,612,103
-35.07563781738281,0.13661971830985917,0.485,0.21318681318681318,97,613,103
-35.085548400878906,0.13642756680731363,0.485,0.21295279912184412,97,614,103
-35.08761978149414,0.13623595505617977,0.485,0.21271929824561403,97,615,103
-35.1087646484375,0.13604488078541374,0.485,0.21248630887185102,97,616,103
-35.12923812866211,0.13585434173669467,0.485,0.21225382932166303,97,617,103
-35.14421081542969,0.13566433566433567,0.485,0.2120218579234973,97,618,103
-35.19473648071289,0.13547486033519554,0.485,0.21179039301310043,97,619,103
-35.21099853515625,0.13528591352859135,0.485,0.21155943293347873,97,620,103
-35.213741302490234,0.13509749303621169,0.485,0.2113289760348584,97,621,103
-35.22208023071289,0.1349095966620306,0.485,0.21109902067464634,97,622,103
-35.22745895385742,0.13472222222222222,0.485,0.2108695652173913,97,623,103
-35.23906326293945,0.13453536754507628,0.485,0.21064060803474483,97,624,103
-35.243316650390625,0.13434903047091412,0.485,0.21041214750542298,97,625,103
-35.247154235839844,0.13416320885200553,0.485,0.21018418201516795,97,626,103
-35.26171112060547,0.13397790055248618,0.485,0.20995670995670995,97,627,103
-35.263641357421875,0.13379310344827586,0.485,0.20972972972972972,97,628,103
-35.27415466308594,0.13360881542699724,0.485,0.20950323974082075,97,629,103
-35.27450942993164,0.13342503438789546,0.485,0.20927723840345203,97,630,103
-35.2857780456543,0.13324175824175824,0.485,0.20905172413793105,97,631,103
-35.28586196899414,0.13305898491083676,0.485,0.20882669537136705,97,632,103
-35.289085388183594,0.13287671232876713,0.485,0.2086021505376344,97,633,103
-35.32394027709961,0.1326949384404925,0.485,0.20837808807733618,97,634,103
-35.3398323059082,0.1325136612021858,0.485,0.20815450643776823,97,635,103
-35.34565734863281,0.13233287858117326,0.485,0.20793140407288319,97,636,103
-35.351661682128906,0.13215258855585832,0.485,0.2077087794432548,97,637,103
-35.37246322631836,0.13197278911564625,0.485,0.20748663101604276,97,638,103
-35.37310028076172,0.13179347826086957,0.485,0.2072649572649573,97,639,103
-35.373374938964844,0.13161465400271372,0.485,0.2070437566702241,97,640,103
-35.37815475463867,0.13143631436314362,0.485,0.2068230277185501,97,641,103
-35.400634765625,0.13125845737483086,0.485,0.20660276890308837,97,642,103
-35.409358978271484,0.13108108108108107,0.485,0.20638297872340425,97,643,103
-35.42885208129883,0.13090418353576247,0.485,0.20616365568544098,97,644,103
-35.43281173706055,0.1307277628032345,0.485,0.2059447983014862,97,645,103
-35.433963775634766,0.13055181695827725,0.485,0.20572640509013787,97,646,103
-35.434051513671875,0.1303763440860215,0.485,0.2055084745762712,97,647,103
-35.43695068359375,0.13020134228187918,0.485,0.2052910052910053,97,648,103
-35.439613342285156,0.13002680965147453,0.485,0.2050739957716702,97,649,103
-35.44034957885742,0.12985274431057564,0.485,0.20485744456177404,97,650,103
-35.441368103027344,0.12967914438502673,0.485,0.20464135021097044,97,651,103
-35.451812744140625,0.1295060080106809,0.485,0.20442571127502637,97,652,103
-35.464149475097656,0.12933333333333333,0.485,0.20421052631578948,97,653,103
-35.470184326171875,0.12916111850865514,0.485,0.20399579390115669,97,654,103
-35.471771240234375,0.12898936170212766,0.485,0.203781512605042,97,655,103
-35.47871017456055,0.12881806108897742,0.485,0.20356768100734524,97,656,103
-35.51541519165039,0.1286472148541114,0.485,0.2033542976939203,97,657,103
-35.534461975097656,0.12847682119205298,0.485,0.2031413612565445,97,658,103
-35.540164947509766,0.1283068783068783,0.485,0.20292887029288706,97,659,103
-35.54225540161133,0.12813738441215325,0.485,0.2027168234064786,97,660,103
-35.54250717163086,0.1279683377308707,0.485,0.2025052192066806,97,661,103
-35.55447769165039,0.12779973649538867,0.485,0.20229405630865485,97,662,103
-35.5565299987793,0.12763157894736843,0.485,0.20208333333333334,97,663,103
-35.56059265136719,0.12746386333771353,0.485,0.20187304890738814,97,664,103
-35.57181930541992,0.1272965879265092,0.485,0.20166320166320167,97,665,103
-35.572113037109375,0.127129750982962,0.485,0.20145379023883697,97,666,103
-35.578582763671875,0.12696335078534032,0.485,0.20124481327800828,97,667,103
-35.58020782470703,0.12679738562091503,0.485,0.20103626943005182,97,668,103
-35.586124420166016,0.12663185378590078,0.485,0.20082815734989645,97,669,103
-35.58815383911133,0.12646675358539766,0.485,0.20062047569803515,97,670,103
-35.59092712402344,0.12630208333333334,0.485,0.20041322314049587,97,671,103
-35.601200103759766,0.12613784135240572,0.485,0.2002063983488132,97,672,103
-35.6037483215332,0.12597402597402596,0.485,0.19999999999999998,97,673,103
-35.608428955078125,0.125810635538262,0.485,0.19979402677651906,97,674,103
-35.6132926940918,0.12564766839378239,0.485,0.19958847736625515,97,675,103
-35.61601257324219,0.12548512289780078,0.485,0.19938335046248715,97,676,103
-35.616634368896484,0.12532299741602068,0.485,0.19917864476386035,97,677,103
-35.62220764160156,0.12516129032258064,0.485,0.19897435897435897,97,678,103
-35.63429260253906,0.125,0.485,0.1987704918032787,97,679,103
-35.63490295410156,0.12483912483912483,0.485,0.1985670419651996,97,680,103
-35.638431549072266,0.12467866323907455,0.485,0.1983640081799591,97,681,103
-35.647377014160156,0.1245186136071887,0.485,0.1981613891726251,97,682,103
-35.65245819091797,0.12435897435897436,0.485,0.1979591836734694,97,683,103
-35.65491485595703,0.12419974391805377,0.485,0.19775739041794088,97,684,103
-35.65734100341797,0.12404092071611253,0.485,0.19755600814663954,97,685,103
-35.663612365722656,0.12388250319284802,0.485,0.19735503560528994,97,686,103
-35.682533264160156,0.12372448979591837,0.485,0.19715447154471544,97,687,103
-35.68745803833008,0.12356687898089172,0.485,0.1969543147208122,97,688,103
-35.68802261352539,0.12340966921119594,0.485,0.19675456389452334,97,689,103
-35.691749572753906,0.12325285895806862,0.485,0.1965552178318136,97,690,103
-35.695518493652344,0.12309644670050761,0.485,0.19635627530364372,97,691,103
-35.69599914550781,0.1229404309252218,0.485,0.19615773508594542,97,692,103
-35.70094680786133,0.12278481012658228,0.485,0.19595959595959597,97,693,103
-35.703369140625,0.12262958280657396,0.485,0.19576185671039356,97,694,103
-35.709815979003906,0.12247474747474747,0.485,0.19556451612903225,97,695,103
-35.722320556640625,0.1223203026481715,0.485,0.19536757301107752,97,696,103
-35.7236442565918,0.12216624685138538,0.485,0.19517102615694162,97,697,103
-35.727149963378906,0.1220125786163522,0.485,0.1949748743718593,97,698,103
-35.73482894897461,0.12185929648241206,0.485,0.19477911646586346,97,699,103
-35.735172271728516,0.12170639899623588,0.485,0.19458375125376126,97,700,103
-35.73917007446289,0.12155388471177944,0.485,0.19438877755511022,97,701,103
-35.74541091918945,0.1214017521902378,0.485,0.19419419419419418,97,702,103
-35.74810791015625,0.12125,0.485,0.194,97,703,103
-35.74925231933594,0.12109862671660425,0.485,0.19380619380619382,97,704,103
-35.751670837402344,0.12094763092269327,0.485,0.19361277445109784,97,705,103
-35.75224685668945,0.12079701120797011,0.485,0.193419740777667,97,706,103
-35.7536735534668,0.12064676616915423,0.485,0.19322709163346613,97,707,103
-35.77174758911133,0.12049689440993788,0.485,0.19303482587064674,97,708,103
-35.78609848022461,0.12034739454094293,0.485,0.19284294234592445,97,709,103
-35.8011474609375,0.12019826517967781,0.485,0.1926514399205561,97,710,103
-35.8013916015625,0.12004950495049505,0.485,0.19246031746031744,97,711,103
-35.81312561035156,0.11990111248454882,0.485,0.19226957383548066,97,712,103
-35.81377410888672,0.11975308641975309,0.485,0.19207920792079208,97,713,103
-35.822723388671875,0.11960542540073983,0.485,0.19188921859545005,97,714,103
-35.834815979003906,0.11945812807881774,0.485,0.191699604743083,97,715,103
-35.845481872558594,0.11931119311193111,0.485,0.19151036525172752,97,716,103
-35.85066223144531,0.11916461916461916,0.485,0.19132149901380668,97,717,103
-35.873172760009766,0.11901840490797547,0.485,0.19113300492610838,97,718,103
-35.874061584472656,0.11887254901960784,0.485,0.19094488188976377,97,719,103
-35.882747650146484,0.11872705018359853,0.485,0.19075712881022616,97,720,103
-35.88487243652344,0.11858190709046455,0.485,0.1905697445972495,97,721,103
-35.88570022583008,0.11843711843711843,0.485,0.1903827281648675,97,722,103
-35.88571548461914,0.11829268292682926,0.485,0.19019607843137254,97,723,103
-35.88580322265625,0.11814859926918392,0.485,0.19000979431929482,97,724,103
-35.892982482910156,0.11800486618004866,0.485,0.1898238747553816,97,725,103
-35.8966178894043,0.11786148238153099,0.485,0.18963831867057673,97,726,103
-35.90271759033203,0.11771844660194175,0.485,0.189453125,97,727,103
-35.911502838134766,0.11757575757575757,0.485,0.18926829268292683,97,728,103
-35.9243049621582,0.11743341404358354,0.485,0.18908382066276802,97,729,103
-35.94440460205078,0.11729141475211609,0.485,0.18889970788704966,97,730,103
-35.94747543334961,0.11714975845410629,0.485,0.18871595330739302,97,731,103
-35.95262908935547,0.11700844390832328,0.485,0.18853255587949463,97,732,103
-35.953372955322266,0.11686746987951807,0.485,0.18834951456310678,97,733,103
-35.960323333740234,0.11672683513838748,0.485,0.18816682832201748,97,734,103
-35.96642303466797,0.11658653846153846,0.485,0.187984496124031,97,735,103
-35.969844818115234,0.11644657863145258,0.485,0.18780251694094868,97,736,103
-35.970123291015625,0.11630695443645084,0.485,0.1876208897485493,97,737,103
-35.97333526611328,0.11616766467065869,0.485,0.18743961352657007,97,738,103
-35.9788818359375,0.11602870813397129,0.485,0.18725868725868727,97,739,103
-35.98109817504883,0.11589008363201912,0.485,0.1870781099324976,97,740,103
-35.9865608215332,0.11575178997613365,0.485,0.18689788053949905,97,741,103
-36.00795364379883,0.11561382598331346,0.485,0.18671799807507217,97,742,103
-36.01018524169922,0.11547619047619048,0.485,0.18653846153846154,97,743,103
-36.01944351196289,0.11533888228299644,0.485,0.18635926993275695,97,744,103
-36.03107452392578,0.11520190023752969,0.485,0.18618042226487524,97,745,103
-36.03223419189453,0.11506524317912219,0.485,0.1860019175455417,97,746,103
-36.06704330444336,0.11492890995260663,0.485,0.18582375478927202,97,747,103
-36.07003402709961,0.11479289940828402,0.485,0.1856459330143541,97,748,103
-36.07157516479492,0.11465721040189125,0.485,0.18546845124282982,97,749,103
-36.071922302246094,0.11452184179456906,0.485,0.18529130850047756,97,750,103
-36.07244110107422,0.11438679245283019,0.485,0.18511450381679387,97,751,103
-36.07317352294922,0.11425206124852769,0.485,0.18493803622497615,97,752,103
-36.08380889892578,0.11411764705882353,0.485,0.18476190476190474,97,753,103
-36.09017562866211,0.11398354876615746,0.485,0.1845861084681256,97,754,103
-36.094139099121094,0.11384976525821597,0.485,0.1844106463878327,97,755,103
-36.09579086303711,0.11371629542790153,0.485,0.18423551756885093,97,756,103
-36.10166549682617,0.11358313817330211,0.485,0.1840607210626186,97,757,103
-36.11677169799805,0.11345029239766082,0.485,0.18388625592417063,97,758,103
-36.11750030517578,0.1133177570093458,0.485,0.18371212121212122,97,759,103
-36.11885452270508,0.11318553092182031,0.485,0.18353831598864714,97,760,103
-36.12310791015625,0.11305361305361306,0.485,0.1833648393194707,97,761,103
-36.132102966308594,0.11292200232828871,0.485,0.18319169027384322,97,762,103
-36.13594436645508,0.1127906976744186,0.485,0.1830188679245283,97,763,103
-36.13776779174805,0.11265969802555169,0.485,0.1828463713477851,97,764,103
-36.14082336425781,0.11252900232018562,0.485,0.18267419962335218,97,765,103
-36.14617156982422,0.11239860950173812,0.485,0.18250235183443086,97,766,103
-36.15458679199219,0.11226851851851852,0.485,0.18233082706766918,97,767,103
-36.163307189941406,0.11213872832369942,0.485,0.18215962441314554,97,768,103
-36.16611099243164,0.11200923787528869,0.485,0.18198874296435272,97,769,103
-36.16779708862305,0.1118800461361015,0.485,0.18181818181818182,97,770,103
-36.1705322265625,0.11175115207373272,0.485,0.18164794007490634,97,771,103
-36.170860290527344,0.11162255466052934,0.485,0.1814780168381665,97,772,103
-36.17506408691406,0.11149425287356322,0.485,0.1813084112149533,97,773,103
-36.184814453125,0.1113662456946039,0.485,0.1811391223155929,97,774,103
-36.18506622314453,0.11123853211009174,0.485,0.18097014925373137,97,775,103
-36.187232971191406,0.1111111111111111,0.485,0.18080149114631874,97,776,103
-36.188568115234375,0.11098398169336385,0.485,0.18063314711359404,97,777,103
-36.193939208984375,0.11085714285714286,0.485,0.18046511627906978,97,778,103
-36.194644927978516,0.11073059360730593,0.485,0.1802973977695167,97,779,103
-36.2018928527832,0.11060433295324971,0.485,0.18012999071494892,97,780,103
-36.203636169433594,0.11047835990888383,0.485,0.17996289424860853,97,781,103
-36.20491409301758,0.11035267349260523,0.485,0.17979610750695088,97,782,103
-36.20923614501953,0.11022727272727273,0.485,0.1796296296296296,97,783,103
-36.21049499511719,0.11010215664018161,0.485,0.17946345975948194,97,784,103
-36.21343994140625,0.10997732426303855,0.485,0.17929759704251388,97,785,103
-36.21636962890625,0.10985277463193659,0.485,0.17913204062788554,97,786,103
-36.21781539916992,0.10972850678733032,0.485,0.1789667896678967,97,787,103
-36.21847915649414,0.1096045197740113,0.485,0.17880184331797233,97,788,103
-36.223541259765625,0.10948081264108352,0.485,0.1786372007366482,97,789,103
-36.22981262207031,0.10935738444193913,0.485,0.1784728610855566,97,790,103
-36.234413146972656,0.10923423423423423,0.485,0.17830882352941177,97,791,103
-36.234825134277344,0.10911136107986502,0.485,0.17814508723599634,97,792,103
-36.243682861328125,0.10898876404494381,0.485,0.17798165137614677,97,793,103
-36.246192932128906,0.10886644219977554,0.485,0.17781851512373972,97,794,103
-36.25326156616211,0.10874439461883408,0.485,0.17765567765567764,97,795,103
-36.2532958984375,0.10862262038073908,0.485,0.17749313815187556,97,796,103
-36.253639221191406,0.10850111856823266,0.485,0.1773308957952468,97,797,103
-36.2558708190918,0.10837988826815642,0.485,0.17716894977168948,97,798,103
-36.26002883911133,0.10825892857142858,0.485,0.177007299270073,97,799,103
-36.278785705566406,0.10813823857302118,0.485,0.17684594348222424,97,800,103
-36.29658126831055,0.10801781737193764,0.485,0.1766848816029144,97,801,103
-36.298072814941406,0.10789766407119021,0.485,0.17652411282984531,97,802,103
-36.31336212158203,0.10777777777777778,0.485,0.17636363636363636,97,803,103
-36.31690216064453,0.1076581576026637,0.485,0.17620345140781107,97,804,103
-36.32744598388672,0.10753880266075388,0.485,0.17604355716878403,97,805,103
-36.32793045043945,0.10741971207087486,0.485,0.1758839528558477,97,806,103
-36.330108642578125,0.10730088495575221,0.485,0.17572463768115942,97,807,103
-36.34014892578125,0.10718232044198896,0.485,0.17556561085972852,97,808,103
-36.345455169677734,0.10706401766004416,0.485,0.17540687160940327,97,809,103
-36.3474235534668,0.10694597574421169,0.485,0.17524841915085818,97,810,103
-36.350669860839844,0.10682819383259912,0.485,0.17509025270758122,97,811,103
-36.360107421875,0.10671067106710672,0.485,0.17493237150586113,97,812,103
-36.371620178222656,0.10659340659340659,0.485,0.17477477477477477,97,813,103
-36.3741340637207,0.10647639956092206,0.485,0.17461746174617462,97,814,103
-36.375938415527344,0.10635964912280702,0.485,0.17446043165467623,97,815,103
-36.378536224365234,0.10624315443592552,0.485,0.174303683737646,97,816,103
-36.38414001464844,0.1061269146608315,0.485,0.1741472172351885,97,817,103
-36.40925598144531,0.10601092896174863,0.485,0.1739910313901345,97,818,103
-36.41147994995117,0.10589519650655022,0.485,0.17383512544802868,97,819,103
-36.41590118408203,0.10577971646673937,0.485,0.1736794986571173,97,820,103
-36.42140197753906,0.1056644880174292,0.485,0.1735241502683363,97,821,103
-36.42374038696289,0.10554951033732318,0.485,0.17336907953529937,97,822,103
-36.429203033447266,0.10543478260869565,0.485,0.17321428571428574,97,823,103
-36.42947769165039,0.10532030401737243,0.485,0.17305976806422838,97,824,103
-36.436302185058594,0.1052060737527115,0.485,0.17290552584670232,97,825,103
-36.45156478881836,0.10509209100758396,0.485,0.1727515583259127,97,826,103
-36.47900390625,0.10497835497835498,0.485,0.17259786476868327,97,827,103
-36.47917938232422,0.10486486486486486,0.485,0.17244444444444443,97,828,103
-36.493858337402344,0.10475161987041037,0.485,0.17229129662522205,97,829,103
-36.49408721923828,0.104638619201726,0.485,0.17213842058562556,97,830,103
-36.49542236328125,0.10452586206896551,0.485,0.17198581560283688,97,831,103
-36.511539459228516,0.10441334768568353,0.485,0.17183348095659876,97,832,103
-36.511940002441406,0.1043010752688172,0.485,0.17168141592920355,97,833,103
-36.52277374267578,0.1041890440386681,0.485,0.1715296198054819,97,834,103
-36.53070068359375,0.10407725321888411,0.485,0.1713780918727915,97,835,103
-36.536441802978516,0.10396570203644159,0.485,0.17122683142100617,97,836,103
-36.536861419677734,0.10385438972162742,0.485,0.1710758377425044,97,837,103
-36.53701400756836,0.10374331550802139,0.485,0.17092511013215858,97,838,103
-36.545345306396484,0.10363247863247864,0.485,0.17077464788732397,97,839,103
-36.562904357910156,0.10352187833511206,0.485,0.17062445030782764,97,840,103
-36.56312561035156,0.10341151385927505,0.485,0.1704745166959578,97,841,103
-36.56332778930664,0.1033013844515442,0.485,0.17032484635645304,97,842,103
-36.575504302978516,0.10319148936170212,0.485,0.17017543859649123,97,843,103
-36.58001708984375,0.1030818278427205,0.485,0.17002629272567923,97,844,103
-36.58207702636719,0.1029723991507431,0.485,0.16987740805604204,97,845,103
-36.58279800415039,0.10286320254506894,0.485,0.16972878390201224,97,846,103
-36.583168029785156,0.1027542372881356,0.485,0.16958041958041958,97,847,103
-36.58460235595703,0.10264550264550265,0.485,0.16943231441048034,97,848,103
-36.59334182739258,0.10253699788583509,0.485,0.16928446771378705,97,849,103
-36.593841552734375,0.10242872228088701,0.485,0.16913687881429817,97,850,103
-36.59553909301758,0.10232067510548523,0.485,0.16898954703832753,97,851,103
-36.59827423095703,0.10221285563751317,0.485,0.1688424717145344,97,852,103
-36.604644775390625,0.10210526315789474,0.485,0.16869565217391305,97,853,103
-36.61568069458008,0.10199789695057834,0.485,0.16854908774978278,97,854,103
-36.62248992919922,0.10189075630252101,0.485,0.1684027777777778,97,855,103
-36.63024139404297,0.10178384050367262,0.485,0.16825672159583693,97,856,103
-36.63447570800781,0.10167714884696016,0.485,0.16811091854419408,97,857,103
-36.63770294189453,0.10157068062827225,0.485,0.16796536796536798,97,858,103
-36.64555358886719,0.10146443514644352,0.485,0.16782006920415224,97,859,103
-36.65741729736328,0.1013584117032393,0.485,0.16767502160760586,97,860,103
-36.65871047973633,0.10125260960334029,0.485,0.16753022452504318,97,861,103
-36.66331481933594,0.10114702815432743,0.485,0.16738567730802417,97,862,103
-36.66425323486328,0.10104166666666667,0.485,0.16724137931034483,97,863,103
-36.666446685791016,0.10093652445369407,0.485,0.16709732988802758,97,864,103
-36.680091857910156,0.10083160083160084,0.485,0.16695352839931155,97,865,103
-36.6833381652832,0.10072689511941849,0.485,0.1668099742046432,97,866,103
-36.689361572265625,0.10062240663900415,0.485,0.16666666666666669,97,867,103
-36.69253921508789,0.10051813471502591,0.485,0.16652360515021458,97,868,103
-36.69342803955078,0.10041407867494824,0.485,0.16638078902229844,97,869,103
-36.6934814453125,0.10031023784901758,0.485,0.1662382176520994,97,870,103
-36.69642639160156,0.10020661157024793,0.485,0.1660958904109589,97,871,103
-36.70012283325195,0.1001031991744066,0.485,0.16595380667236956,97,872,103
-36.70094299316406,0.1,0.485,0.16581196581196583,97,873,103
-36.71104049682617,0.09989701338825953,0.485,0.16567036720751493,97,874,103
-36.711761474609375,0.09979423868312758,0.485,0.16552901023890787,97,875,103
-36.71196746826172,0.09969167523124357,0.485,0.16538789428815004,97,876,103
-36.72409439086914,0.09958932238193019,0.485,0.16524701873935263,97,877,103
-36.72577667236328,0.09948717948717949,0.485,0.1651063829787234,97,878,103
-36.72605514526367,0.09938524590163934,0.485,0.16496598639455784,97,879,103
-36.7277717590332,0.0992835209825998,0.485,0.16482582837723023,97,880,103
-36.73497772216797,0.09918200408997956,0.485,0.16468590831918506,97,881,103
-36.74311828613281,0.09908069458631256,0.485,0.16454622561492793,97,882,103
-36.744476318359375,0.09897959183673469,0.485,0.16440677966101694,97,883,103
-36.75958251953125,0.09887869520897044,0.485,0.1642675698560542,97,884,103
-36.76425552368164,0.09877800407331976,0.485,0.16412859560067683,97,885,103
-36.76608657836914,0.09867751780264497,0.485,0.16398985629754861,97,886,103
-36.7725830078125,0.09857723577235772,0.485,0.16385135135135137,97,887,103
-36.775630950927734,0.09847715736040609,0.485,0.16371308016877636,97,888,103
-36.778411865234375,0.09837728194726167,0.485,0.163575042158516,97,889,103
-36.78205871582031,0.09827760891590678,0.485,0.16343723673125526,97,890,103
-36.785186767578125,0.09817813765182186,0.485,0.1632996632996633,97,891,103
-36.78669738769531,0.0980788675429727,0.485,0.1631623212783852,97,892,103
-36.79599380493164,0.09797979797979799,0.485,0.16302521008403364,97,893,103
-36.79621887207031,0.09788092835519677,0.485,0.1628883291351805,97,894,103
-36.800048828125,0.09778225806451613,0.485,0.162751677852349,97,895,103
-36.805885314941406,0.09768378650553877,0.485,0.16261525565800503,97,896,103
-36.8141975402832,0.09758551307847083,0.485,0.1624790619765494,97,897,103
-36.8160400390625,0.09748743718592964,0.485,0.1623430962343096,97,898,103
-36.81679153442383,0.09738955823293173,0.485,0.16220735785953178,97,899,103
-36.819313049316406,0.09729187562688064,0.485,0.1620718462823726,97,900,103
-36.82162857055664,0.09719438877755511,0.485,0.16193656093489148,97,901,103
-36.82509994506836,0.0970970970970971,0.485,0.16180150125104253,97,902,103
-36.83047866821289,0.097,0.485,0.16166666666666668,97,903,103
-36.83146667480469,0.0969030969030969,0.485,0.16153205661948372,97,904,103
-36.832305908203125,0.0968063872255489,0.485,0.16139767054908485,97,905,103
-36.835819244384766,0.0967098703888335,0.485,0.16126350789692434,97,906,103
-36.83903121948242,0.09661354581673307,0.485,0.1611295681063123,97,907,103
-36.84231948852539,0.09651741293532339,0.485,0.16099585062240665,97,908,103
-36.84727478027344,0.09642147117296222,0.485,0.16086235489220563,97,909,103
-36.85076141357422,0.09632571996027806,0.485,0.16072908036454017,97,910,103
-36.85082244873047,0.09623015873015874,0.485,0.1605960264900662,97,911,103
-36.856571197509766,0.09613478691774034,0.485,0.16046319272125725,97,912,103
-36.86090850830078,0.09603960396039604,0.485,0.1603305785123967,97,913,103
-36.863800048828125,0.09594460929772503,0.485,0.1601981833195706,97,914,103
-36.86794662475586,0.0958498023715415,0.485,0.16006600660066006,97,915,103
-36.88254928588867,0.09575518262586377,0.485,0.15993404781533388,97,916,103
-36.89038848876953,0.09566074950690336,0.485,0.15980230642504117,97,917,103
-36.891571044921875,0.09556650246305419,0.485,0.15967078189300413,97,918,103
-36.897911071777344,0.09547244094488189,0.485,0.15953947368421054,97,919,103
-36.90007019042969,0.09537856440511308,0.485,0.15940838126540677,97,920,103
-36.90207290649414,0.09528487229862476,0.485,0.15927750410509034,97,921,103
-36.90772247314453,0.09519136408243375,0.485,0.15914684167350288,97,922,103
-36.91249465942383,0.09509803921568627,0.485,0.15901639344262294,97,923,103
-36.917842864990234,0.09500489715964741,0.485,0.1588861588861589,97,924,103
-36.92655944824219,0.0949119373776908,0.485,0.15875613747954173,97,925,103
-36.92847442626953,0.09481915933528837,0.485,0.15862632869991822,97,926,103
-36.93710708618164,0.0947265625,0.485,0.1584967320261438,97,927,103
-36.94329833984375,0.09463414634146342,0.485,0.15836734693877552,97,928,103
-36.95288848876953,0.09454191033138401,0.485,0.15823817292006523,97,929,103
-36.96009826660156,0.09444985394352483,0.485,0.15810920945395274,97,930,103
-36.96161651611328,0.0943579766536965,0.485,0.15798045602605862,97,931,103
-36.967166900634766,0.09426627793974733,0.485,0.1578519121236778,97,932,103
-36.96866226196289,0.0941747572815534,0.485,0.15772357723577235,97,933,103
-36.975616455078125,0.09408341416100872,0.485,0.15759545085296506,97,934,103
-36.990074157714844,0.0939922480620155,0.485,0.15746753246753245,97,935,103
-36.99858093261719,0.09390125847047434,0.485,0.15733982157339818,97,936,103
-37.007911682128906,0.09381044487427466,0.485,0.1572123176661264,97,937,103
-37.00890350341797,0.09371980676328502,0.485,0.15708502024291496,97,938,103
-37.011940002441406,0.09362934362934362,0.485,0.156957928802589,97,939,103
-37.013511657714844,0.0935390549662488,0.485,0.15683104284559418,97,940,103
-37.01741027832031,0.09344894026974952,0.485,0.1567043618739903,97,941,103
-37.01808547973633,0.0933589990375361,0.485,0.1565778853914447,97,942,103
-37.019161224365234,0.09326923076923077,0.485,0.1564516129032258,97,943,103
-37.020263671875,0.09317963496637849,0.485,0.1563255439161966,97,944,103
-37.02215576171875,0.09309021113243762,0.485,0.15619967793880837,97,945,103
-37.02271270751953,0.09300095877277086,0.485,0.15607401448109415,97,946,103
-37.024452209472656,0.09291187739463602,0.485,0.15594855305466238,97,947,103
-37.02693557739258,0.09282296650717703,0.485,0.15582329317269078,97,948,103
-37.033668518066406,0.09273422562141491,0.485,0.15569823434991975,97,949,103
-37.03417205810547,0.09264565425023878,0.485,0.15557337610264638,97,950,103
-37.035160064697266,0.09255725190839695,0.485,0.15544871794871795,97,951,103
-37.036739349365234,0.09246901811248809,0.485,0.15532425940752603,97,952,103
-37.04609298706055,0.09238095238095238,0.485,0.1552,97,953,103
-37.04667663574219,0.0922930542340628,0.485,0.15507593924860114,97,954,103
-37.04793930053711,0.09220532319391635,0.485,0.15495207667731628,97,955,103
-37.048282623291016,0.09211775878442545,0.485,0.15482841181165205,97,956,103
-37.05036163330078,0.0920303605313093,0.485,0.15470494417862837,97,957,103
-37.05636978149414,0.09194312796208531,0.485,0.15458167330677292,97,958,103
-37.059120178222656,0.09185606060606061,0.485,0.15445859872611464,97,959,103
-37.06439208984375,0.09176915799432356,0.485,0.15433571996817821,97,960,103
-37.06785202026367,0.09168241965973535,0.485,0.15421303656597773,97,961,103
-37.06932830810547,0.09159584513692162,0.485,0.1540905480540111,97,962,103
-37.071598052978516,0.09150943396226414,0.485,0.15396825396825395,97,963,103
-37.074947357177734,0.09142318567389256,0.485,0.15384615384615385,97,964,103
-37.07526397705078,0.09133709981167608,0.485,0.15372424722662442,97,965,103
-37.080421447753906,0.09125117591721543,0.485,0.1536025336500396,97,966,103
-37.084041595458984,0.09116541353383459,0.485,0.15348101265822786,97,967,103
-37.08960723876953,0.09107981220657277,0.485,0.1533596837944664,97,968,103
-37.09173583984375,0.09099437148217636,0.485,0.15323854660347552,97,969,103
-37.097476959228516,0.09090909090909091,0.485,0.15311760063141278,97,970,103
-37.10165023803711,0.09082397003745318,0.485,0.1529968454258675,97,971,103
-37.104591369628906,0.09073900841908325,0.485,0.152876280535855,97,972,103
-37.10652160644531,0.09065420560747664,0.485,0.15275590551181104,97,973,103
-37.10799789428711,0.09056956115779645,0.485,0.15263571990558614,97,974,103
-37.10824966430664,0.09048507462686567,0.485,0.15251572327044027,97,975,103
-37.10896682739258,0.09040074557315937,0.485,0.15239591516103693,97,976,103
-37.10960006713867,0.09031657355679702,0.485,0.15227629513343802,97,977,103
-37.11146545410156,0.09023255813953489,0.485,0.15215686274509804,97,978,103
-37.11244201660156,0.09014869888475836,0.485,0.15203761755485892,97,979,103
-37.113094329833984,0.09006499535747446,0.485,0.15191855912294439,97,980,103
-37.114898681640625,0.08998144712430427,0.485,0.15179968701095461,97,981,103
-37.11601638793945,0.08989805375347544,0.485,0.1516810007818608,97,982,103
-37.117488861083984,0.08981481481481482,0.485,0.15156250000000002,97,983,103
-37.117942810058594,0.08973172987974098,0.485,0.15144418423106948,97,984,103
-37.118221282958984,0.08964879852125693,0.485,0.15132605304212168,97,985,103
-37.1208381652832,0.08956602031394276,0.485,0.15120810600155885,97,986,103
-37.13093185424805,0.08948339483394833,0.485,0.15109034267912774,97,987,103
-37.145442962646484,0.08940092165898618,0.485,0.15097276264591442,97,988,103
-37.14955520629883,0.08931860036832412,0.485,0.15085536547433903,97,989,103
-37.15013122558594,0.08923643054277829,0.485,0.15073815073815075,97,990,103
-37.15448760986328,0.08915441176470588,0.485,0.1506211180124224,97,991,103
-37.16462707519531,0.08907254361799816,0.485,0.1505042668735454,97,992,103
-37.166751861572266,0.0889908256880734,0.485,0.15038759689922482,97,993,103
-37.172523498535156,0.08890925756186985,0.485,0.15027110766847404,97,994,103
-37.17571258544922,0.08882783882783883,0.485,0.15015479876160992,97,995,103
-37.176307678222656,0.08874656907593778,0.485,0.15003866976024746,97,996,103
-37.1784553527832,0.0886654478976234,0.485,0.1499227202472952,97,997,103
-37.184139251708984,0.08858447488584476,0.485,0.1498069498069498,97,998,103
-37.18685531616211,0.0885036496350365,0.485,0.14969135802469136,97,999,103
-37.18906021118164,0.08842297174111212,0.485,0.14957594448727832,97,1000,103
-37.19318389892578,0.0883424408014572,0.485,0.1494607087827427,97,1001,103
-37.1973762512207,0.08826205641492266,0.485,0.1493456505003849,97,1002,103
-37.205230712890625,0.08818181818181818,0.485,0.14923076923076925,97,1003,103
-37.21360397338867,0.08810172570390554,0.485,0.1491160645657187,97,1004,103
-37.21550369262695,0.08802177858439202,0.485,0.1490015360983103,97,1005,103
-37.220245361328125,0.08794197642792384,0.485,0.1488871834228703,97,1006,103
-37.22111892700195,0.08786231884057971,0.485,0.14877300613496933,97,1007,103
-37.225990295410156,0.08778280542986425,0.485,0.1486590038314176,97,1008,103
-37.229339599609375,0.08770343580470162,0.485,0.14854517611026033,97,1009,103
-37.230743408203125,0.08762420957542909,0.485,0.14843152257077277,97,1010,103
-37.23164367675781,0.08754512635379061,0.485,0.14831804281345565,97,1011,103
-37.233699798583984,0.08746618575293057,0.485,0.14820473644003057,97,1012,103
-37.23548126220703,0.08738738738738738,0.485,0.1480916030534351,97,1013,103
-37.23991012573242,0.08730873087308731,0.485,0.14797864225781845,97,1014,103
-37.242488861083984,0.08723021582733813,0.485,0.14786585365853658,97,1015,103
-37.24744415283203,0.08715184186882301,0.485,0.14775323686214778,97,1016,103
-37.25227737426758,0.08707360861759425,0.485,0.1476407914764079,97,1017,103
-37.259361267089844,0.08699551569506726,0.485,0.14752851711026616,97,1018,103
-37.260948181152344,0.08691756272401434,0.485,0.1474164133738602,97,1019,103
-37.26555633544922,0.08683974932855863,0.485,0.14730447987851175,97,1020,103
-37.268619537353516,0.08676207513416816,0.485,0.1471927162367223,97,1021,103
-37.271728515625,0.08668453976764968,0.485,0.1470811220621683,97,1022,103
-37.27454376220703,0.08660714285714285,0.485,0.14696969696969697,97,1023,103
-37.274784088134766,0.08652988403211419,0.485,0.14685844057532174,97,1024,103
-37.275081634521484,0.08645276292335116,0.485,0.14674735249621787,97,1025,103
-37.27513885498047,0.08637577916295637,0.485,0.14663643235071808,97,1026,103
-37.27558517456055,0.08629893238434164,0.485,0.14652567975830816,97,1027,103
-37.277950286865234,0.08622222222222223,0.485,0.14641509433962266,97,1028,103
-37.28520965576172,0.08614564831261101,0.485,0.14630467571644043,97,1029,103
-37.28586196899414,0.08606921029281278,0.485,0.1461944235116805,97,1030,103
-37.2880973815918,0.08599290780141844,0.485,0.1460843373493976,97,1031,103
-37.289241790771484,0.08591674047829938,0.485,0.14597441685477805,97,1032,103
-37.29005432128906,0.08584070796460178,0.485,0.14586466165413536,97,1033,103
-37.296329498291016,0.08576480990274093,0.485,0.1457550713749061,97,1034,103
-37.297279357910156,0.08568904593639576,0.485,0.14564564564564564,97,1035,103
-37.2994270324707,0.08561341571050309,0.485,0.145536384096024,97,1036,103
-37.299503326416016,0.0855379188712522,0.485,0.1454272863568216,97,1037,103
-37.30073165893555,0.08546255506607929,0.485,0.1453183520599251,97,1038,103
-37.30298614501953,0.08538732394366197,0.485,0.14520958083832336,97,1039,103
-37.31177520751953,0.0853122251539138,0.485,0.14510097232610322,97,1040,103
-37.312599182128906,0.0852372583479789,0.485,0.14499252615844543,97,1041,103
-37.31289291381836,0.08516242317822652,0.485,0.14488424197162061,97,1042,103
-37.317203521728516,0.08508771929824561,0.485,0.14477611940298504,97,1043,103
-37.32029342651367,0.08501314636283962,0.485,0.14466815809097688,97,1044,103
-37.322906494140625,0.08493870402802102,0.485,0.14456035767511177,97,1045,103
-37.32902145385742,0.08486439195100612,0.485,0.14445271779597912,97,1046,103
-37.33378601074219,0.08479020979020979,0.485,0.14434523809523808,97,1047,103
-37.34983825683594,0.08471615720524017,0.485,0.14423791821561338,97,1048,103
-37.372032165527344,0.08464223385689354,0.485,0.14413075780089152,97,1049,103
-37.37877655029297,0.08456843940714909,0.485,0.14402375649591687,97,1050,103
-37.38607406616211,0.08449477351916376,0.485,0.14391691394658754,97,1051,103
-37.390987396240234,0.08442123585726719,0.485,0.14381022979985172,97,1052,103
-37.3969612121582,0.08434782608695653,0.485,0.1437037037037037,97,1053,103
-37.398902893066406,0.0842745438748914,0.485,0.14359733530717989,97,1054,103
-37.401371002197266,0.0842013888888889,0.485,0.143491124260355,97,1055,103
-37.40165328979492,0.08412836079791847,0.485,0.1433850702143385,97,1056,103
-37.40306854248047,0.08405545927209705,0.485,0.1432791728212703,97,1057,103
-37.40481185913086,0.08398268398268398,0.485,0.14317343173431735,97,1058,103
-37.40589904785156,0.08391003460207612,0.485,0.1430678466076696,97,1059,103
-37.407081604003906,0.08383751080380294,0.485,0.14296241709653648,97,1060,103
-37.410072326660156,0.08376511226252159,0.485,0.14285714285714288,97,1061,103
-37.4143180847168,0.08369283865401209,0.485,0.14275202354672553,97,1062,103
-37.41953659057617,0.08362068965517241,0.485,0.1426470588235294,97,1063,103
-37.42457580566406,0.08354866494401378,0.485,0.14254224834680382,97,1064,103
-37.424781799316406,0.08347676419965576,0.485,0.14243759177679882,97,1065,103
-37.42790603637695,0.08340498710232158,0.485,0.14233308877476156,97,1066,103
-37.437931060791016,0.08333333333333333,0.485,0.14222873900293254,97,1067,103
-37.44289779663086,0.08326180257510729,0.485,0.14212454212454212,97,1068,103
-37.450477600097656,0.08319039451114923,0.485,0.14202049780380674,97,1069,103
-37.45100784301758,0.0831191088260497,0.485,0.1419166057059254,97,1070,103
-37.45375061035156,0.08304794520547945,0.485,0.14181286549707603,97,1071,103
-37.45689010620117,0.08297690333618478,0.485,0.14170927684441198,97,1072,103
-37.458839416503906,0.0829059829059829,0.485,0.1416058394160584,97,1073,103
-37.45895004272461,0.08283518360375747,0.485,0.14150255288110866,97,1074,103
-37.46314239501953,0.08276450511945392,0.485,0.141399416909621,97,1075,103
-37.47097396850586,0.08269394714407502,0.485,0.14129643117261473,97,1076,103
-37.47106170654297,0.08262350936967632,0.485,0.14119359534206696,97,1077,103
-37.47260284423828,0.0825531914893617,0.485,0.1410909090909091,97,1078,103
-37.473426818847656,0.0824829931972789,0.485,0.14098837209302326,97,1079,103
-37.47502899169922,0.08241291418861513,0.485,0.14088598402323893,97,1080,103
-37.480445861816406,0.08234295415959253,0.485,0.14078374455732948,97,1081,103
-37.49410629272461,0.08227311280746395,0.485,0.1406816533720087,97,1082,103
-37.49485397338867,0.08220338983050847,0.485,0.1405797101449275,97,1083,103
-37.50336456298828,0.0821337849280271,0.485,0.1404779145546705,97,1084,103
-37.510746002197266,0.08206429780033841,0.485,0.14037626628075256,97,1085,103
-37.516990661621094,0.08199492814877431,0.485,0.14027476500361533,97,1086,103
-37.51708221435547,0.08192567567567567,0.485,0.14017341040462428,97,1087,103
-37.518611907958984,0.08185654008438818,0.485,0.14007220216606497,97,1088,103
-37.51951217651367,0.081787521079258,0.485,0.13997113997113994,97,1089,103
-37.519588470458984,0.08171861836562763,0.485,0.13987022350396539,97,1090,103
-37.52332305908203,0.08164983164983165,0.485,0.13976945244956773,97,1091,103
-37.52373504638672,0.0815811606391926,0.485,0.1396688264938805,97,1092,103
-37.526554107666016,0.08151260504201681,0.485,0.13956834532374102,97,1093,103
-37.5276985168457,0.08144416456759027,0.485,0.13946800862688713,97,1094,103
-37.53076171875,0.08137583892617449,0.485,0.139367816091954,97,1095,103
-37.53174591064453,0.08130762782900251,0.485,0.13926776740847094,97,1096,103
-37.53396987915039,0.0812395309882747,0.485,0.13916786226685796,97,1097,103
-37.53811264038086,0.08117154811715481,0.485,0.13906810035842296,97,1098,103
-37.541236877441406,0.08110367892976589,0.485,0.13896848137535817,97,1099,103
-37.5510368347168,0.0810359231411863,0.485,0.1388690050107373,97,1100,103
-37.553009033203125,0.08096828046744574,0.485,0.13876967095851214,97,1101,103
-37.553611755371094,0.08090075062552127,0.485,0.13867047891350964,97,1102,103
-37.55485916137695,0.08083333333333333,0.485,0.13857142857142857,97,1103,103
-37.556060791015625,0.08076602830974189,0.485,0.13847251962883655,97,1104,103
-37.56401824951172,0.08069883527454243,0.485,0.13837375178316688,97,1105,103
-37.56846237182617,0.08063175394846218,0.485,0.1382751247327156,97,1106,103
-37.57070541381836,0.08056478405315615,0.485,0.13817663817663817,97,1107,103
-37.574737548828125,0.08049792531120332,0.485,0.13807829181494663,97,1108,103
-37.5762825012207,0.08043117744610281,0.485,0.1379800853485064,97,1109,103
-37.581825256347656,0.08036454018227009,0.485,0.1378820184790334,97,1110,103
-37.58598327636719,0.0802980132450331,0.485,0.13778409090909088,97,1111,103
-37.5988883972168,0.08023159636062861,0.485,0.1376863023420866,97,1112,103
-37.60053634643555,0.08016528925619834,0.485,0.1375886524822695,97,1113,103
-37.60820770263672,0.08009909165978531,0.485,0.13749114103472715,97,1114,103
-37.61040115356445,0.08003300330033003,0.485,0.13739376770538242,97,1115,103
-37.61122131347656,0.07996702390766694,0.485,0.1372965322009908,97,1116,103
-37.612876892089844,0.07990115321252059,0.485,0.1371994342291372,97,1117,103
-37.6141471862793,0.07983539094650206,0.485,0.1371024734982332,97,1118,103
-37.61528396606445,0.07976973684210527,0.485,0.1370056497175141,97,1119,103
-37.62623977661133,0.07970419063270337,0.485,0.13690896259703597,97,1120,103
-37.639549255371094,0.07963875205254516,0.485,0.1368124118476728,97,1121,103
-37.640716552734375,0.07957342083675144,0.485,0.13671599718111346,97,1122,103
-37.64194107055664,0.07950819672131147,0.485,0.13661971830985917,97,1123,103
-37.64239501953125,0.07944307944307945,0.485,0.13652357494722028,97,1124,103
-37.647613525390625,0.07937806873977087,0.485,0.13642756680731363,97,1125,103
-37.65159225463867,0.07931316434995912,0.485,0.13633169360505973,97,1126,103
-37.6558952331543,0.07924836601307189,0.485,0.13623595505617975,97,1127,103
-37.66181564331055,0.07918367346938776,0.485,0.136140350877193,97,1128,103
-37.665287017822266,0.07911908646003263,0.485,0.13604488078541374,97,1129,103
-37.665897369384766,0.07905460472697637,0.485,0.13594954449894886,97,1130,103
-37.66598129272461,0.07899022801302931,0.485,0.13585434173669467,97,1131,103
-37.66838455200195,0.07892595606183889,0.485,0.1357592722183345,97,1132,103
-37.67073059082031,0.07886178861788617,0.485,0.13566433566433567,97,1133,103
-37.67566680908203,0.07879772542648253,0.485,0.13556953179594688,97,1134,103
-37.67829513549805,0.07873376623376624,0.485,0.1354748603351955,97,1135,103
-37.68612289428711,0.0786699107866991,0.485,0.13538032100488484,97,1136,103
-37.687705993652344,0.07860615883306321,0.485,0.13528591352859135,97,1137,103
-37.68778610229492,0.07854251012145749,0.485,0.13519163763066203,97,1138,103
-37.69824981689453,0.0784789644012945,0.485,0.13509749303621169,97,1139,103
-37.70073699951172,0.07841552142279709,0.485,0.1350034794711204,97,1140,103
-37.70277404785156,0.07835218093699516,0.485,0.13490959666203062,97,1141,103
-37.70301055908203,0.07828894269572235,0.485,0.13481584433634466,97,1142,103
-37.70358657836914,0.07822580645161291,0.485,0.13472222222222222,97,1143,103
-37.70518493652344,0.0781627719580983,0.485,0.13462873004857737,97,1144,103
-37.70716857910156,0.07809983896940419,0.485,0.13453536754507628,97,1145,103
-37.707611083984375,0.07803700724054706,0.485,0.13444213444213443,97,1146,103
-37.70945739746094,0.07797427652733119,0.485,0.13434903047091415,97,1147,103
-37.71916198730469,0.07791164658634538,0.485,0.13425605536332177,97,1148,103
-37.72227478027344,0.07784911717495988,0.485,0.13416320885200553,97,1149,103
-37.72410202026367,0.07778668805132317,0.485,0.13407049067035245,97,1150,103
-37.725608825683594,0.07772435897435898,0.485,0.1339779005524862,97,1151,103
-37.72843551635742,0.07766212970376302,0.485,0.13388543823326432,97,1152,103
-37.72857666015625,0.0776,0.485,0.13379310344827589,97,1153,103
-37.730506896972656,0.07753796962430055,0.485,0.13370089593383871,97,1154,103
-37.7317008972168,0.07747603833865814,0.485,0.13360881542699724,97,1155,103
-37.7336540222168,0.07741420590582601,0.485,0.1335168616655196,97,1156,103
-37.73534393310547,0.0773524720893142,0.485,0.13342503438789546,97,1157,103
-37.7369270324707,0.07729083665338646,0.485,0.13333333333333333,97,1158,103
-37.74577331542969,0.07722929936305732,0.485,0.13324175824175824,97,1159,103
-37.74838638305664,0.07716785998408911,0.485,0.13315030885380919,97,1160,103
-37.755393981933594,0.07710651828298887,0.485,0.13305898491083676,97,1161,103
-37.757286071777344,0.07704527402700556,0.485,0.1329677861549006,97,1162,103
-37.760643005371094,0.07698412698412699,0.485,0.1328767123287671,97,1163,103
-37.76451873779297,0.07692307692307693,0.485,0.1327857631759069,97,1164,103
-37.777320861816406,0.0768621236133122,0.485,0.13269493844049246,97,1165,103
-37.783790588378906,0.0768012668250198,0.485,0.13260423786739578,97,1166,103
-37.790409088134766,0.07674050632911393,0.485,0.1325136612021858,97,1167,103
-37.79304504394531,0.0766798418972332,0.485,0.13242320819112627,97,1168,103
-37.797969818115234,0.07661927330173776,0.485,0.13233287858117326,97,1169,103
-37.799285888671875,0.07655880031570639,0.485,0.13224267211997273,97,1170,103
-37.799774169921875,0.07649842271293375,0.485,0.1321525885558583,97,1171,103
-37.8006477355957,0.0764381402679275,0.485,0.13206262763784887,97,1172,103
-37.801361083984375,0.07637795275590552,0.485,0.13197278911564625,97,1173,103
-37.802188873291016,0.07631785995279308,0.485,0.13188307273963293,97,1174,103
-37.8044548034668,0.07625786163522012,0.485,0.13179347826086957,97,1175,103
-37.80809020996094,0.07619795758051846,0.485,0.131704005431093,97,1176,103
-37.8089599609375,0.076138147566719,0.485,0.1316146540027137,97,1177,103
-37.81196594238281,0.07607843137254902,0.485,0.13152542372881357,97,1178,103
-37.814910888671875,0.07601880877742946,0.485,0.1314363143631436,97,1179,103
-37.816654205322266,0.0759592795614722,0.485,0.1313473256601219,97,1180,103
-37.828304290771484,0.07589984350547731,0.485,0.13125845737483086,97,1181,103
-37.82950973510742,0.07584050039093042,0.485,0.13116970926301555,97,1182,103
-37.82979202270508,0.07578125,0.485,0.13108108108108107,97,1183,103
-37.83411407470703,0.07572209211553474,0.485,0.13099257258609048,97,1184,103
-37.83869171142578,0.07566302652106084,0.485,0.1309041835357625,97,1185,103
-37.84214401245117,0.07560405300077942,0.485,0.13081591368846932,97,1186,103
-37.84553527832031,0.07554517133956386,0.485,0.1307277628032345,97,1187,103
-37.84765625,0.0754863813229572,0.485,0.13063973063973064,97,1188,103
-37.84953689575195,0.07542768273716952,0.485,0.13055181695827725,97,1189,103
-37.8509521484375,0.07536907536907538,0.485,0.13046402151983863,97,1190,103
-37.85826110839844,0.07531055900621118,0.485,0.1303763440860215,97,1191,103
-37.85861587524414,0.07525213343677269,0.485,0.13028878441907318,97,1192,103
-37.8620491027832,0.07519379844961241,0.485,0.13020134228187918,97,1193,103
-37.865745544433594,0.07513555383423702,0.485,0.1301140174379611,97,1194,103
-37.87338638305664,0.07507739938080496,0.485,0.13002680965147453,97,1195,103
-37.874053955078125,0.07501933488012374,0.485,0.12993971868720697,97,1196,103
-37.874183654785156,0.07496136012364761,0.485,0.12985274431057564,97,1197,103
-37.87580108642578,0.0749034749034749,0.485,0.1297658862876254,97,1198,103
-37.877811431884766,0.07484567901234568,0.485,0.12967914438502676,97,1199,103
-37.87953567504883,0.07478797224363917,0.485,0.1295925183700735,97,1200,103
-37.88153839111328,0.07473035439137134,0.485,0.1295060080106809,97,1201,103
-37.8825569152832,0.07467282525019246,0.485,0.1294196130753836,97,1202,103
-37.886512756347656,0.07461538461538461,0.485,0.12933333333333333,97,1203,103
-37.900634765625,0.07455803228285934,0.485,0.12924716855429716,97,1204,103
-37.900794982910156,0.07450076804915515,0.485,0.1291611185086551,97,1205,103
-37.902320861816406,0.07444359171143515,0.485,0.12907518296739853,97,1206,103
-37.90602111816406,0.07438650306748466,0.485,0.12898936170212766,97,1207,103
-37.907569885253906,0.0743295019157088,0.485,0.12890365448504984,97,1208,103
-37.9092903137207,0.07427258805513016,0.485,0.12881806108897742,97,1209,103
-37.913856506347656,0.07421576128538639,0.485,0.12873258128732581,97,1210,103
-37.9141960144043,0.07415902140672782,0.485,0.1286472148541114,97,1211,103
-37.91450881958008,0.07410236822001529,0.485,0.12856196156394964,97,1212,103
-37.919437408447266,0.07404580152671755,0.485,0.12847682119205298,97,1213,103
-37.920650482177734,0.07398932112890923,0.485,0.128391793514229,97,1214,103
-37.923484802246094,0.07393292682926829,0.485,0.1283068783068783,97,1215,103
-37.92437744140625,0.07387661843107388,0.485,0.12822207534699273,97,1216,103
-37.94293975830078,0.07382039573820395,0.485,0.12813738441215322,97,1217,103
-37.94359588623047,0.07376425855513308,0.485,0.12805280528052804,97,1218,103
-37.95119094848633,0.0737082066869301,0.485,0.1279683377308707,97,1219,103
-37.952484130859375,0.07365223993925589,0.485,0.12788398154251815,97,1220,103
-37.95935821533203,0.07359635811836115,0.485,0.12779973649538867,97,1221,103
-37.96128845214844,0.07354056103108415,0.485,0.12771560236998022,97,1222,103
-37.964599609375,0.07348484848484849,0.485,0.12763157894736843,97,1223,103
-37.97264099121094,0.07342922028766086,0.485,0.12754766600920445,97,1224,103
-37.975372314453125,0.07337367624810892,0.485,0.12746386333771353,97,1225,103
-37.97671890258789,0.07331821617535904,0.485,0.12738017071569271,97,1226,103
-37.9793701171875,0.07326283987915408,0.485,0.1272965879265092,97,1227,103
-37.9852294921875,0.07320754716981132,0.485,0.12721311475409833,97,1228,103
-37.98627471923828,0.07315233785822021,0.485,0.127129750982962,97,1229,103
-37.98810958862305,0.07309721175584025,0.485,0.12704649639816634,97,1230,103
-37.988311767578125,0.0730421686746988,0.485,0.12696335078534032,97,1231,103
-37.98873519897461,0.07298720842738901,0.485,0.12688031393067364,97,1232,103
-37.99010467529297,0.07293233082706767,0.485,0.12679738562091505,97,1233,103
-37.99015808105469,0.07287753568745305,0.485,0.12671456564337036,97,1234,103
-37.99043655395508,0.07282282282282282,0.485,0.12663185378590078,97,1235,103
-37.99229049682617,0.072768192048012,0.485,0.12654924983692106,97,1236,103
-37.997249603271484,0.0727136431784108,0.485,0.12646675358539766,97,1237,103
-37.99735641479492,0.07265917602996255,0.485,0.12638436482084692,97,1238,103
-37.997535705566406,0.07260479041916168,0.485,0.12630208333333334,97,1239,103
-37.99788284301758,0.07255048616305161,0.485,0.1262199089134678,97,1240,103
-38.000022888183594,0.07249626307922272,0.485,0.12613784135240572,97,1241,103
-38.00377655029297,0.07244212098581031,0.485,0.12605588044184535,97,1242,103
-38.0056037902832,0.07238805970149254,0.485,0.125974025974026,97,1243,103
-38.00569152832031,0.07233407904548844,0.485,0.12589227774172618,97,1244,103
-38.00623321533203,0.07228017883755589,0.485,0.125810635538262,97,1245,103
-38.01711654663086,0.07222635889798958,0.485,0.12572909915748542,97,1246,103
-38.021484375,0.07217261904761904,0.485,0.12564766839378236,97,1247,103
-38.02220153808594,0.07211895910780669,0.485,0.12556634304207118,97,1248,103
-38.02276611328125,0.07206537890044576,0.485,0.12548512289780078,97,1249,103
-38.0229606628418,0.07201187824795843,0.485,0.12540400775694893,97,1250,103
-38.022972106933594,0.07195845697329377,0.485,0.12532299741602068,97,1251,103
-38.024742126464844,0.07190511489992588,0.485,0.12524209167204647,97,1252,103
-38.02590560913086,0.07185185185185185,0.485,0.12516129032258064,97,1253,103
-38.02925491333008,0.07179866765358993,0.485,0.12508059316569956,97,1254,103
-38.03667449951172,0.07174556213017752,0.485,0.125,97,1255,103
-38.03876876831055,0.07169253510716925,0.485,0.12491951062459755,97,1256,103
-38.04086685180664,0.07163958641063516,0.485,0.12483912483912485,97,1257,103
-38.047672271728516,0.07158671586715867,0.485,0.1247588424437299,97,1258,103
-38.050811767578125,0.0715339233038348,0.485,0.12467866323907455,97,1259,103
-38.05537796020508,0.07148120854826824,0.485,0.12459858702633271,97,1260,103
-38.05617141723633,0.07142857142857142,0.485,0.12451861360718872,97,1261,103
-38.05780792236328,0.07137601177336277,0.485,0.1244387427838358,97,1262,103
-38.059288024902344,0.0713235294117647,0.485,0.12435897435897435,97,1263,103
-38.062156677246094,0.07127112417340191,0.485,0.12427930813581037,97,1264,103
-38.06380081176758,0.07121879588839941,0.485,0.12419974391805377,97,1265,103
-38.06563949584961,0.07116654438738078,0.485,0.12412028150991683,97,1266,103
-38.06618118286133,0.07111436950146628,0.485,0.12404092071611253,97,1267,103
-38.067291259765625,0.07106227106227106,0.485,0.12396166134185303,97,1268,103
-38.0733528137207,0.07101024890190337,0.485,0.12388250319284803,97,1269,103
-38.0794677734375,0.07095830285296269,0.485,0.12380344607530312,97,1270,103
-38.082862854003906,0.07090643274853801,0.485,0.12372448979591837,97,1271,103
-38.087806701660156,0.07085463842220599,0.485,0.12364563416188655,97,1272,103
-38.09229278564453,0.0708029197080292,0.485,0.12356687898089172,97,1273,103
-38.09444046020508,0.07075127644055434,0.485,0.12348822406110757,97,1274,103
-38.09529113769531,0.0706997084548105,0.485,0.12340966921119592,97,1275,103
-38.09607696533203,0.07064821558630735,0.485,0.12333121424030512,97,1276,103
-38.09880065917969,0.07059679767103348,0.485,0.12325285895806863,97,1277,103
-38.102989196777344,0.07054545454545455,0.485,0.12317460317460317,97,1278,103
-38.10962677001953,0.07049418604651163,0.485,0.12309644670050762,97,1279,103
-38.11280059814453,0.07044299201161947,0.485,0.12301838934686113,97,1280,103
-38.11477279663086,0.07039187227866474,0.485,0.12294043092522182,97,1281,103
-38.116355895996094,0.07034082668600435,0.485,0.12286257124762505,97,1282,103
-38.117759704589844,0.07028985507246377,0.485,0.12278481012658227,97,1283,103
-38.11888885498047,0.07023895727733527,0.485,0.12270714737507905,97,1284,103
-38.120811462402344,0.07018813314037627,0.485,0.12262958280657395,97,1285,103
-38.12180709838867,0.07013738250180766,0.485,0.12255211623499683,97,1286,103
-38.128639221191406,0.07008670520231214,0.485,0.1224747474747475,97,1287,103
-38.13261032104492,0.07003610108303249,0.485,0.122397476340694,97,1288,103
-38.14075469970703,0.06998556998556998,0.485,0.12232030264817151,97,1289,103
-38.14133071899414,0.06993511175198269,0.485,0.12224322621298045,97,1290,103
-38.14521408081055,0.06988472622478387,0.485,0.12216624685138543,97,1291,103
-38.15213394165039,0.06983441324694024,0.485,0.12208936438011325,97,1292,103
-38.15283966064453,0.06978417266187051,0.485,0.1220125786163522,97,1293,103
-38.1529541015625,0.06973400431344356,0.485,0.12193588937774984,97,1294,103
-38.153656005859375,0.06968390804597702,0.485,0.12185929648241207,97,1295,103
-38.153865814208984,0.06963388370423547,0.485,0.12178279974890144,97,1296,103
-38.15489196777344,0.06958393113342898,0.485,0.12170639899623588,97,1297,103
-38.15728759765625,0.06953405017921147,0.485,0.12163009404388715,97,1298,103
-38.15860366821289,0.06948424068767908,0.485,0.12155388471177944,97,1299,103
-38.15922164916992,0.06943450250536864,0.485,0.12147777082028804,97,1300,103
-38.159278869628906,0.06938483547925609,0.485,0.12140175219023779,97,1301,103
-38.160125732421875,0.06933523945675482,0.485,0.12132582864290181,97,1302,103
-38.16067123413086,0.06928571428571428,0.485,0.12125,97,1303,103
-38.163978576660156,0.06923625981441828,0.485,0.12117426608369769,97,1304,103
-38.17010498046875,0.06918687589158345,0.485,0.12109862671660425,97,1305,103
-38.170631408691406,0.0691375623663578,0.485,0.12102308172177167,97,1306,103
-38.173274993896484,0.06908831908831908,0.485,0.12094763092269327,97,1307,103
-38.174476623535156,0.06903914590747331,0.485,0.12087227414330219,97,1308,103
-38.1754150390625,0.0689900426742532,0.485,0.1207970112079701,97,1309,103
-38.177330017089844,0.0689410092395167,0.485,0.1207218419415059,97,1310,103
-38.182308197021484,0.06889204545454546,0.485,0.12064676616915423,97,1311,103
-38.18245315551758,0.0688431511710433,0.485,0.12057178371659416,97,1312,103
-38.182960510253906,0.06879432624113475,0.485,0.12049689440993788,97,1313,103
-38.18414306640625,0.06874557051736357,0.485,0.12042209807572937,97,1314,103
-38.185245513916016,0.06869688385269122,0.485,0.12034739454094294,97,1315,103
-38.187049865722656,0.0686482661004954,0.485,0.12027278363298202,97,1316,103
-38.19037628173828,0.0685997171145686,0.485,0.1201982651796778,97,1317,103
-38.19856262207031,0.0685512367491166,0.485,0.12012383900928793,97,1318,103
-38.2032356262207,0.06850282485875706,0.485,0.12004950495049505,97,1319,103
-38.20328140258789,0.068454481298518,0.485,0.11997526283240569,97,1320,103
-38.20686721801758,0.0684062059238364,0.485,0.11990111248454884,97,1321,103
-38.22314453125,0.06835799859055673,0.485,0.11982705373687462,97,1322,103
-38.227294921875,0.06830985915492958,0.485,0.11975308641975309,97,1323,103
-38.22857666015625,0.06826178747361013,0.485,0.11967921036397283,97,1324,103
-38.23430633544922,0.06821378340365682,0.485,0.11960542540073982,97,1325,103
-38.236324310302734,0.06816584680252986,0.485,0.11953173136167589,97,1326,103
-38.23794174194336,0.06811797752808989,0.485,0.11945812807881773,97,1327,103
-38.256710052490234,0.06807017543859649,0.485,0.11938461538461537,97,1328,103
-38.25724792480469,0.06802244039270687,0.485,0.11931119311193111,97,1329,103
-38.259437561035156,0.06797477224947442,0.485,0.1192378610940381,97,1330,103
-38.26158142089844,0.06792717086834733,0.485,0.11916461916461916,97,1331,103
-38.27140426635742,0.06787963610916725,0.485,0.11909146715776549,97,1332,103
-38.273502349853516,0.06783216783216783,0.485,0.11901840490797547,97,1333,103
-38.27741622924805,0.06778476589797344,0.485,0.11894543225015326,97,1334,103
-38.2831916809082,0.06773743016759777,0.485,0.11887254901960784,97,1335,103
-38.28565979003906,0.06769016050244243,0.485,0.11879975505205143,97,1336,103
-38.290283203125,0.06764295676429567,0.485,0.11872705018359853,97,1337,103
-38.29347610473633,0.06759581881533101,0.485,0.11865443425076451,97,1338,103
-38.294376373291016,0.06754874651810584,0.485,0.11858190709046454,97,1339,103
-38.294960021972656,0.0675017397355602,0.485,0.11850946854001224,97,1340,103
-38.295074462890625,0.0674547983310153,0.485,0.11843711843711843,97,1341,103
-38.299983978271484,0.06740792216817235,0.485,0.11836485661989019,97,1342,103
-38.303314208984375,0.06736111111111111,0.485,0.11829268292682928,97,1343,103
-38.304080963134766,0.06731436502428868,0.485,0.11822059719683119,97,1344,103
-38.30464172363281,0.06726768377253814,0.485,0.11814859926918393,97,1345,103
-38.30885314941406,0.06722106722106722,0.485,0.11807668898356663,97,1346,103
-38.309207916259766,0.06717451523545706,0.485,0.11800486618004867,97,1347,103
-38.31300354003906,0.0671280276816609,0.485,0.11793313069908816,97,1348,103
-38.31438446044922,0.06708160442600276,0.485,0.11786148238153099,97,1349,103
-38.31854248046875,0.06703524533517623,0.485,0.1177899210686096,97,1350,103
-38.32730484008789,0.06698895027624309,0.485,0.11771844660194175,97,1351,103
-38.32936096191406,0.06694271911663216,0.485,0.1176470588235294,97,1352,103
-38.33110046386719,0.06689655172413793,0.485,0.1175757575757576,97,1353,103
-38.34148406982422,0.06685044796691937,0.485,0.1175045427013931,97,1354,103
-38.34432601928711,0.06680440771349862,0.485,0.11743341404358354,97,1355,103
-38.34761047363281,0.06675843083275981,0.485,0.11736237144585604,97,1356,103
-38.348270416259766,0.06671251719394773,0.485,0.11729141475211609,97,1357,103
-38.35327911376953,0.06666666666666667,0.485,0.11722054380664652,97,1358,103
-38.36225128173828,0.06662087912087912,0.485,0.11714975845410629,97,1359,103
-38.36520767211914,0.06657515442690459,0.485,0.11707905853952927,97,1360,103
-38.3677864074707,0.06652949245541838,0.485,0.11700844390832327,97,1361,103
-38.36894607543945,0.06648389307745031,0.485,0.11693791440626884,97,1362,103
-38.378257751464844,0.06643835616438357,0.485,0.11686746987951807,97,1363,103
-38.379276275634766,0.06639288158795345,0.485,0.11679711017459363,97,1364,103
-38.38113784790039,0.06634746922024624,0.485,0.11672683513838748,97,1365,103
-38.38217544555664,0.06630211893369788,0.485,0.11665664461815994,97,1366,103
-38.382877349853516,0.0662568306010929,0.485,0.11658653846153846,97,1367,103
-38.383155822753906,0.06621160409556313,0.485,0.1165165165165165,97,1368,103
-38.38379669189453,0.06616643929058663,0.485,0.11644657863145258,97,1369,103
-38.38625717163086,0.06612133605998637,0.485,0.11637672465506899,97,1370,103
-38.3885383605957,0.06607629427792916,0.485,0.11630695443645084,97,1371,103
-38.39505386352539,0.06603131381892444,0.485,0.11623726782504494,97,1372,103
-38.398765563964844,0.06598639455782312,0.485,0.11616766467065869,97,1373,103
-38.40211486816406,0.06594153636981645,0.485,0.116098144823459,97,1374,103
-38.40415573120117,0.06589673913043478,0.485,0.1160287081339713,97,1375,103
-38.41150665283203,0.0658520027155465,0.485,0.11595935445307833,97,1376,103
-38.413177490234375,0.06580732700135686,0.485,0.11589008363201912,97,1377,103
-38.416141510009766,0.06576271186440678,0.485,0.11582089552238807,97,1378,103
-38.4168701171875,0.06571815718157181,0.485,0.11575178997613365,97,1379,103
-38.4199104309082,0.06567366283006093,0.485,0.11568276684555753,97,1380,103
-38.42115783691406,0.06562922868741543,0.485,0.11561382598331346,97,1381,103
-38.42512512207031,0.06558485463150777,0.485,0.1155449672424062,97,1382,103
-38.42525100708008,0.06554054054054054,0.485,0.11547619047619045,97,1383,103
-38.427825927734375,0.06549628629304524,0.485,0.11540749553837001,97,1384,103
-38.430091857910156,0.06545209176788123,0.485,0.11533888228299642,97,1385,103
-38.43133544921875,0.06540795684423466,0.485,0.11527035056446823,97,1386,103
-38.432350158691406,0.06536388140161725,0.485,0.11520190023752971,97,1387,103
-38.43409729003906,0.06531986531986532,0.485,0.11513353115727001,97,1388,103
-38.43436813354492,0.06527590847913863,0.485,0.11506524317912219,97,1389,103
-38.43498611450195,0.0652320107599193,0.485,0.1149970361588619,97,1390,103
-38.43653106689453,0.06518817204301075,0.485,0.11492890995260664,97,1391,103
-38.4468994140625,0.0651443922095366,0.485,0.1148608644168147,97,1392,103
-38.44916534423828,0.06510067114093959,0.485,0.11479289940828404,97,1393,103
-38.452117919921875,0.06505700871898056,0.485,0.1147250147841514,97,1394,103
-38.452171325683594,0.06501340482573727,0.485,0.11465721040189127,97,1395,103
-38.45817947387695,0.06496985934360348,0.485,0.11458948611931483,97,1396,103
-38.46022033691406,0.06492637215528782,0.485,0.11452184179456906,97,1397,103
-38.463932037353516,0.06488294314381271,0.485,0.11445427728613569,97,1398,103
-38.46704864501953,0.06483957219251336,0.485,0.11438679245283018,97,1399,103
-38.467166900634766,0.06479625918503674,0.485,0.11431938715380084,97,1400,103
-38.47134017944336,0.06475300400534045,0.485,0.11425206124852769,97,1401,103
-38.47540283203125,0.06470980653769179,0.485,0.11418481459682164,97,1402,103
-38.475868225097656,0.06466666666666666,0.485,0.11411764705882353,97,1403,103
-38.47923278808594,0.06462358427714857,0.485,0.11405055849500294,97,1404,103
-38.47995376586914,0.06458055925432757,0.485,0.11398354876615746,97,1405,103
-38.482975006103516,0.06453759148369927,0.485,0.11391661773341162,97,1406,103
-38.48585510253906,0.06449468085106383,0.485,0.11384976525821595,97,1407,103
-38.489410400390625,0.06445182724252492,0.485,0.11378299120234603,97,1408,103
-38.491455078125,0.06440903054448871,0.485,0.11371629542790151,97,1409,103
-38.4952392578125,0.06436629064366291,0.485,0.1136496777973052,97,1410,103
-38.50407791137695,0.0643236074270557,0.485,0.11358313817330211,97,1411,103
-38.504085540771484,0.06428098078197482,0.485,0.11351667641895845,97,1412,103
-38.50877380371094,0.06423841059602649,0.485,0.1134502923976608,97,1413,103
-38.51349639892578,0.0641958967571145,0.485,0.11338398597311515,97,1414,103
-38.516658782958984,0.06415343915343916,0.485,0.1133177570093458,97,1415,103
-38.51688003540039,0.06411103767349637,0.485,0.11325160537069469,97,1416,103
-38.51740264892578,0.06406869220607662,0.485,0.11318553092182032,97,1417,103
-38.52337646484375,0.06402640264026403,0.485,0.1131195335276968,97,1418,103
-38.53596115112305,0.06398416886543536,0.485,0.11305361305361306,97,1419,103
-38.53794479370117,0.06394199077125906,0.485,0.11298776936517181,97,1420,103
-38.54487609863281,0.06389986824769434,0.485,0.11292200232828871,97,1421,103
-38.5472526550293,0.06385780118499013,0.485,0.11285631180919141,97,1422,103
-38.54795455932617,0.06381578947368421,0.485,0.1127906976744186,97,1423,103
-38.55095672607422,0.06377383300460224,0.485,0.11272515979081928,97,1424,103
-38.55098342895508,0.06373193166885677,0.485,0.11265969802555167,97,1425,103
-38.555416107177734,0.06369008535784636,0.485,0.1125943122460824,97,1426,103
-38.555572509765625,0.0636482939632546,0.485,0.11252900232018563,97,1427,103
-38.556297302246094,0.06360655737704918,0.485,0.11246376811594204,97,1428,103
-38.559730529785156,0.063564875491481,0.485,0.11239860950173812,97,1429,103
-38.559993743896484,0.06352324819908317,0.485,0.1123335263462652,97,1430,103
-38.561668395996094,0.06348167539267016,0.485,0.11226851851851853,97,1431,103
-38.56707000732422,0.06344015696533682,0.485,0.11220358588779643,97,1432,103
-38.56779479980469,0.06339869281045751,0.485,0.11213872832369942,97,1433,103
-38.56963348388672,0.06335728282168518,0.485,0.11207394569612941,97,1434,103
-38.56998062133789,0.06331592689295039,0.485,0.11200923787528867,97,1435,103
-38.57014083862305,0.06327462491846053,0.485,0.11194460473167916,97,1436,103
-38.57065200805664,0.06323337679269883,0.485,0.11188004613610152,97,1437,103
-38.572357177734375,0.06319218241042346,0.485,0.1118155619596542,97,1438,103
-38.573486328125,0.06315104166666667,0.485,0.11175115207373273,97,1439,103
-38.57780456542969,0.0631099544567339,0.485,0.1116868163500288,97,1440,103
-38.578041076660156,0.06306892067620286,0.485,0.11162255466052934,97,1441,103
-38.58070373535156,0.06302794022092267,0.485,0.1115583668775158,97,1442,103
-38.583255767822266,0.06298701298701298,0.485,0.1114942528735632,97,1443,103
-38.584903717041016,0.06294613887086307,0.485,0.11143021252153934,97,1444,103
-38.590152740478516,0.062905317769131,0.485,0.1113662456946039,97,1445,103
-38.595909118652344,0.06286454957874271,0.485,0.11130235226620772,97,1446,103
-38.6020622253418,0.06282383419689119,0.485,0.11123853211009174,97,1447,103
-38.60986328125,0.0627831715210356,0.485,0.11117478510028654,97,1448,103
-38.6156005859375,0.06274256144890039,0.485,0.1111111111111111,97,1449,103
-38.61753845214844,0.06270200387847447,0.485,0.1110475100171723,97,1450,103
-38.618080139160156,0.06266149870801034,0.485,0.11098398169336385,97,1451,103
-38.618309020996094,0.06262104583602324,0.485,0.11092052601486563,97,1452,103
-38.618934631347656,0.06258064516129032,0.485,0.11085714285714283,97,1453,103
-38.623905181884766,0.06254029658284978,0.485,0.11079383209594519,97,1454,103
-38.62432098388672,0.0625,0.485,0.11073059360730593,97,1455,103
-38.631351470947266,0.062459755312298776,0.485,0.11066742726754135,97,1456,103
-38.63787078857422,0.06241956241956242,0.485,0.11060433295324973,97,1457,103
-38.63883590698242,0.062379421221864954,0.485,0.11054131054131056,97,1458,103
-38.64027404785156,0.062339331619537273,0.485,0.11047835990888381,97,1459,103
-38.64076232910156,0.06229929351316635,0.485,0.11041548093340922,97,1460,103
-38.64141845703125,0.06225930680359435,0.485,0.11035267349260522,97,1461,103
-38.64481735229492,0.062219371391917896,0.485,0.11028993746446845,97,1462,103
-38.648292541503906,0.06217948717948718,0.485,0.11022727272727273,97,1463,103
-38.64921951293945,0.06213965406790519,0.485,0.11016467915956842,97,1464,103
-38.6524658203125,0.06209987195902689,0.485,0.11010215664018161,97,1465,103
-38.65363693237305,0.062060140754958415,0.485,0.11003970504821327,97,1466,103
-38.66441345214844,0.062020460358056265,0.485,0.10997732426303855,97,1467,103
-38.66591262817383,0.061980830670926516,0.485,0.10991501416430595,97,1468,103
-38.668113708496094,0.06194125159642401,0.485,0.10985277463193657,97,1469,103
-38.66888427734375,0.06190172303765156,0.485,0.10979060554612338,97,1470,103
-38.669925689697266,0.06186224489795918,0.485,0.1097285067873303,97,1471,103
-38.67103576660156,0.061822817080943275,0.485,0.10966647823629169,97,1472,103
-38.67444610595703,0.06178343949044586,0.485,0.10960451977401131,97,1473,103
-38.67770004272461,0.061744112030553785,0.485,0.10954263128176173,97,1474,103
-38.680789947509766,0.06170483460559797,0.485,0.10948081264108353,97,1475,103
-38.682472229003906,0.06166560712015257,0.485,0.10941906373378454,97,1476,103
-38.68247604370117,0.06162642947903431,0.485,0.10935738444193913,97,1477,103
-38.68474578857422,0.061587301587301586,0.485,0.10929577464788731,97,1478,103
-38.68484115600586,0.061548223350253804,0.485,0.10923423423423423,97,1479,103
-38.685447692871094,0.061509194673430564,0.485,0.10917276308384918,97,1480,103
-38.68810272216797,0.0614702154626109,0.485,0.10911136107986502,97,1481,103
-38.688636779785156,0.06143128562381254,0.485,0.10905002810567735,97,1482,103
-38.68916702270508,0.06139240506329114,0.485,0.10898876404494383,97,1483,103
-38.690547943115234,0.061353573687539534,0.485,0.10892756878158338,97,1484,103
-38.6908073425293,0.06131479140328698,0.485,0.10886644219977554,97,1485,103
-38.69084167480469,0.06127605811749842,0.485,0.10880538418395963,97,1486,103
-38.69150161743164,0.061237373737373736,0.485,0.10874439461883409,97,1487,103
-38.694297790527344,0.061198738170347,0.485,0.10868347338935573,97,1488,103
-38.69824981689453,0.06116015132408575,0.485,0.10862262038073908,97,1489,103
-38.703834533691406,0.06112161310649023,0.485,0.10856183547845552,97,1490,103
-38.70438766479492,0.06108312342569269,0.485,0.10850111856823266,97,1491,103
-38.70623779296875,0.06104468219005664,0.485,0.10844046953605366,97,1492,103
-38.712623596191406,0.0610062893081761,0.485,0.10837988826815644,97,1493,103
-38.7236442565918,0.06096794468887492,0.485,0.10831937465103295,97,1494,103
-38.72514343261719,0.06092964824120603,0.485,0.10825892857142856,97,1495,103
-38.72613525390625,0.06089139987445072,0.485,0.10819854991634133,97,1496,103
-38.73260498046875,0.06085319949811794,0.485,0.10813823857302117,97,1497,103
-38.73267364501953,0.060815047021943576,0.485,0.10807799442896934,97,1498,103
-38.73337173461914,0.06077694235588972,0.485,0.10801781737193764,97,1499,103
-38.741214752197266,0.06073888541014402,0.485,0.10795770728992765,97,1500,103
-38.74150085449219,0.0607008760951189,0.485,0.10789766407119021,97,1501,103
-38.74348068237305,0.060662914321450906,0.485,0.10783768760422457,97,1502,103
-38.74757385253906,0.060625,0.485,0.10777777777777776,97,1503,103
-38.75074768066406,0.060587133041848845,0.485,0.10771793448084398,97,1504,103
-38.751991271972656,0.060549313358302125,0.485,0.1076581576026637,97,1505,103
-38.75302505493164,0.06051154086088584,0.485,0.10759844703272324,97,1506,103
-38.75688934326172,0.060473815461346635,0.485,0.10753880266075388,97,1507,103
-38.763790130615234,0.06043613707165109,0.485,0.10747922437673131,97,1508,103
-38.76435089111328,0.060398505603985055,0.485,0.10741971207087486,97,1509,103
-38.77637481689453,0.060360920970752956,0.485,0.10736026563364694,97,1510,103
-38.777305603027344,0.06032338308457712,0.485,0.10730088495575223,97,1511,103
-38.7792854309082,0.06028589185829708,0.485,0.1072415699281371,97,1512,103
-38.780967712402344,0.06024844720496894,0.485,0.10718232044198896,97,1513,103
-38.7867546081543,0.06021104903786468,0.485,0.1071231363887355,97,1514,103
-38.78847885131836,0.06017369727047146,0.485,0.10706401766004413,97,1515,103
-38.791221618652344,0.06013639181649101,0.485,0.10700496414782129,97,1516,103
-38.792415618896484,0.060099132589838906,0.485,0.10694597574421169,97,1517,103
-38.796016693115234,0.060061919504643964,0.485,0.10688705234159779,97,1518,103
-38.80303192138672,0.06002475247524752,0.485,0.10682819383259912,97,1519,103
-38.80403518676758,0.05998763141620284,0.485,0.10676940011007154,97,1520,103
-38.807411193847656,0.05995055624227441,0.485,0.1067106710671067,97,1521,103
-38.80757522583008,0.05991352686843731,0.485,0.10665200659703133,97,1522,103
-38.80839538574219,0.059876543209876544,0.485,0.10659340659340659,97,1523,103
-38.81191635131836,0.05983960518198643,0.485,0.10653487095002748,97,1524,103
-38.812843322753906,0.059802712700369916,0.485,0.10647639956092206,97,1525,103
-38.81584548950195,0.05976586568083796,0.485,0.10641799232035107,97,1526,103
-38.817195892333984,0.05972906403940887,0.485,0.10635964912280702,97,1527,103
-38.81790542602539,0.05969230769230769,0.485,0.10630136986301368,97,1528,103
-38.81814956665039,0.05965559655596556,0.485,0.10624315443592552,97,1529,103
-38.81855773925781,0.059618930547019056,0.485,0.10618500273672689,97,1530,103
-38.819976806640625,0.05958230958230958,0.485,0.1061269146608315,97,1531,103
-38.8203239440918,0.05954573357888275,0.485,0.10606889010388192,97,1532,103
-38.82051086425781,0.05950920245398773,0.485,0.10601092896174864,97,1533,103
-38.827327728271484,0.05947271612507664,0.485,0.10595303113052977,97,1534,103
-38.828033447265625,0.05943627450980392,0.485,0.10589519650655022,97,1535,103
-38.830848693847656,0.05939987752602572,0.485,0.10583742498636116,97,1536,103
-38.83212661743164,0.05936352509179926,0.485,0.10577971646673935,97,1537,103
-38.832489013671875,0.05932721712538226,0.485,0.10572207084468666,97,1538,103
-38.83970642089844,0.059290953545232276,0.485,0.1056644880174292,97,1539,103
-38.84162521362305,0.05925473427000611,0.485,0.10560696788241698,97,1540,103
-38.842159271240234,0.059218559218559216,0.485,0.10554951033732317,97,1541,103
-38.84217834472656,0.059182428309945086,0.485,0.10549211528004349,97,1542,103
-38.842716217041016,0.05914634146341463,0.485,0.10543478260869564,97,1543,103
-38.84383010864258,0.0591102985984156,0.485,0.10537751222161867,97,1544,103
-38.84410858154297,0.05907429963459196,0.485,0.10532030401737241,97,1545,103
-38.84479904174805,0.05903834449178332,0.485,0.10526315789473684,97,1546,103
-38.84575271606445,0.05900243309002433,0.485,0.1052060737527115,97,1547,103
-38.86039352416992,0.05896656534954407,0.485,0.10514905149051491,97,1548,103
-38.864627838134766,0.058930741190765495,0.485,0.10509209100758397,97,1549,103
-38.86488723754883,0.0588949605343048,0.485,0.10503519220357337,97,1550,103
-38.86621856689453,0.058859223300970875,0.485,0.10497835497835496,97,1551,103
-38.867637634277344,0.058823529411764705,0.485,0.1049215792320173,97,1552,103
-38.87116622924805,0.058787878787878785,0.485,0.10486486486486485,97,1553,103
-38.872459411621094,0.05875227135069655,0.485,0.1048082117774176,97,1554,103
-38.87528991699219,0.05871670702179177,0.485,0.10475161987041037,97,1555,103
-38.880470275878906,0.05868118572292801,0.485,0.10469508904479223,97,1556,103
-38.88115310668945,0.058645707376058044,0.485,0.104638619201726,97,1557,103
-38.883689880371094,0.05861027190332326,0.485,0.1045822102425876,97,1558,103
-38.89019012451172,0.058574879227053143,0.485,0.10452586206896552,97,1559,103
-38.89175033569336,0.058539529269764634,0.485,0.1044695745826602,97,1560,103
-38.898681640625,0.05850422195416164,0.485,0.10441334768568354,97,1561,103
-38.90903854370117,0.05846895720313442,0.485,0.10435718128025821,97,1562,103
-38.912967681884766,0.058433734939759036,0.485,0.10430107526881721,97,1563,103
-38.916725158691406,0.058398555087296806,0.485,0.10424502955400322,97,1564,103
-38.91948318481445,0.05836341756919374,0.485,0.1041890440386681,97,1565,103
-38.920249938964844,0.05832832230907998,0.485,0.10413311862587225,97,1566,103
-38.921180725097656,0.05829326923076923,0.485,0.10407725321888411,97,1567,103
-38.92124557495117,0.058258258258258255,0.485,0.10402144772117962,97,1568,103
-38.921783447265625,0.05822328931572629,0.485,0.10396570203644159,97,1569,103
-38.924434661865234,0.05818836232753449,0.485,0.1039100160685592,97,1570,103
-38.92719268798828,0.05815347721822542,0.485,0.10385438972162742,97,1571,103
-38.93498992919922,0.05811863391252247,0.485,0.10379882289994649,97,1572,103
-38.936439514160156,0.05808383233532934,0.485,0.1037433155080214,97,1573,103
-38.93712615966797,0.058049072411729505,0.485,0.1036878674505612,97,1574,103
-38.93748474121094,0.05801435406698564,0.485,0.10363247863247864,97,1575,103
-38.93920135498047,0.05797967722653915,0.485,0.10357714895888948,97,1576,103
-38.9392204284668,0.05794504181600956,0.485,0.10352187833511206,97,1577,103
-38.94023132324219,0.05791044776119403,0.485,0.10346666666666667,97,1578,103
-38.94029235839844,0.05787589498806683,0.485,0.10341151385927506,97,1579,103
-38.941253662109375,0.057841383422778773,0.485,0.10335641981885989,97,1580,103
-38.94139099121094,0.05780691299165673,0.485,0.10330138445154419,97,1581,103
-38.94457244873047,0.057772483621203095,0.485,0.10324640766365087,97,1582,103
-38.94841384887695,0.05773809523809524,0.485,0.10319148936170214,97,1583,103
-38.95571517944336,0.05770374776918501,0.485,0.10313662945241893,97,1584,103
-38.956703186035156,0.05766944114149822,0.485,0.10308182784272052,97,1585,103
-38.95832443237305,0.05763517528223411,0.485,0.10302708443972386,97,1586,103
-38.96153259277344,0.05760095011876484,0.485,0.10297239915074309,97,1587,103
-38.96467208862305,0.057566765578635014,0.485,0.10291777188328911,97,1588,103
-38.966068267822266,0.05753262158956109,0.485,0.10286320254506894,97,1589,103
-38.96644973754883,0.05749851807943094,0.485,0.10280869104398516,97,1590,103
-38.96717834472656,0.057464454976303314,0.485,0.10275423728813558,97,1591,103
-38.96920394897461,0.057430432208407343,0.485,0.10269984118581259,97,1592,103
-38.97417068481445,0.05739644970414201,0.485,0.10264550264550264,97,1593,103
-38.974369049072266,0.05736250739207569,0.485,0.10259122157588577,97,1594,103
-38.97502517700195,0.057328605200945626,0.485,0.10253699788583509,97,1595,103
-38.975120544433594,0.05729474305965741,0.485,0.10248283148441627,97,1596,103
-38.97679138183594,0.05726092089728453,0.485,0.10242872228088701,97,1597,103
-38.97721862792969,0.057227138643067846,0.485,0.10237467018469658,97,1598,103
-38.980690002441406,0.057193396226415096,0.485,0.10232067510548525,97,1599,103
-38.98382568359375,0.057159693576900414,0.485,0.10226673695308382,97,1600,103
-38.985286712646484,0.05712603062426384,0.485,0.10221285563751319,97,1601,103
-38.9855842590332,0.05709240729841083,0.485,0.10215903106898368,97,1602,103
-38.988037109375,0.057058823529411766,0.485,0.10210526315789474,97,1603,103
-38.98912048339844,0.05702527924750147,0.485,0.1020515518148343,97,1604,103
-38.995723724365234,0.05699177438307873,0.485,0.10199789695057836,97,1605,103
-38.99853515625,0.05695830886670581,0.485,0.10194429847609038,97,1606,103
-39.0057258605957,0.056924882629107984,0.485,0.10189075630252101,97,1607,103
-39.006107330322266,0.05689149560117302,0.485,0.10183727034120735,97,1608,103
-39.009124755859375,0.056858147713950764,0.485,0.10178384050367262,97,1609,103
-39.00973892211914,0.056824838898652606,0.485,0.10173046670162558,97,1610,103
-39.01080322265625,0.056791569086651054,0.485,0.10167714884696016,97,1611,103
-39.015296936035156,0.05675833820947923,0.485,0.10162388685175484,97,1612,103
-39.01788330078125,0.05672514619883041,0.485,0.10157068062827225,97,1613,103
-39.023406982421875,0.05669199298655757,0.485,0.10151753008895865,97,1614,103
-39.025230407714844,0.0566588785046729,0.485,0.10146443514644352,97,1615,103
-39.02619934082031,0.056625802685347344,0.485,0.10141139571353895,97,1616,103
-39.029151916503906,0.056592765460910154,0.485,0.10135841170323928,97,1617,103
-39.03253936767578,0.0565597667638484,0.485,0.10130548302872062,97,1618,103
-39.04586410522461,0.05652680652680653,0.485,0.1012526096033403,97,1619,103
-39.05084228515625,0.056493884682585906,0.485,0.10119979134063642,97,1620,103
-39.05298614501953,0.056461001164144355,0.485,0.10114702815432743,97,1621,103
-39.056488037109375,0.0564281559045957,0.485,0.10109431995831163,97,1622,103
-39.05958557128906,0.0563953488372093,0.485,0.10104166666666665,97,1623,103
-39.06040954589844,0.056362579895409645,0.485,0.10098906819364914,97,1624,103
-39.0635871887207,0.056329849012775844,0.485,0.10093652445369407,97,1625,103
-39.06372833251953,0.05629715612304121,0.485,0.10088403536141446,97,1626,103
-39.06756591796875,0.05626450116009281,0.485,0.10083160083160082,97,1627,103
-39.06958770751953,0.05623188405797101,0.485,0.10077922077922077,97,1628,103
-39.07313537597656,0.05619930475086906,0.485,0.10072689511941847,97,1629,103
-39.07405090332031,0.0561667631731326,0.485,0.10067462376751427,97,1630,103
-39.07589340209961,0.05613425925925926,0.485,0.10062240663900414,97,1631,103
-39.07752990722656,0.05610179294389821,0.485,0.10057024364955935,97,1632,103
-39.08218002319336,0.05606936416184971,0.485,0.10051813471502591,97,1633,103
-39.08324432373047,0.0560369728480647,0.485,0.10046607975142412,97,1634,103
-39.088844299316406,0.05600461893764434,0.485,0.10041407867494825,97,1635,103
-39.09196472167969,0.05597230236583958,0.485,0.10036213140196584,97,1636,103
-39.0932502746582,0.05594002306805075,0.485,0.10031023784901758,97,1637,103
-39.098785400390625,0.05590778097982709,0.485,0.10025839793281655,97,1638,103
-39.099647521972656,0.05587557603686636,0.485,0.10020661157024793,97,1639,103
-39.09982681274414,0.055843408175014396,0.485,0.10015487867836861,97,1640,103
-39.10054397583008,0.05581127733026467,0.485,0.10010319917440659,97,1641,103
-39.102447509765625,0.05577918343875791,0.485,0.10005157297576071,97,1642,103
-39.108680725097656,0.05574712643678161,0.485,0.1,97,1643,103
-39.109153747558594,0.05571510626076967,0.485,0.09994848016486346,97,1644,103
-39.111785888671875,0.05568312284730195,0.485,0.09989701338825954,97,1645,103
-39.117919921875,0.055651176133103844,0.485,0.09984559958826557,97,1646,103
-39.12153625488281,0.05561926605504587,0.485,0.09979423868312758,97,1647,103
-39.12230682373047,0.055587392550143264,0.485,0.09974293059125965,97,1648,103
-39.123680114746094,0.05555555555555555,0.485,0.09969167523124356,97,1649,103
-39.12376022338867,0.05552375500858615,0.485,0.09964047252182845,97,1650,103
-39.126625061035156,0.055491990846681924,0.485,0.0995893223819302,97,1651,103
-39.12869644165039,0.05546026300743282,0.485,0.09953822473063109,97,1652,103
-39.131874084472656,0.05542857142857143,0.485,0.0994871794871795,97,1653,103
-39.13329315185547,0.05539691604797259,0.485,0.09943618657098924,97,1654,103
-39.13941955566406,0.055365296803652965,0.485,0.09938524590163933,97,1655,103
-39.14316940307617,0.05533371363377068,0.485,0.09933435739887352,97,1656,103
-39.14879608154297,0.05530216647662486,0.485,0.09928352098259978,97,1657,103
-39.1505126953125,0.05527065527065527,0.485,0.09923273657289003,97,1658,103
-39.15206527709961,0.055239179954441914,0.485,0.09918200408997954,97,1659,103
-39.15407180786133,0.05520774046670461,0.485,0.09913132345426674,97,1660,103
-39.1551399230957,0.055176336746302616,0.485,0.09908069458631256,97,1661,103
-39.16023635864258,0.05514496873223423,0.485,0.09903011740684024,97,1662,103
-39.1629524230957,0.055113636363636365,0.485,0.0989795918367347,97,1663,103
-39.171478271484375,0.055082339579784215,0.485,0.09892911779704232,97,1664,103
-39.17595291137695,0.055051078320090804,0.485,0.09887869520897043,97,1665,103
-39.179656982421875,0.055019852524106634,0.485,0.09882832399388689,97,1666,103
-39.18069839477539,0.054988662131519275,0.485,0.09877800407331976,97,1667,103
-39.18171310424805,0.054957507082152975,0.485,0.09872773536895674,97,1668,103
-39.1828498840332,0.05492638731596829,0.485,0.09867751780264497,97,1669,103
-39.18312072753906,0.054895302773061684,0.485,0.09862735129639044,97,1670,103
-39.18696212768555,0.05486425339366516,0.485,0.09857723577235772,97,1671,103
-39.18873977661133,0.054833239118145846,0.485,0.09852717115286948,97,1672,103
-39.1894645690918,0.05480225988700565,0.485,0.09847715736040609,97,1673,103
-39.19499588012695,0.054771315640880856,0.485,0.09842719431760526,97,1674,103
-39.19502639770508,0.05474040632054176,0.485,0.09837728194726165,97,1675,103
-39.195613861083984,0.05470953186689227,0.485,0.09832742017232639,97,1676,103
-39.1987190246582,0.05467869222096956,0.485,0.0982776089159068,97,1677,103
-39.19912338256836,0.05464788732394366,0.485,0.09822784810126582,97,1678,103
-39.20121383666992,0.054617117117117114,0.485,0.09817813765182185,97,1679,103
-39.205177307128906,0.05458638154192459,0.485,0.0981284774911482,97,1680,103
-39.20661163330078,0.05455568053993251,0.485,0.0980788675429727,97,1681,103
-39.20805358886719,0.054525014052838675,0.485,0.09802930773117735,97,1682,103
-39.212066650390625,0.05449438202247191,0.485,0.09797979797979797,97,1683,103
-39.21284103393555,0.05446378439079169,0.485,0.09793033821302373,97,1684,103
-39.21397399902344,0.05443322109988777,0.485,0.09788092835519677,97,1685,103
-39.215248107910156,0.05440269209197981,0.485,0.0978315683308119,97,1686,103
-39.215797424316406,0.05437219730941704,0.485,0.09778225806451613,97,1687,103
-39.21657943725586,0.05434173669467787,0.485,0.09773299748110831,97,1688,103
-39.22052764892578,0.05431131019036954,0.485,0.09768378650553877,97,1689,103
-39.22368621826172,0.05428091773922775,0.485,0.09763462506290892,97,1690,103
-39.225982666015625,0.05425055928411633,0.485,0.09758551307847081,97,1691,103
-39.2273063659668,0.05422023476802683,0.485,0.09753645047762693,97,1692,103
-39.228919982910156,0.05418994413407821,0.485,0.09748743718592966,97,1693,103
-39.2293586730957,0.05415968732551647,0.485,0.09743847312908087,97,1694,103
-39.23080062866211,0.05412946428571429,0.485,0.09738955823293173,97,1695,103
-39.2315559387207,0.054099274958170664,0.485,0.09734069242348219,97,1696,103
-39.23237228393555,0.05406911928651059,0.485,0.09729187562688064,97,1697,103
-39.23237991333008,0.05403899721448468,0.485,0.09724310776942355,97,1698,103
-39.23413848876953,0.05400890868596882,0.485,0.0971943887775551,97,1699,103
-39.24647521972656,0.053978853644963826,0.485,0.0971457185778668,97,1700,103
-39.248291015625,0.053948832035595105,0.485,0.0970970970970971,97,1701,103
-39.24956512451172,0.05391884380211229,0.485,0.09704852426213106,97,1702,103
-39.251731872558594,0.05388888888888889,0.485,0.097,97,1703,103
-39.262535095214844,0.05385896724042199,0.485,0.09695152423788107,97,1704,103
-39.265811920166016,0.05382907880133185,0.485,0.09690309690309691,97,1705,103
-39.26655960083008,0.05379922351636162,0.485,0.09685471792311534,97,1706,103
-39.267723083496094,0.05376940133037694,0.485,0.09680638722554889,97,1707,103
-39.270450592041016,0.05373961218836565,0.485,0.09675810473815462,97,1708,103
-39.27252197265625,0.05370985603543743,0.485,0.09670987038883351,97,1709,103
-39.285606384277344,0.05368013281682346,0.485,0.0966616841056303,97,1710,103
-39.29054641723633,0.053650442477876106,0.485,0.09661354581673308,97,1711,103
-39.292076110839844,0.053620784964068545,0.485,0.09656545545047288,97,1712,103
-39.29573440551758,0.05359116022099448,0.485,0.09651741293532337,97,1713,103
-39.29721450805664,0.053561568194367755,0.485,0.09646941819990056,97,1714,103
-39.29827880859375,0.05353200883002208,0.485,0.09642147117296224,97,1715,103
-39.30244827270508,0.053502482073910645,0.485,0.09637357178340786,97,1716,103
-39.303749084472656,0.053472987872105845,0.485,0.09632571996027806,97,1717,103
-39.30854415893555,0.0534435261707989,0.485,0.09627791563275434,97,1718,103
-39.31039047241211,0.05341409691629956,0.485,0.09623015873015872,97,1719,103
-39.314090728759766,0.053384700055035775,0.485,0.0961824491819534,97,1720,103
-39.31585693359375,0.05335533553355336,0.485,0.09613478691774036,97,1721,103
-39.31623840332031,0.05332600329851567,0.485,0.09608717186726103,97,1722,103
-39.317325592041016,0.053296703296703295,0.485,0.09603960396039603,97,1723,103
-39.317626953125,0.05326743547501373,0.485,0.09599208312716476,97,1724,103
-39.3253173828125,0.05323819978046103,0.485,0.09594460929772501,97,1725,103
-39.32712173461914,0.053208996160175534,0.485,0.09589718240237272,97,1726,103
-39.32902908325195,0.05317982456140351,0.485,0.0958498023715415,97,1727,103
-39.33134078979492,0.05315068493150685,0.485,0.09580246913580247,97,1728,103
-39.333091735839844,0.05312157721796276,0.485,0.09575518262586379,97,1729,103
-39.33331298828125,0.05309250136836344,0.485,0.0957079427725703,97,1730,103
-39.335113525390625,0.05306345733041575,0.485,0.09566074950690334,97,1731,103
-39.33534240722656,0.05303444505194095,0.485,0.09561360275998028,97,1732,103
-39.33770751953125,0.053005464480874315,0.485,0.09556650246305419,97,1733,103
-39.338050842285156,0.052976515565264885,0.485,0.09551944854751356,97,1734,103
-39.340667724609375,0.05294759825327511,0.485,0.09547244094488189,97,1735,103
-39.348777770996094,0.05291871249318058,0.485,0.09542547958681752,97,1736,103
-39.35463333129883,0.05288985823336968,0.485,0.09537856440511308,97,1737,103
-39.37297058105469,0.05286103542234333,0.485,0.09533169533169533,97,1738,103
-39.37446212768555,0.0528322440087146,0.485,0.09528487229862476,97,1739,103
-39.3745231628418,0.05280348394120849,0.485,0.09523809523809523,97,1740,103
-39.374698638916016,0.05277475516866159,0.485,0.09519136408243375,97,1741,103
-39.3753776550293,0.05274605764002175,0.485,0.09514467876410006,97,1742,103
-39.37840270996094,0.05271739130434783,0.485,0.09509803921568628,97,1743,103
-39.379676818847656,0.052688756110809344,0.485,0.0950514453699167,97,1744,103
-39.380584716796875,0.05266015200868621,0.485,0.09500489715964741,97,1745,103
-39.38393783569336,0.05263157894736842,0.485,0.09495839451786586,97,1746,103
-39.38404846191406,0.05260303687635575,0.485,0.09491193737769081,97,1747,103
-39.38621139526367,0.05257452574525745,0.485,0.09486552567237164,97,1748,103
-39.387454986572266,0.05254604550379198,0.485,0.09481915933528837,97,1749,103
-39.3878288269043,0.05251759610178668,0.485,0.09477283829995116,97,1750,103
-39.396522521972656,0.05248917748917749,0.485,0.0947265625,97,1751,103
-39.40766143798828,0.052460789616008655,0.485,0.09468033186920449,97,1752,103
-39.41153335571289,0.05243243243243243,0.485,0.09463414634146342,97,1753,103
-39.41438293457031,0.05240410588870881,0.485,0.09458800585080449,97,1754,103
-39.42085647583008,0.052375809935205186,0.485,0.09454191033138402,97,1755,103
-39.42206573486328,0.052347544522396115,0.485,0.09449585971748661,97,1756,103
-39.4233512878418,0.052319309600863,0.485,0.09444985394352484,97,1757,103
-39.4249382019043,0.0522911051212938,0.485,0.09440389294403893,97,1758,103
-39.427696228027344,0.052262931034482756,0.485,0.0943579766536965,97,1759,103
-39.44188690185547,0.052234787291330104,0.485,0.09431210500729217,97,1760,103
-39.44298553466797,0.052206673842841764,0.485,0.09426627793974733,97,1761,103
-39.447296142578125,0.0521785906401291,0.485,0.09422049538610976,97,1762,103
-39.453514099121094,0.0521505376344086,0.485,0.0941747572815534,97,1763,103
-39.45465850830078,0.05212251477700161,0.485,0.09412906356137797,97,1764,103
-39.458988189697266,0.05209452201933405,0.485,0.09408341416100874,97,1765,103
-39.45985412597656,0.05206655931293613,0.485,0.09403780901599612,97,1766,103
-39.47096252441406,0.05203862660944206,0.485,0.0939922480620155,97,1767,103
-39.47146987915039,0.05201072386058981,0.485,0.09394673123486683,97,1768,103
-39.47404098510742,0.051982851018220796,0.485,0.09390125847047436,97,1769,103
-39.47454071044922,0.05195500803427959,0.485,0.09385582970488632,97,1770,103
-39.47454833984375,0.05192719486081371,0.485,0.09381044487427467,97,1771,103
-39.4803466796875,0.051899411449973246,0.485,0.09376510391493474,97,1772,103
-39.48887252807617,0.051871657754010696,0.485,0.09371980676328502,97,1773,103
-39.488956451416016,0.0518439337252806,0.485,0.09367455335586673,97,1774,103
-39.488990783691406,0.05181623931623932,0.485,0.09362934362934362,97,1775,103
-39.491050720214844,0.05178857447944474,0.485,0.09358417752050167,97,1776,103
-39.49618148803711,0.05176093916755603,0.485,0.09353905496624879,97,1777,103
-39.5024299621582,0.05173333333333333,0.485,0.09349397590361445,97,1778,103
-39.51145935058594,0.051705756929637525,0.485,0.09344894026974952,97,1779,103
-39.51152420043945,0.051678209909429944,0.485,0.09340394800192585,97,1780,103
-39.51301193237305,0.0516506922257721,0.485,0.0933589990375361,97,1781,103
-39.513671875,0.05162320383182544,0.485,0.09331409331409334,97,1782,103
-39.51725769042969,0.05159574468085106,0.485,0.09326923076923077,97,1783,103
-39.522525787353516,0.051568314726209465,0.485,0.09322441134070159,97,1784,103
-39.52555847167969,0.05154091392136025,0.485,0.09317963496637847,97,1785,103
-39.5262565612793,0.05151354221986192,0.485,0.09313490158425348,97,1786,103
-39.526390075683594,0.05148619957537155,0.485,0.09309021113243761,97,1787,103
-39.52656173706055,0.051458885941644564,0.485,0.09304556354916066,97,1788,103
-39.52793502807617,0.05143160127253447,0.485,0.09300095877277087,97,1789,103
-39.53276824951172,0.05140434552199258,0.485,0.09295639674173455,97,1790,103
-39.53607940673828,0.0513771186440678,0.485,0.09291187739463602,97,1791,103
-39.53636932373047,0.0513499205929063,0.485,0.09286740067017711,97,1792,103
-39.53830337524414,0.051322751322751325,0.485,0.09282296650717703,97,1793,103
-39.53865051269531,0.05129561078794289,0.485,0.09277857484457198,97,1794,103
-39.53907775878906,0.051268498942917545,0.485,0.09273422562141491,97,1795,103
-39.539615631103516,0.051241415742208134,0.485,0.0926899187768753,97,1796,103
-39.54686737060547,0.051214361140443504,0.485,0.09264565425023877,97,1797,103
-39.549964904785156,0.05118733509234828,0.485,0.09260143198090691,97,1798,103
-39.55622100830078,0.051160337552742616,0.485,0.09255725190839695,97,1799,103
-39.5563850402832,0.05113336847654191,0.485,0.09251311397234142,97,1800,103
-39.556724548339844,0.051106427818756586,0.485,0.09246901811248807,97,1801,103
-39.569278717041016,0.05107951553449184,0.485,0.09242496426869938,97,1802,103
-39.57181167602539,0.05105263157894737,0.485,0.09238095238095238,97,1803,103
-39.57843780517578,0.05102577590741715,0.485,0.0923369823893384,97,1804,103
-39.58533477783203,0.05099894847528917,0.485,0.0922930542340628,97,1805,103
-39.58912658691406,0.05097214923804519,0.485,0.09224916785544461,97,1806,103
-39.59163284301758,0.050945378151260504,0.485,0.09220532319391635,97,1807,103
-39.59804153442383,0.050918635170603674,0.485,0.09216152019002376,97,1808,103
-39.59882354736328,0.05089192025183631,0.485,0.09211775878442545,97,1809,103
-39.60130310058594,0.0508652333508128,0.485,0.09207403891789273,97,1810,103
-39.60173034667969,0.05083857442348008,0.485,0.0920303605313093,97,1811,103
-39.60370635986328,0.05081194342587742,0.485,0.09198672356567093,97,1812,103
-39.6067008972168,0.050785340314136125,0.485,0.0919431279620853,97,1813,103
-39.609317779541016,0.05075876504447933,0.485,0.09189957366177166,97,1814,103
-39.61661911010742,0.05073221757322176,0.485,0.09185606060606061,97,1815,103
-39.617469787597656,0.05070569785676947,0.485,0.09181258873639374,97,1816,103
-39.619014739990234,0.05067920585161965,0.485,0.09176915799432356,97,1817,103
-39.6199836730957,0.05065274151436031,0.485,0.091725768321513,97,1818,103
-39.62411880493164,0.050626304801670144,0.485,0.09168241965973534,97,1819,103
-39.63003921508789,0.0505998956703182,0.485,0.09163911195087387,97,1820,103
-39.642887115478516,0.05057351407716371,0.485,0.09159584513692162,97,1821,103
-39.64459991455078,0.05054715997915581,0.485,0.09155261915998113,97,1822,103
-39.65163803100586,0.050520833333333334,0.485,0.09150943396226416,97,1823,103
-39.65397644042969,0.05049453409682457,0.485,0.09146628948609146,97,1824,103
-39.65556335449219,0.050468262226847034,0.485,0.09142318567389256,97,1825,103
-39.656192779541016,0.050442017680707225,0.485,0.09138012246820537,97,1826,103
-39.656455993652344,0.05041580041580042,0.485,0.09133709981167609,97,1827,103
-39.66162872314453,0.05038961038961039,0.485,0.09129411764705882,97,1828,103
-39.665130615234375,0.05036344755970924,0.485,0.09125117591721543,97,1829,103
-39.66684341430664,0.05033731188375713,0.485,0.09120827456511518,97,1830,103
-39.667144775390625,0.050311203319502076,0.485,0.09116541353383459,97,1831,103
-39.669700622558594,0.05028512182477968,0.485,0.09112259276655707,97,1832,103
-39.6700439453125,0.050259067357512954,0.485,0.09107981220657277,97,1833,103
-39.67328643798828,0.050233039875712066,0.485,0.09103707179727827,97,1834,103
-39.67426681518555,0.05020703933747412,0.485,0.09099437148217634,97,1835,103
-39.68135452270508,0.05018106570098293,0.485,0.09095171120487577,97,1836,103
-39.68545150756836,0.05015511892450879,0.485,0.09090909090909091,97,1837,103
-39.68893051147461,0.050129198966408266,0.485,0.09086651053864168,97,1838,103
-39.69063186645508,0.05010330578512397,0.485,0.09082397003745317,97,1839,103
-39.69065475463867,0.05007743933918431,0.485,0.09078146934955546,97,1840,103
-39.692195892333984,0.0500515995872033,0.485,0.09073900841908326,97,1841,103
-39.693546295166016,0.05002578648788035,0.485,0.09069658719027582,97,1842,103
-39.69393539428711,0.05,0.485,0.09065420560747663,97,1843,103
-39.69465637207031,0.04997424008243174,0.485,0.09061186361513311,97,1844,103
-39.697669982910156,0.049948506694129764,0.485,0.09056956115779645,97,1845,103
-39.69904708862305,0.049922799794132784,0.485,0.09052729818012131,97,1846,103
-39.699913024902344,0.04989711934156379,0.485,0.09048507462686567,97,1847,103
-39.700870513916016,0.04987146529562982,0.485,0.09044289044289044,97,1848,103
-39.70240020751953,0.04984583761562179,0.485,0.09040074557315937,97,1849,103
-39.70336151123047,0.049820236260914225,0.485,0.0903586399627387,97,1850,103
-39.70833206176758,0.049794661190965095,0.485,0.09031657355679702,97,1851,103
-39.70891189575195,0.049769112365315546,0.485,0.09027454630060493,97,1852,103
-39.712554931640625,0.04974358974358974,0.485,0.09023255813953489,97,1853,103
-39.71317672729492,0.04971809328549462,0.485,0.09019060901906091,97,1854,103
-39.713539123535156,0.04969262295081967,0.485,0.09014869888475836,97,1855,103
-39.715904235839844,0.049667178699436765,0.485,0.09010682768230376,97,1856,103
-39.71794891357422,0.0496417604912999,0.485,0.09006499535747448,97,1857,103
-39.720237731933594,0.049616368286445015,0.485,0.0900232018561485,97,1858,103
-39.72332763671875,0.04959100204498978,0.485,0.08998144712430427,97,1859,103
-39.73495864868164,0.049565661727133364,0.485,0.0899397311080204,97,1860,103
-39.73591613769531,0.04954034729315628,0.485,0.08989805375347545,97,1861,103
-39.736846923828125,0.049515058703420115,0.485,0.08985641500694767,97,1862,103
-39.737518310546875,0.049489795918367344,0.485,0.08981481481481482,97,1863,103
-39.743167877197266,0.049464558898521166,0.485,0.08977325312355391,97,1864,103
-39.75056076049805,0.04943934760448522,0.485,0.08973172987974098,97,1865,103
-39.7507209777832,0.049414161996943456,0.485,0.08969024503005085,97,1866,103
-39.75160598754883,0.04938900203665988,0.485,0.08964879852125694,97,1867,103
-39.75337219238281,0.04936386768447837,0.485,0.08960739030023093,97,1868,103
-39.755374908447266,0.049338758901322485,0.485,0.08956602031394277,97,1869,103
-39.762691497802734,0.04931367564819522,0.485,0.08952468850946009,97,1870,103
-39.76420211791992,0.04928861788617886,0.485,0.08948339483394833,97,1871,103
-39.778038024902344,0.04926358557643474,0.485,0.08944213923467036,97,1872,103
-39.77883529663086,0.049238578680203045,0.485,0.08940092165898617,97,1873,103
-39.78003692626953,0.049213597158802636,0.485,0.08935974205435282,97,1874,103
-39.784847259521484,0.049188640973630834,0.485,0.08931860036832413,97,1875,103
-39.78504180908203,0.0491637100861632,0.485,0.0892774965485504,97,1876,103
-39.78689956665039,0.04913880445795339,0.485,0.08923643054277829,97,1877,103
-39.78787612915039,0.04911392405063291,0.485,0.08919540229885058,97,1878,103
-39.79266357421875,0.04908906882591093,0.485,0.08915441176470588,97,1879,103
-39.79289627075195,0.049064238745574106,0.485,0.08911345888837852,97,1880,103
-39.796180725097656,0.04903943377148635,0.485,0.08907254361799816,97,1881,103
-39.79865646362305,0.04901465386558868,0.485,0.08903166590178982,97,1882,103
-39.801021575927734,0.04898989898989899,0.485,0.0889908256880734,97,1883,103
-39.80198287963867,0.048965169106511865,0.485,0.08895002292526365,97,1884,103
-39.80230712890625,0.04894046417759838,0.485,0.08890925756186985,97,1885,103
-39.80306625366211,0.04891578416540595,0.485,0.08886852954649564,97,1886,103
-39.804874420166016,0.04889112903225806,0.485,0.08882783882783882,97,1887,103
-39.80658721923828,0.048866498740554154,0.485,0.08878718535469107,97,1888,103
-39.812808990478516,0.048841893252769386,0.485,0.0887465690759378,97,1889,103
-39.8171501159668,0.04881731253145445,0.485,0.08870598994055783,97,1890,103
-39.817840576171875,0.04879275653923541,0.485,0.0886654478976234,97,1891,103
-39.82313919067383,0.048768225238813474,0.485,0.08862494289629967,97,1892,103
-39.824642181396484,0.04874371859296482,0.485,0.08858447488584474,97,1893,103
-39.825313568115234,0.048719236564540434,0.485,0.0885440438156093,97,1894,103
-39.826656341552734,0.048694779116465865,0.485,0.0885036496350365,97,1895,103
-39.83054733276367,0.04867034621174109,0.485,0.08846329229366165,97,1896,103
-39.836097717285156,0.04864593781344032,0.485,0.08842297174111213,97,1897,103
-39.843727111816406,0.04862155388471178,0.485,0.08838268792710706,97,1898,103
-39.84817886352539,0.048597194388777555,0.485,0.0883424408014572,97,1899,103
-39.849056243896484,0.0485728592889334,0.485,0.08830223031406463,97,1900,103
-39.84920120239258,0.04854854854854855,0.485,0.08826205641492267,97,1901,103
-39.850032806396484,0.04852426213106553,0.485,0.08822191905411551,97,1902,103
-39.855194091796875,0.0485,0.485,0.0881818181818182,97,1903,103
-39.858131408691406,0.04847576211894053,0.485,0.08814175374829622,97,1904,103
-39.859642028808594,0.04845154845154845,0.485,0.08810172570390554,97,1905,103
-39.860130310058594,0.048427358961557664,0.485,0.08806173399909215,97,1906,103
-39.86525344848633,0.04840319361277445,0.485,0.08802177858439202,97,1907,103
-39.87849807739258,0.04837905236907731,0.485,0.08798185941043084,97,1908,103
-39.87851333618164,0.04835493519441675,0.485,0.08794197642792385,97,1909,103
-39.87889099121094,0.04833084205281515,0.485,0.08790212958767558,97,1910,103
-39.883811950683594,0.04830677290836653,0.485,0.08786231884057971,97,1911,103
-39.88481140136719,0.04828272772523644,0.485,0.08782254413761884,97,1912,103
-39.887115478515625,0.04825870646766169,0.485,0.08778280542986425,97,1913,103
-39.88861083984375,0.04823470909995027,0.485,0.08774310266847579,97,1914,103
-39.89027404785156,0.04821073558648111,0.485,0.08770343580470161,97,1915,103
-39.890499114990234,0.04818678589170392,0.485,0.087663804789878,97,1916,103
-39.89727020263672,0.04816285998013903,0.485,0.08762420957542909,97,1917,103
-39.89815139770508,0.04813895781637717,0.485,0.0875846501128668,97,1918,103
-39.90586471557617,0.04811507936507937,0.485,0.08754512635379061,97,1919,103
-39.905921936035156,0.0480912245909767,0.485,0.08750563824988725,97,1920,103
-39.90667724609375,0.04806739345887017,0.485,0.08746618575293058,97,1921,103
-39.90932846069336,0.04804358593363051,0.485,0.08742676881478144,97,1922,103
-39.909671783447266,0.04801980198019802,0.485,0.08738738738738738,97,1923,103
-39.91564178466797,0.047996041563582385,0.485,0.08734804142278253,97,1924,103
-39.91594696044922,0.04797230464886251,0.485,0.08730873087308733,97,1925,103
-39.9166145324707,0.04794859120118636,0.485,0.08726945569050833,97,1926,103
-39.92007827758789,0.04792490118577075,0.485,0.08723021582733813,97,1927,103
-39.92112350463867,0.047901234567901234,0.485,0.08719101123595507,97,1928,103
-39.926143646240234,0.047877591312931886,0.485,0.08715184186882301,97,1929,103
-39.926918029785156,0.04785397138628515,0.485,0.08711270767849126,97,1930,103
-39.92962646484375,0.04783037475345168,0.485,0.08707360861759426,97,1931,103
-39.930057525634766,0.04780680137999014,0.485,0.08703454463885149,97,1932,103
-39.93266296386719,0.047783251231527095,0.485,0.08699551569506728,97,1933,103
-39.933998107910156,0.04775972427375677,0.485,0.08695652173913045,97,1934,103
-39.93596649169922,0.04773622047244094,0.485,0.08691756272401432,97,1935,103
-39.940025329589844,0.04771273979340875,0.485,0.08687863860277653,97,1936,103
-39.94023513793945,0.04768928220255654,0.485,0.08683974932855865,97,1937,103
-39.94581985473633,0.047665847665847666,0.485,0.08680089485458613,97,1938,103
-39.947731018066406,0.04764243614931238,0.485,0.08676207513416816,97,1939,103
-39.948326110839844,0.047619047619047616,0.485,0.08672329012069736,97,1940,103
-39.95496368408203,0.04759568204121688,0.485,0.08668453976764968,97,1941,103
-39.96586227416992,0.04757233938205002,0.485,0.08664582402858417,97,1942,103
-39.96680450439453,0.047549019607843135,0.485,0.08660714285714287,97,1943,103
-39.97720718383789,0.04752572268495835,0.485,0.08656849620705043,97,1944,103
-39.98454666137695,0.047502448579823706,0.485,0.0865298840321142,97,1945,103
-39.98478317260742,0.04747919725893294,0.485,0.0864913062862238,97,1946,103
-39.994712829589844,0.0474559686888454,0.485,0.08645276292335115,97,1947,103
-39.999298095703125,0.04743276283618582,0.485,0.08641425389755011,97,1948,103
-40.00444793701172,0.04740957966764418,0.485,0.08637577916295637,97,1949,103
-40.00465393066406,0.04738641914997557,0.485,0.08633733867378728,97,1950,103
-40.00556564331055,0.04736328125,0.485,0.08629893238434164,97,1951,103
-40.010215759277344,0.047340165934602246,0.485,0.08626056024899956,97,1952,103
-40.01829528808594,0.04731707317073171,0.485,0.08622222222222221,97,1953,103
-40.018959045410156,0.04729400292540224,0.485,0.08618391825855176,97,1954,103
-40.033447265625,0.047270955165692005,0.485,0.086145648312611,97,1955,103
-40.038265228271484,0.0472479298587433,0.485,0.08610741233910342,97,1956,103
-40.0464973449707,0.047224926971762414,0.485,0.08606921029281278,97,1957,103
-40.049102783203125,0.04720194647201947,0.485,0.0860310421286031,97,1958,103
-40.052940368652344,0.04717898832684825,0.485,0.08599290780141844,97,1959,103
-40.053489685058594,0.04715605250364609,0.485,0.08595480726628267,97,1960,103
-40.057491302490234,0.047133138969873666,0.485,0.08591674047829938,97,1961,103
-40.05897521972656,0.04711024769305488,0.485,0.08587870739265162,97,1962,103
-40.061622619628906,0.0470873786407767,0.485,0.08584070796460178,97,1963,103
-40.07105255126953,0.047064531780688985,0.485,0.08580274214949137,97,1964,103
-40.072364807128906,0.04704170708050436,0.485,0.08576480990274093,97,1965,103
-40.07732391357422,0.04701890450799806,0.485,0.08572691117984975,97,1966,103
-40.07820510864258,0.04699612403100775,0.485,0.08568904593639577,97,1967,103
-40.0831298828125,0.04697336561743341,0.485,0.08565121412803532,97,1968,103
-40.08815002441406,0.04695062923523717,0.485,0.08561341571050307,97,1969,103
-40.090415954589844,0.04692791485244315,0.485,0.08557565063961181,97,1970,103
-40.09281921386719,0.04690522243713733,0.485,0.0855379188712522,97,1971,103
-40.09418869018555,0.04688255195746738,0.485,0.08550022036139268,97,1972,103
-40.09545135498047,0.04685990338164251,0.485,0.08546255506607929,97,1973,103
-40.098934173583984,0.046837276677933366,0.485,0.0854249229414355,97,1974,103
-40.10181427001953,0.04681467181467181,0.485,0.08538732394366197,97,1975,103
-40.10765075683594,0.046792088760250844,0.485,0.08534975802903651,97,1976,103
-40.1112174987793,0.0467695274831244,0.485,0.08531222515391382,97,1977,103
-40.11408233642578,0.04674698795180723,0.485,0.08527472527472528,97,1978,103
-40.11739730834961,0.04672447013487476,0.485,0.0852372583479789,97,1979,103
-40.117679595947266,0.046701974000962924,0.485,0.08519982433025912,97,1980,103
-40.11972427368164,0.04667949951876805,0.485,0.08516242317822652,97,1981,103
-40.1203727722168,0.046657046657046654,0.485,0.08512505484861782,97,1982,103
-40.12238311767578,0.046634615384615385,0.485,0.0850877192982456,97,1983,103
-40.12340545654297,0.04661220567035079,0.485,0.08505041648399825,97,1984,103
-40.13124084472656,0.046589817483189244,0.485,0.08501314636283962,97,1985,103
-40.132694244384766,0.04656745079212674,0.485,0.08497590889180903,97,1986,103
-40.13273620605469,0.04654510556621881,0.485,0.08493870402802102,97,1987,103
-40.13581848144531,0.04652278177458034,0.485,0.0849015317286652,97,1988,103
-40.1370964050293,0.04650047938638543,0.485,0.08486439195100612,97,1989,103
-40.137142181396484,0.04647819837086727,0.485,0.08482728465238304,97,1990,103
-40.14579391479492,0.04645593869731801,0.485,0.08479020979020979,97,1991,103
-40.153167724609375,0.04643370033508856,0.485,0.08475316732197467,97,1992,103
-40.15354919433594,0.046411483253588515,0.485,0.08471615720524017,97,1993,103
-40.155643463134766,0.046389287422285985,0.485,0.08467917939764294,97,1994,103
-40.16431427001953,0.046367112810707455,0.485,0.08464223385689354,97,1995,103
-40.16756057739258,0.04634495938843765,0.485,0.08460532054077628,97,1996,103
-40.169776916503906,0.04632282712511939,0.485,0.0845684394071491,97,1997,103
-40.173316955566406,0.04630071599045346,0.485,0.08453159041394336,97,1998,103
-40.17384338378906,0.046278625954198474,0.485,0.08449477351916376,97,1999,103
-40.17799758911133,0.04625655698617072,0.485,0.08445798868088812,97,2000,103
-40.181068420410156,0.046234509056244044,0.485,0.0844212358572672,97,2001,103
-40.181941986083984,0.04621248213434969,0.485,0.08438451500652458,97,2002,103
-40.18387222290039,0.04619047619047619,0.485,0.08434782608695651,97,2003,103
-40.18402862548828,0.0461684911946692,0.485,0.08431116905693176,97,2004,103
-40.18625259399414,0.0461465271170314,0.485,0.0842745438748914,97,2005,103
-40.187461853027344,0.0461245839277223,0.485,0.08423795049934867,97,2006,103
-40.19279861450195,0.046102661596958174,0.485,0.08420138888888888,97,2007,103
-40.197853088378906,0.04608076009501188,0.485,0.0841648590021692,97,2008,103
-40.198978424072266,0.046058879392212725,0.485,0.08412836079791847,97,2009,103
-40.20243835449219,0.04603701945894637,0.485,0.08409189423493715,97,2010,103
-40.207977294921875,0.04601518026565465,0.485,0.08405545927209705,97,2011,103
-40.21042251586914,0.04599336178283547,0.485,0.08401905586834127,97,2012,103
-40.21251678466797,0.04597156398104266,0.485,0.08398268398268399,97,2013,103
-40.22275924682617,0.04594978683088584,0.485,0.08394634357421031,97,2014,103
-40.23075485229492,0.045928030303030304,0.485,0.08391003460207613,97,2015,103
-40.23283386230469,0.045906294368196876,0.485,0.083873757025508,97,2016,103
-40.236236572265625,0.04588457899716178,0.485,0.08383751080380294,97,2017,103
-40.24837112426758,0.0458628841607565,0.485,0.08380129589632829,97,2018,103
-40.25265121459961,0.045841209829867675,0.485,0.08376511226252158,97,2019,103
-40.257118225097656,0.04581955597543694,0.485,0.08372895986189037,97,2020,103
-40.2616081237793,0.04579792256846081,0.485,0.08369283865401207,97,2021,103
-40.27186584472656,0.045776309579990564,0.485,0.08365674859853386,97,2022,103
-40.27770233154297,0.04575471698113207,0.485,0.08362068965517241,97,2023,103
-40.283233642578125,0.04573314474304573,0.485,0.08358466178371393,97,2024,103
-40.28731918334961,0.04571159283694628,0.485,0.08354866494401379,97,2025,103
-40.29193878173828,0.045690061234102686,0.485,0.08351269909599655,97,2026,103
-40.292205810546875,0.04566854990583804,0.485,0.08347676419965576,97,2027,103
-40.29854202270508,0.04564705882352941,0.485,0.08344086021505376,97,2028,103
-40.29924011230469,0.045625587958607716,0.485,0.08340498710232158,97,2029,103
-40.30223083496094,0.04560413728255759,0.485,0.08336914482165879,97,2030,103
-40.30243682861328,0.045582706766917294,0.485,0.08333333333333333,97,2031,103
-40.303077697753906,0.045561296383278535,0.485,0.08329755259768142,97,2032,103
-40.30692672729492,0.045539906103286384,0.485,0.08326180257510729,97,2033,103
-40.30940246582031,0.045518535898639134,0.485,0.08322608322608324,97,2034,103
-40.31096649169922,0.04549718574108818,0.485,0.08319039451114923,97,2035,103
-40.32001876831055,0.04547585560243788,0.485,0.08315473639091299,97,2036,103
-40.32467269897461,0.045454545454545456,0.485,0.08311910882604971,97,2037,103
-40.3292121887207,0.04543325526932084,0.485,0.08308351177730193,97,2038,103
-40.33329772949219,0.04541198501872659,0.485,0.08304794520547945,97,2039,103
-40.33353805541992,0.04539073467477773,0.485,0.08301240907145914,97,2040,103
-40.333831787109375,0.045369504209541625,0.485,0.08297690333618477,97,2041,103
-40.33481216430664,0.045348293595137916,0.485,0.08294142796066695,97,2042,103
-40.335575103759766,0.04532710280373832,0.485,0.08290598290598292,97,2043,103
-40.335777282714844,0.045305931807566556,0.485,0.08287056813327637,97,2044,103
-40.33796310424805,0.045284780578898225,0.485,0.08283518360375747,97,2045,103
-40.33995819091797,0.04526364909006066,0.485,0.08279982927870252,97,2046,103
-40.34217071533203,0.045242537313432835,0.485,0.08276450511945392,97,2047,103
-40.34711456298828,0.04522144522144522,0.485,0.08272921108742004,97,2048,103
-40.35154342651367,0.045200372786579686,0.485,0.08269394714407502,97,2049,103
-40.35335159301758,0.04517931998136935,0.485,0.08265871325095865,97,2050,103
-40.36293029785156,0.04515828677839851,0.485,0.08262350936967633,97,2051,103
-40.36595916748047,0.045137273150302464,0.485,0.08258833546189867,97,2052,103
-40.36688232421875,0.045116279069767444,0.485,0.0825531914893617,97,2053,103
-40.373329162597656,0.04509530450953045,0.485,0.08251807741386644,97,2054,103
-40.37506103515625,0.04507434944237918,0.485,0.0824829931972789,97,2055,103
-40.388397216796875,0.04505341384115188,0.485,0.08244793880152995,97,2056,103
-40.39607620239258,0.04503249767873723,0.485,0.08241291418861513,97,2057,103
-40.39684295654297,0.04501160092807425,0.485,0.08237791932059449,97,2058,103
-40.39699172973633,0.044990723562152134,0.485,0.08234295415959253,97,2059,103
-40.40168380737305,0.0449698655540102,0.485,0.08230801866779805,97,2060,103
-40.40267562866211,0.04494902687673772,0.485,0.08227311280746395,97,2061,103
-40.404335021972656,0.04492820750347383,0.485,0.08223823654090717,97,2062,103
-40.40896987915039,0.04490740740740741,0.485,0.08220338983050848,97,2063,103
-40.414794921875,0.04488662656177696,0.485,0.08216857263871241,97,2064,103
-40.420799255371094,0.04486586493987049,0.485,0.0821337849280271,97,2065,103
-40.42219543457031,0.044845122515025426,0.485,0.08209902666102413,97,2066,103
-40.422969818115234,0.044824399260628464,0.485,0.08206429780033841,97,2067,103
-40.425453186035156,0.04480369515011547,0.485,0.08202959830866807,97,2068,103
-40.4290771484375,0.04478301015697138,0.485,0.08199492814877431,97,2069,103
-40.432373046875,0.04476234425473004,0.485,0.08196028728348119,97,2070,103
-40.434288024902344,0.04474169741697417,0.485,0.08192567567567567,97,2071,103
-40.43675994873047,0.04472106961733518,0.485,0.08189109328830732,97,2072,103
-40.43758773803711,0.04470046082949309,0.485,0.08185654008438818,97,2073,103
-40.45152282714844,0.04467987102717642,0.485,0.08182201602699282,97,2074,103
-40.45484924316406,0.04465930018416206,0.485,0.08178752107925799,97,2075,103
-40.45872497558594,0.0446387482742752,0.485,0.08175305520438264,97,2076,103
-40.46515655517578,0.04461821527138914,0.485,0.08171861836562765,97,2077,103
-40.468326568603516,0.04459770114942529,0.485,0.08168421052631579,97,2078,103
-40.471988677978516,0.04457720588235294,0.485,0.08164983164983167,97,2079,103
-40.47410583496094,0.04455672944418925,0.485,0.08161548169962138,97,2080,103
-40.475669860839844,0.04453627180899908,0.485,0.08158116063919259,97,2081,103
-40.47880172729492,0.0445158329508949,0.485,0.08154686843211433,97,2082,103
-40.486427307128906,0.0444954128440367,0.485,0.08151260504201682,97,2083,103
-40.48643493652344,0.044475011462631824,0.485,0.08147837043259136,97,2084,103
-40.487667083740234,0.044454628780934924,0.485,0.08144416456759025,97,2085,103
-40.489810943603516,0.04443426477324782,0.485,0.08140998741082668,97,2086,103
-40.4954948425293,0.044413919413919416,0.485,0.0813758389261745,97,2087,103
-40.49768829345703,0.044393592677345536,0.485,0.08134171907756813,97,2088,103
-40.49983215332031,0.04437328453796889,0.485,0.08130762782900251,97,2089,103
-40.50056076049805,0.04435299497027892,0.485,0.08127356514453289,97,2090,103
-40.501766204833984,0.0443327239488117,0.485,0.0812395309882747,97,2091,103
-40.502235412597656,0.04431247144814984,0.485,0.08120552532440352,97,2092,103
-40.5037841796875,0.04429223744292238,0.485,0.08117154811715482,97,2093,103
-40.507869720458984,0.04427202190780465,0.485,0.08113759933082391,97,2094,103
-40.5091438293457,0.04425182481751825,0.485,0.0811036789297659,97,2095,103
-40.509429931640625,0.044231646146830825,0.485,0.08106978687839532,97,2096,103
-40.51042938232422,0.04421148587055606,0.485,0.08103592314118631,97,2097,103
-40.512847900390625,0.04419134396355353,0.485,0.08100208768267224,97,2098,103
-40.51506042480469,0.0441712204007286,0.485,0.08096828046744574,97,2099,103
-40.51520538330078,0.044151115157032315,0.485,0.08093450146015853,97,2100,103
-40.51557922363281,0.04413102820746133,0.485,0.08090075062552127,97,2101,103
-40.51728057861328,0.04411095952705776,0.485,0.08086702792830346,97,2102,103
-40.51777267456055,0.04409090909090909,0.485,0.08083333333333334,97,2103,103
-40.51811218261719,0.04407087687414812,0.485,0.08079966680549772,97,2104,103
-40.52546691894531,0.04405086285195277,0.485,0.08076602830974187,97,2105,103
-40.52734375,0.04403086699954607,0.485,0.08073241781106949,97,2106,103
-40.52821731567383,0.04401088929219601,0.485,0.08069883527454244,97,2107,103
-40.530601501464844,0.04399092970521542,0.485,0.08066528066528067,97,2108,103
-40.53462219238281,0.04397098821396192,0.485,0.08063175394846217,97,2109,103
-40.53578186035156,0.04395106479383779,0.485,0.0805982550893228,97,2110,103
-40.536136627197266,0.043931159420289856,0.485,0.08056478405315613,97,2111,103
-40.53645324707031,0.04391127206880942,0.485,0.0805313408053134,97,2112,103
-40.53915023803711,0.04389140271493212,0.485,0.08049792531120332,97,2113,103
-40.53958511352539,0.0438715513342379,0.485,0.080464537536292,97,2114,103
-40.54157257080078,0.04385171790235081,0.485,0.08043117744610283,97,2115,103
-40.542381286621094,0.043831902394939,0.485,0.08039784500621633,97,2116,103
-40.54547119140625,0.043812104787714544,0.485,0.08036454018227009,97,2117,103
-40.54611587524414,0.04379232505643341,0.485,0.08033126293995858,97,2118,103
-40.54680633544922,0.043772563176895304,0.485,0.0802980132450331,97,2119,103
-40.560089111328125,0.043752819124943616,0.485,0.0802647910633016,97,2120,103
-40.560821533203125,0.043733092876465283,0.485,0.08023159636062861,97,2121,103
-40.572669982910156,0.04371338440739072,0.485,0.0801984291029351,97,2122,103
-40.57476806640625,0.04369369369369369,0.485,0.08016528925619834,97,2123,103
-40.58189010620117,0.043674020711391266,0.485,0.08013217678645189,97,2124,103
-40.58319091796875,0.043654365436543656,0.485,0.08009909165978531,97,2125,103
-40.589317321777344,0.04363472784525416,0.485,0.0800660338423442,97,2126,103
-40.59085464477539,0.043615107913669064,0.485,0.08003300330033003,97,2127,103
-40.591941833496094,0.04359550561797753,0.485,0.08,97,2128,103
-40.59489822387695,0.043575920934411504,0.485,0.07996702390766694,97,2129,103
-40.595787048339844,0.04355635383924562,0.485,0.07993407498969923,97,2130,103
-40.5958251953125,0.043536804308797125,0.485,0.07990115321252059,97,2131,103
-40.59746170043945,0.04351727231942575,0.485,0.07986825854261013,97,2132,103
-40.597835540771484,0.04349775784753363,0.485,0.07983539094650205,97,2133,103
-40.601654052734375,0.043478260869565216,0.485,0.07980255039078568,97,2134,103
-40.6027946472168,0.04345878136200717,0.485,0.07976973684210525,97,2135,103
-40.60620880126953,0.043439319301388266,0.485,0.07973695026715989,97,2136,103
-40.608028411865234,0.043419874664279316,0.485,0.07970419063270337,97,2137,103
-40.61265563964844,0.043400447427293064,0.485,0.07967145790554414,97,2138,103
-40.615570068359375,0.04338103756708408,0.485,0.07963875205254514,97,2139,103
-40.615596771240234,0.04336164506034868,0.485,0.07960607304062371,97,2140,103
-40.619197845458984,0.04334226988382484,0.485,0.07957342083675144,97,2141,103
-40.63654327392578,0.04332291201429209,0.485,0.07954079540795408,97,2142,103
-40.63745880126953,0.04330357142857143,0.485,0.07950819672131147,97,2143,103
-40.644588470458984,0.043284248103525214,0.485,0.07947562474395739,97,2144,103
-40.64529037475586,0.043264942016057094,0.485,0.07944307944307945,97,2145,103
-40.64590072631836,0.043245653143111906,0.485,0.07941056078591896,97,2146,103
-40.65107345581055,0.04322638146167558,0.485,0.07937806873977088,97,2147,103
-40.65137481689453,0.04320712694877506,0.485,0.07934560327198364,97,2148,103
-40.653038024902344,0.043187889581478185,0.485,0.07931316434995911,97,2149,103
-40.65360641479492,0.04316866933689364,0.485,0.07928075194115243,97,2150,103
-40.667015075683594,0.04314946619217082,0.485,0.07924836601307188,97,2151,103
-40.67312240600586,0.04313028012449978,0.485,0.07921600653327888,97,2152,103
-40.67632293701172,0.043111111111111114,0.485,0.07918367346938776,97,2153,103
-40.67765808105469,0.04309195912927588,0.485,0.07915136678906569,97,2154,103
-40.679351806640625,0.043072824156305506,0.485,0.07911908646003263,97,2155,103
-40.681907653808594,0.04305370616955171,0.485,0.07908683245006114,97,2156,103
-40.68623352050781,0.04303460514640639,0.485,0.07905460472697635,97,2157,103
-40.68983459472656,0.04301552106430155,0.485,0.07902240325865581,97,2158,103
-40.69137954711914,0.04299645390070922,0.485,0.07899022801302932,97,2159,103
-40.691383361816406,0.042977403633141335,0.485,0.07895807895807896,97,2160,103
-40.70219421386719,0.04295837023914969,0.485,0.07892595606183889,97,2161,103
-40.703819274902344,0.04293935369632581,0.485,0.07889385929239527,97,2162,103
-40.704978942871094,0.04292035398230089,0.485,0.07886178861788619,97,2163,103
-40.70733642578125,0.04290137107474569,0.485,0.07882974400650143,97,2164,103
-40.70763397216797,0.04288240495137047,0.485,0.07879772542648254,97,2165,103
-40.711483001708984,0.04286345558992488,0.485,0.07876573284612262,97,2166,103
-40.71150207519531,0.04284452296819788,0.485,0.07873376623376624,97,2167,103
-40.71508026123047,0.04282560706401766,0.485,0.07870182555780934,97,2168,103
-40.71901321411133,0.04280670785525154,0.485,0.0786699107866991,97,2169,103
-40.720523834228516,0.04278782531980591,0.485,0.07863802188893393,97,2170,103
-40.72786331176758,0.0427689594356261,0.485,0.07860615883306321,97,2171,103
-40.729286193847656,0.04275011018069634,0.485,0.07857432158768732,97,2172,103
-40.729530334472656,0.042731277533039645,0.485,0.07854251012145749,97,2173,103
-40.730613708496094,0.04271246147071774,0.485,0.07851072440307567,97,2174,103
-40.73241424560547,0.042693661971830985,0.485,0.0784789644012945,97,2175,103
-40.743446350097656,0.04267487901451826,0.485,0.07844723008491711,97,2176,103
-40.75027847290039,0.0426561125769569,0.485,0.07841552142279709,97,2177,103
-40.75407409667969,0.04263736263736264,0.485,0.07838383838383839,97,2178,103
-40.75912857055664,0.04261862917398945,0.485,0.07835218093699514,97,2179,103
-40.76633834838867,0.04259991216512956,0.485,0.0783205490512717,97,2180,103
-40.772823333740234,0.04258121158911326,0.485,0.07828894269572237,97,2181,103
-40.77375030517578,0.04256252742430891,0.485,0.0782573618394514,97,2182,103
-40.78041458129883,0.04254385964912281,0.485,0.07822580645161291,97,2183,103
-40.78338623046875,0.042525208241999124,0.485,0.07819427650141073,97,2184,103
-40.78822326660156,0.04250657318141981,0.485,0.0781627719580983,97,2185,103
-40.793792724609375,0.04248795444590451,0.485,0.07813129279097865,97,2186,103
-40.79762268066406,0.04246935201401051,0.485,0.07809983896940419,97,2187,103
-40.798648834228516,0.04245076586433261,0.485,0.07806841046277666,97,2188,103
-40.806968688964844,0.04243219597550306,0.485,0.07803700724054706,97,2189,103
-40.807373046875,0.04241364232619152,0.485,0.07800562927221553,97,2190,103
-40.807743072509766,0.042395104895104896,0.485,0.07797427652733119,97,2191,103
-40.808258056640625,0.04237658366098733,0.485,0.07794294897549217,97,2192,103
-40.80837631225586,0.042358078602620086,0.485,0.07791164658634538,97,2193,103
-40.810646057128906,0.04233958969882148,0.485,0.07788036932958652,97,2194,103
-40.81072235107422,0.04232111692844677,0.485,0.07784911717495988,97,2195,103
-40.81098556518555,0.042302660270388134,0.485,0.07781789009225833,97,2196,103
-40.81130599975586,0.042284219703574544,0.485,0.07778668805132317,97,2197,103
-40.81193542480469,0.04226579520697168,0.485,0.07775551102204409,97,2198,103
-40.81929016113281,0.04224738675958188,0.485,0.07772435897435898,97,2199,103
-40.8207893371582,0.04222899434044406,0.485,0.07769323187825392,97,2200,103
-40.82267761230469,0.04221061792863359,0.485,0.077662129703763,97,2201,103
-40.82658386230469,0.04219225750326229,0.485,0.07763105242096839,97,2202,103
-40.83245086669922,0.04217391304347826,0.485,0.0776,97,2203,103
-40.83729553222656,0.042155584528465885,0.485,0.07756897241103558,97,2204,103
-40.84621810913086,0.0421372719374457,0.485,0.07753796962430057,97,2205,103
-40.847415924072266,0.04211897524967434,0.485,0.07750699161006792,97,2206,103
-40.84779357910156,0.04210069444444445,0.485,0.07747603833865815,97,2207,103
-40.84789276123047,0.0420824295010846,0.485,0.07744510978043911,97,2208,103
-40.854835510253906,0.04206418039895923,0.485,0.07741420590582603,97,2209,103
-40.86375427246094,0.04204594711746858,0.485,0.07738332668528122,97,2210,103
-40.86637878417969,0.042027729636048526,0.485,0.0773524720893142,97,2211,103
-40.86642837524414,0.042009527934170635,0.485,0.07732164208848145,97,2212,103
-40.87093734741211,0.04199134199134199,0.485,0.07729083665338644,97,2213,103
-40.87212371826172,0.04197317178710515,0.485,0.07726005575467941,97,2214,103
-40.87232208251953,0.04195501730103806,0.485,0.07722929936305732,97,2215,103
-40.874244689941406,0.041936878512753996,0.485,0.07719856744926383,97,2216,103
-40.87437438964844,0.04191875540190147,0.485,0.07716785998408911,97,2217,103
-40.8751220703125,0.041900647948164144,0.485,0.07713717693836977,97,2218,103
-40.881805419921875,0.041882556131260795,0.485,0.07710651828298888,97,2219,103
-40.88189697265625,0.041864479930945185,0.485,0.07707588398887563,97,2220,103
-40.890201568603516,0.04184641932700604,0.485,0.07704527402700556,97,2221,103
-40.8919563293457,0.041828374299266925,0.485,0.07701468836840016,97,2222,103
-40.893516540527344,0.04181034482758621,0.485,0.076984126984127,97,2223,103
-40.895023345947266,0.04179233089185696,0.485,0.07695358984529949,97,2224,103
-40.89813995361328,0.04177433247200689,0.485,0.07692307692307693,97,2225,103
-40.90153121948242,0.04175634954799828,0.485,0.07689258818866429,97,2226,103
-40.90187454223633,0.04173838209982788,0.485,0.07686212361331221,97,2227,103
-40.90301513671875,0.04172043010752688,0.485,0.07683168316831683,97,2228,103
-40.904659271240234,0.04170249355116079,0.485,0.0768012668250198,97,2229,103
-40.907989501953125,0.041684572410829394,0.485,0.07677087455480809,97,2230,103
-40.91245651245117,0.041666666666666664,0.485,0.07674050632911393,97,2231,103
-40.917388916015625,0.04164877629884071,0.485,0.07671016211941481,97,2232,103
-40.9195671081543,0.041630901287553645,0.485,0.07667984189723319,97,2233,103
-40.924278259277344,0.041613041613041614,0.485,0.07664954563413671,97,2234,103
-40.92964553833008,0.04159519725557462,0.485,0.07661927330173776,97,2235,103
-40.94111633300781,0.041577368195456495,0.485,0.07658902487169364,97,2236,103
-40.94586181640625,0.04155955441302485,0.485,0.0765588003157064,97,2237,103
-40.95489501953125,0.041541755888650965,0.485,0.07652859960552269,97,2238,103
-40.95579147338867,0.041523972602739725,0.485,0.07649842271293375,97,2239,103
-40.95587158203125,0.04150620453572957,0.485,0.07646826960977533,97,2240,103
-40.96044921875,0.04148845166809239,0.485,0.07643814026792752,97,2241,103
-40.961463928222656,0.04147071398033347,0.485,0.07640803465931467,97,2242,103
-40.96162414550781,0.04145299145299145,0.485,0.07637795275590552,97,2243,103
-40.96443176269531,0.04143528406663819,0.485,0.07634789452971272,97,2244,103
-40.9654541015625,0.041417591801878734,0.485,0.07631785995279307,97,2245,103
-40.96573257446289,0.04139991463935126,0.485,0.07628784899724736,97,2246,103
-40.96614456176758,0.04138225255972696,0.485,0.07625786163522012,97,2247,103
-40.966209411621094,0.04136460554371002,0.485,0.0762278978388998,97,2248,103
-40.96662139892578,0.04134697357203751,0.485,0.07619795758051845,97,2249,103
-40.96844482421875,0.04132935662547933,0.485,0.07616804083235179,97,2250,103
-40.968727111816406,0.04131175468483816,0.485,0.076138147566719,97,2251,103
-40.97572326660156,0.04129416773094934,0.485,0.07610827775598275,97,2252,103
-40.97621154785156,0.04127659574468085,0.485,0.07607843137254901,97,2253,103
-40.983943939208984,0.04125903870693322,0.485,0.07604860838886711,97,2254,103
-40.98484802246094,0.04124149659863945,0.485,0.07601880877742948,97,2255,103
-40.989532470703125,0.04122396940076498,0.485,0.07598903251077165,97,2256,103
-40.9935417175293,0.041206457094307564,0.485,0.07595927956147219,97,2257,103
-40.994346618652344,0.04118895966029724,0.485,0.07592954990215264,97,2258,103
-40.99541473388672,0.041171477079796265,0.485,0.07589984350547731,97,2259,103
-40.995704650878906,0.041154009333899025,0.485,0.07587016034415331,97,2260,103
-41.00004577636719,0.041136556403731976,0.485,0.07584050039093042,97,2261,103
-41.006656646728516,0.04111911827045358,0.485,0.07581086361860101,97,2262,103
-41.012569427490234,0.041101694915254235,0.485,0.07578124999999998,97,2263,103
-41.01469421386719,0.041084286319356206,0.485,0.07575165950800468,97,2264,103
-41.021217346191406,0.04106689246401355,0.485,0.07572209211553475,97,2265,103
-41.029476165771484,0.04104951333051206,0.485,0.07569254779555208,97,2266,103
-41.03107452392578,0.04103214890016921,0.485,0.07566302652106086,97,2267,103
-41.03236770629883,0.041014799154334036,0.485,0.07563352826510722,97,2268,103
-41.03275680541992,0.040997464074387154,0.485,0.07560405300077941,97,2269,103
-41.03314971923828,0.0409801436417406,0.485,0.07557460070120764,97,2270,103
-41.03315734863281,0.040962837837837836,0.485,0.07554517133956386,97,2271,103
-41.04252624511719,0.04094554664415365,0.485,0.0755157648890619,97,2272,103
-41.04325866699219,0.04092827004219409,0.485,0.07548638132295718,97,2273,103
-41.04457092285156,0.04091100801349642,0.485,0.07545702061454686,97,2274,103
-41.05537796020508,0.040893760539629,0.485,0.0754276827371695,97,2275,103
-41.059268951416016,0.04087652760219132,0.485,0.07539836766420521,97,2276,103
-41.06424331665039,0.040859309182813816,0.485,0.07536907536907538,97,2277,103
-41.065616607666016,0.040842105263157895,0.485,0.07533980582524272,97,2278,103
-41.066619873046875,0.040824915824915826,0.485,0.07531055900621117,97,2279,103
-41.071468353271484,0.04080774084981069,0.485,0.07528133488552581,97,2280,103
-41.07353591918945,0.0407905803195963,0.485,0.0752521334367727,97,2281,103
-41.073822021484375,0.04077343421605717,0.485,0.0752229546335789,97,2282,103
-41.07870101928711,0.040756302521008404,0.485,0.07519379844961241,97,2283,103
-41.07890701293945,0.04073918521629567,0.485,0.07516466485858195,97,2284,103
-41.079002380371094,0.04072208228379513,0.485,0.07513555383423702,97,2285,103
-41.08137512207031,0.04070499370541335,0.485,0.0751064653503678,97,2286,103
-41.0820426940918,0.040687919463087245,0.485,0.07507739938080495,97,2287,103
-41.08232879638672,0.04067085953878407,0.485,0.07504835589941973,97,2288,103
-41.085357666015625,0.040653813914501256,0.485,0.07501933488012373,97,2289,103
-41.08659744262695,0.040636782572266446,0.485,0.07499033629686896,97,2290,103
-41.09174728393555,0.04061976549413735,0.485,0.0749613601236476,97,2291,103
-41.09374237060547,0.04060276266220176,0.485,0.07493240633449208,97,2292,103
-41.093894958496094,0.040585774058577405,0.485,0.0749034749034749,97,2293,103
-41.09532928466797,0.040568799665411964,0.485,0.07487456580470861,97,2294,103
-41.102718353271484,0.040551839464882944,0.485,0.07484567901234568,97,2295,103
-41.10528564453125,0.04053489343919766,0.485,0.07481681450057846,97,2296,103
-41.110286712646484,0.04051796157059315,0.485,0.07478797224363916,97,2297,103
-41.135498046875,0.04050104384133612,0.485,0.07475915221579962,97,2298,103
-41.136199951171875,0.04048414023372287,0.485,0.07473035439137134,97,2299,103
-41.1365966796875,0.040467250730079264,0.485,0.07470157874470543,97,2300,103
-41.138572692871094,0.040450375312760634,0.485,0.07467282525019245,97,2301,103
-41.14033508300781,0.04043351396415173,0.485,0.07464409388226241,97,2302,103
-41.14175796508789,0.04041666666666666,0.485,0.07461538461538461,97,2303,103
-41.14860153198242,0.04039983340274885,0.485,0.07458669742406765,97,2304,103
-41.15428924560547,0.040383014154870944,0.485,0.07455803228285934,97,2305,103
-41.16514205932617,0.040366208905534745,0.485,0.07452938916634651,97,2306,103
-41.173095703125,0.040349417637271213,0.485,0.07450076804915515,97,2307,103
-41.175724029541016,0.040332640332640335,0.485,0.07447216890595008,97,2308,103
-41.176143646240234,0.04031587697423109,0.485,0.07444359171143515,97,2309,103
-41.179718017578125,0.0402991275446614,0.485,0.0744150364403529,97,2310,103
-41.187137603759766,0.04028239202657807,0.485,0.07438650306748465,97,2311,103
-41.18773651123047,0.0402656704026567,0.485,0.07435799156765044,97,2312,103
-41.189476013183594,0.04024896265560166,0.485,0.07432950191570882,97,2313,103
-41.194454193115234,0.040232268768146,0.485,0.07430103408655689,97,2314,103
-41.20546340942383,0.04021558872305141,0.485,0.07427258805513016,97,2315,103
-41.2152099609375,0.040198922503108164,0.485,0.0742441637964026,97,2316,103
-41.21919631958008,0.04018227009113504,0.485,0.07421576128538637,97,2317,103
-41.22452163696289,0.0401656314699793,0.485,0.07418738049713193,97,2318,103
-41.226600646972656,0.04014900662251655,0.485,0.07415902140672782,97,2319,103
-41.235008239746094,0.04013239553165081,0.485,0.07413068398930073,97,2320,103
-41.240760803222656,0.040115798180314306,0.485,0.07410236822001529,97,2321,103
-41.24083709716797,0.040099214551467546,0.485,0.07407407407407407,97,2322,103
-41.241905212402344,0.04008264462809917,0.485,0.07404580152671755,97,2323,103
-41.24246597290039,0.04006608839322594,0.485,0.07401755055322395,97,2324,103
-41.255348205566406,0.040049545829892653,0.485,0.07398932112890924,97,2325,103
-41.25774002075195,0.0400330169211721,0.485,0.07396111322912696,97,2326,103
-41.26118087768555,0.040016501650165015,0.485,0.07393292682926829,97,2327,103
-41.27208709716797,0.04,0.485,0.0739047619047619,97,2328,103
-41.272216796875,0.03998351195383347,0.485,0.07387661843107389,97,2329,103
-41.27705383300781,0.03996703749484961,0.485,0.07384849638370765,97,2330,103
-41.291236877441406,0.039950576606260293,0.485,0.07382039573820394,97,2331,103
-41.29213333129883,0.03993412927130506,0.485,0.07379231647014074,97,2332,103
-41.293701171875,0.03991769547325103,0.485,0.07376425855513308,97,2333,103
-41.297691345214844,0.03990127519539284,0.485,0.07373622196883313,97,2334,103
-41.299346923828125,0.039884868421052634,0.485,0.0737082066869301,97,2335,103
-41.30414581298828,0.03986847513357994,0.485,0.07368021268515001,97,2336,103
-41.30706787109375,0.039852095316351685,0.485,0.07365223993925588,97,2337,103
-41.313358306884766,0.03983572895277208,0.485,0.07362428842504744,97,2338,103
-41.318687438964844,0.03981937602627258,0.485,0.07359635811836115,97,2339,103
-41.31944274902344,0.039803036520311856,0.485,0.07356844899507016,97,2340,103
-41.31966018676758,0.03978671041837572,0.485,0.07354056103108417,97,2341,103
-41.32148742675781,0.03977039770397704,0.485,0.07351269420234938,97,2342,103
-41.324859619140625,0.039754098360655736,0.485,0.0734848484848485,97,2343,103
-41.32794952392578,0.039737812371978695,0.485,0.07345702385460053,97,2344,103
-41.34205627441406,0.039721539721539724,0.485,0.07342922028766088,97,2345,103
-41.346771240234375,0.03970528039295947,0.485,0.07340143776012106,97,2346,103
-41.35003662109375,0.03968903436988543,0.485,0.07337367624810891,97,2347,103
-41.35026931762695,0.03967280163599182,0.485,0.07334593572778828,97,2348,103
-41.36487579345703,0.03965658217497956,0.485,0.07331821617535902,97,2349,103
-41.36501693725586,0.039640375970576215,0.485,0.07329051756705704,97,2350,103
-41.37166976928711,0.039624183006535946,0.485,0.07326283987915408,97,2351,103
-41.37560272216797,0.03960800326663944,0.485,0.0732351830879577,97,2352,103
-41.37614440917969,0.03959183673469388,0.485,0.07320754716981132,97,2353,103
-41.37885284423828,0.039575683394532844,0.485,0.07317993210109393,97,2354,103
-41.38007354736328,0.039559543230016314,0.485,0.07315233785822021,97,2355,103
-41.38359069824219,0.039543416225030575,0.485,0.07312476441764042,97,2356,103
-41.38716125488281,0.039527302363488184,0.485,0.07309721175584023,97,2357,103
-41.39103698730469,0.039511201629327905,0.485,0.07306967984934087,97,2358,103
-41.39226531982422,0.039495114006514655,0.485,0.0730421686746988,97,2359,103
-41.395267486572266,0.03947903947903948,0.485,0.07301467820850582,97,2360,103
-41.39644241333008,0.03946297803091944,0.485,0.072987208427389,97,2361,103
-41.396629333496094,0.03944692964619764,0.485,0.07295975930801053,97,2362,103
-41.405887603759766,0.03943089430894309,0.485,0.07293233082706767,97,2363,103
-41.40734100341797,0.03941487200325071,0.485,0.07290492296129275,97,2364,103
-41.408809661865234,0.039398862713241264,0.485,0.07287753568745305,97,2365,103
-41.41260528564453,0.03938286642306131,0.485,0.07285016898235074,97,2366,103
-41.41319274902344,0.03936688311688312,0.485,0.07282282282282283,97,2367,103
-41.41908264160156,0.039350912778904665,0.485,0.07279549718574108,97,2368,103
-41.4281120300293,0.03933495539334955,0.485,0.072768192048012,97,2369,103
-41.42816162109375,0.039319010944466964,0.485,0.07274090738657667,97,2370,103
-41.42963790893555,0.039303079416531606,0.485,0.0727136431784108,97,2371,103
-41.429656982421875,0.03928716079384366,0.485,0.07268639940052454,97,2372,103
-41.43168640136719,0.039271255060728746,0.485,0.07265917602996255,97,2373,103
-41.432186126708984,0.03925536220153784,0.485,0.07263197304380382,97,2374,103
-41.43550109863281,0.03923948220064725,0.485,0.07260479041916168,97,2375,103
-41.44035339355469,0.039223615042458554,0.485,0.07257762813318369,97,2376,103
-41.447059631347656,0.039207760711398545,0.485,0.07255048616305161,97,2377,103
-41.44934844970703,0.039191919191919194,0.485,0.0725233644859813,97,2378,103
-41.44973373413086,0.03917609046849758,0.485,0.07249626307922273,97,2379,103
-41.45494079589844,0.03916027452563585,0.485,0.07246918192005976,97,2380,103
-41.45619201660156,0.03914447134786118,0.485,0.07244212098581031,97,2381,103
-41.48223876953125,0.0391286809197257,0.485,0.07241508025382606,97,2382,103
-41.48250198364258,0.039112903225806454,0.485,0.07238805970149255,97,2383,103
-41.48433303833008,0.03909713825070536,0.485,0.07236105930622902,97,2384,103
-41.486473083496094,0.03908138597904915,0.485,0.07233407904548843,97,2385,103
-41.50416564941406,0.039065646395489324,0.485,0.07230711889675735,97,2386,103
-41.505184173583984,0.03904991948470209,0.485,0.0722801788375559,97,2387,103
-41.5065803527832,0.03903420523138833,0.485,0.07225325884543761,97,2388,103
-41.512657165527344,0.03901850362027353,0.485,0.07222635889798958,97,2389,103
-41.51834487915039,0.03900281463610776,0.485,0.07219947897283215,97,2390,103
-41.52085876464844,0.038987138263665594,0.485,0.07217261904761904,97,2391,103
-41.5227165222168,0.038971474487746086,0.485,0.0721457791000372,97,2392,103
-41.52971649169922,0.03895582329317269,0.485,0.07211895910780668,97,2393,103
-41.546016693115234,0.03894018466479326,0.485,0.0720921590486808,97,2394,103
-41.55300521850586,0.03892455858747994,0.485,0.07206537890044577,97,2395,103
-41.557106018066406,0.03890894504612916,0.485,0.07203861864092091,97,2396,103
-41.5578498840332,0.03889334402566159,0.485,0.07201187824795842,97,2397,103
-41.56187057495117,0.038877755511022044,0.485,0.07198515769944341,97,2398,103
-41.56415939331055,0.03886217948717949,0.485,0.07195845697329377,97,2399,103
-41.56935119628906,0.03884661593912695,0.485,0.07193177604746014,97,2400,103
-41.57769775390625,0.03883106485188151,0.485,0.07190511489992588,97,2401,103
-41.5787353515625,0.038815526210484196,0.485,0.07187847350870694,97,2402,103
-41.581783294677734,0.0388,0.485,0.07185185185185185,97,2403,103
-41.59052276611328,0.03878448620551779,0.485,0.07182524990744169,97,2404,103
-41.59840393066406,0.03876898481215028,0.485,0.07179866765358993,97,2405,103
-41.601558685302734,0.03875349580503396,0.485,0.07177210506844248,97,2406,103
-41.60544967651367,0.03873801916932907,0.485,0.0717455621301775,97,2407,103
-41.61131286621094,0.038722554890219564,0.485,0.07171903881700556,97,2408,103
-41.62090301513672,0.038707102952913006,0.485,0.07169253510716925,97,2409,103
-41.643707275390625,0.038691663342640605,0.485,0.07166605097894346,97,2410,103
-41.652034759521484,0.0386762360446571,0.485,0.07163958641063516,97,2411,103
-41.654998779296875,0.038660821044240734,0.485,0.07161314138058324,97,2412,103
-41.66090393066406,0.03864541832669323,0.485,0.07158671586715867,97,2413,103
-41.663230895996094,0.038630027877339705,0.485,0.0715603098487643,97,2414,103
-41.668739318847656,0.03861464968152866,0.485,0.0715339233038348,97,2415,103
-41.66940689086914,0.038599283724631915,0.485,0.07150755621083671,97,2416,103
-41.69015884399414,0.038583929992044554,0.485,0.07148120854826824,97,2417,103
-41.6978645324707,0.03856858846918489,0.485,0.07145488029465931,97,2418,103
-41.69902038574219,0.038553259141494434,0.485,0.07142857142857142,97,2419,103
-41.71258544921875,0.03853794199443782,0.485,0.07140228192859772,97,2420,103
-41.716590881347656,0.03852263701350278,0.485,0.07137601177336277,97,2421,103
-41.720054626464844,0.03850734418420008,0.485,0.07134976094152262,97,2422,103
-41.721046447753906,0.038492063492063494,0.485,0.0713235294117647,97,2423,103
-41.72227478027344,0.03847679492264974,0.485,0.0712973171628078,97,2424,103
-41.73121643066406,0.038461538461538464,0.485,0.07127112417340191,97,2425,103
-41.73772430419922,0.038446294094332145,0.485,0.07124495042232833,97,2426,103
-41.748443603515625,0.0384310618066561,0.485,0.0712187958883994,97,2427,103
-41.7535400390625,0.038415841584158415,0.485,0.07119266055045871,97,2428,103
-41.75424575805664,0.0384006334125099,0.485,0.07116654438738078,97,2429,103
-41.756187438964844,0.03838543727740404,0.485,0.07114044737807114,97,2430,103
-41.75653076171875,0.038370253164556965,0.485,0.07111436950146628,97,2431,103
-41.7607536315918,0.03835508105970739,0.485,0.07108831073653352,97,2432,103
-41.76089859008789,0.0383399209486166,0.485,0.07106227106227106,97,2433,103
-41.7630615234375,0.03832477281706835,0.485,0.0710362504577078,97,2434,103
-41.77021789550781,0.03830963665086888,0.485,0.07101024890190338,97,2435,103
-41.779693603515625,0.03829451243584682,0.485,0.07098426637394804,97,2436,103
-41.78376770019531,0.038279400157853194,0.485,0.07095830285296269,97,2437,103
-41.79130554199219,0.03826429980276134,0.485,0.07093235831809871,97,2438,103
-41.793479919433594,0.038249211356466875,0.485,0.070906432748538,97,2439,103
-41.79950714111328,0.03823413480488766,0.485,0.07088052612349285,97,2440,103
-41.825355529785156,0.03821907013396375,0.485,0.07085463842220598,97,2441,103
-41.83070373535156,0.03820401732965734,0.485,0.07082876962395034,97,2442,103
-41.832763671875,0.03818897637795276,0.485,0.0708029197080292,97,2443,103
-41.834564208984375,0.03817394726485636,0.485,0.07077708865377601,97,2444,103
-41.836238861083984,0.03815892997639654,0.485,0.07075127644055434,97,2445,103
-41.837059020996094,0.03814392449862367,0.485,0.07072548304775793,97,2446,103
-41.84272766113281,0.03812893081761006,0.485,0.0706997084548105,97,2447,103
-41.84518814086914,0.0381139489194499,0.485,0.07067395264116576,97,2448,103
-41.848731994628906,0.03809897879025923,0.485,0.07064821558630735,97,2449,103
-41.84873580932617,0.038084020416175896,0.485,0.07062249726974883,97,2450,103
-41.87529754638672,0.0380690737833595,0.485,0.07059679767103348,97,2451,103
-41.87908935546875,0.03805413887799137,0.485,0.07057111676973445,97,2452,103
-41.8831672668457,0.03803921568627451,0.485,0.07054545454545454,97,2453,103
-41.884403228759766,0.038024304194433554,0.485,0.07051981097782624,97,2454,103
-41.884552001953125,0.03800940438871473,0.485,0.07049418604651163,97,2455,103
-41.88661193847656,0.03799451625538582,0.485,0.07046857973120232,97,2456,103
-41.89323425292969,0.0379796397807361,0.485,0.07044299201161947,97,2457,103
-41.89592361450195,0.03796477495107632,0.485,0.07041742286751362,97,2458,103
-41.89637756347656,0.037949921752738654,0.485,0.07039187227866472,97,2459,103
-41.90727996826172,0.037935080172076655,0.485,0.07036634022488211,97,2460,103
-41.92195510864258,0.03792025019546521,0.485,0.07034082668600435,97,2461,103
-41.929622650146484,0.037905431809300505,0.485,0.07031533164189924,97,2462,103
-41.9328727722168,0.037890625,0.485,0.07028985507246377,97,2463,103
-41.94347381591797,0.03787582975400234,0.485,0.07026439695762404,97,2464,103
-41.946746826171875,0.03786104605776737,0.485,0.07023895727733526,97,2465,103
-41.95166015625,0.03784627389777604,0.485,0.0702135360115816,97,2466,103
-41.9536018371582,0.03783151326053042,0.485,0.07018813314037627,97,2467,103
-41.96006393432617,0.03781676413255361,0.485,0.0701627486437613,97,2468,103
-41.96662139892578,0.03780202650038971,0.485,0.07013738250180766,97,2469,103
-41.96915054321289,0.03778730035060382,0.485,0.0701120346946151,97,2470,103
-41.9721565246582,0.03777258566978193,0.485,0.07008670520231214,97,2471,103
-41.976036071777344,0.037757882444530946,0.485,0.07006139400505598,97,2472,103
-41.979583740234375,0.0377431906614786,0.485,0.0700361010830325,97,2473,103
-41.9808235168457,0.037728510307273436,0.485,0.07001082641645616,97,2474,103
-41.98687744140625,0.03771384136858476,0.485,0.06998556998556997,97,2475,103
-41.99198913574219,0.037699183832102606,0.485,0.06996033177064552,97,2476,103
-42.00395202636719,0.03768453768453769,0.485,0.06993511175198269,97,2477,103
-42.02463150024414,0.03766990291262136,0.485,0.0699099099099099,97,2478,103
-42.032630920410156,0.03765527950310559,0.485,0.06988472622478387,97,2479,103
-42.043575286865234,0.037640667442762905,0.485,0.06985956067698955,97,2480,103
-42.0453987121582,0.03762606671838634,0.485,0.06983441324694024,97,2481,103
-42.048221588134766,0.03761147731678945,0.485,0.06980928391507736,97,2482,103
-42.0491943359375,0.037596899224806204,0.485,0.0697841726618705,97,2483,103
-42.068031311035156,0.037582332429290974,0.485,0.06975907946781734,97,2484,103
-42.07462692260742,0.03756777691711851,0.485,0.06973400431344355,97,2485,103
-42.076927185058594,0.037553232675183894,0.485,0.06970894717930291,97,2486,103
-42.08293914794922,0.03753869969040248,0.485,0.06968390804597702,97,2487,103
-42.10908508300781,0.037524177949709865,0.485,0.0696588868940754,97,2488,103
-42.12409973144531,0.03750966744006187,0.485,0.06963388370423546,97,2489,103
-42.13439178466797,0.03749516814843448,0.485,0.06960889845712237,97,2490,103
-42.140769958496094,0.037480680061823805,0.485,0.06958393113342898,97,2491,103
-42.140953063964844,0.03746620316724604,0.485,0.06955898171387594,97,2492,103
-42.14152526855469,0.03745173745173745,0.485,0.06953405017921147,97,2493,103
-42.15192413330078,0.037437282902354305,0.485,0.0695091365102114,97,2494,103
-42.15837860107422,0.03742283950617284,0.485,0.06948424068767908,97,2495,103
-42.16496276855469,0.03740840725028924,0.485,0.0694593626924454,97,2496,103
-42.16567611694336,0.037393986121819586,0.485,0.06943450250536866,97,2497,103
-42.16650390625,0.037379576107899805,0.485,0.06940966010733451,97,2498,103
-42.16781997680664,0.03736517719568567,0.485,0.06938483547925607,97,2499,103
-42.17005920410156,0.03735078937235271,0.485,0.06936002860207365,97,2500,103
-42.1724853515625,0.03733641262509623,0.485,0.06933523945675484,97,2501,103
-42.176246643066406,0.037322046941131205,0.485,0.0693104680242944,97,2502,103
-42.189971923828125,0.037307692307692306,0.485,0.0692857142857143,97,2503,103
-42.19038009643555,0.03729334871203383,0.485,0.06926097822206355,97,2504,103
-42.19126892089844,0.03727901614142967,0.485,0.06923625981441828,97,2505,103
-42.19153594970703,0.03726469458317326,0.485,0.06921155904388156,97,2506,103
-42.19160461425781,0.037250384024577574,0.485,0.06918687589158345,97,2507,103
-42.19722366333008,0.03723608445297505,0.485,0.06916221033868093,97,2508,103
-42.20160675048828,0.037221795855717575,0.485,0.06913756236635779,97,2509,103
-42.206642150878906,0.03720751822017645,0.485,0.06911293195582473,97,2510,103
-42.208194732666016,0.03719325153374233,0.485,0.06908831908831908,97,2511,103
-42.210899353027344,0.03717899578382522,0.485,0.06906372374510501,97,2512,103
-42.221378326416016,0.0371647509578544,0.485,0.0690391459074733,97,2513,103
-42.227577209472656,0.03715051704327844,0.485,0.06901458555674138,97,2514,103
-42.22886657714844,0.03713629402756508,0.485,0.0689900426742532,97,2515,103
-42.232749938964844,0.0371220818982013,0.485,0.06896551724137931,97,2516,103
-42.23713302612305,0.03710788064269319,0.485,0.06894100923951671,97,2517,103
-42.23982238769531,0.037093690248565965,0.485,0.0689165186500888,97,2518,103
-42.24058532714844,0.03707951070336391,0.485,0.06889204545454546,97,2519,103
-42.24366760253906,0.037065341994650364,0.485,0.06886758963436279,97,2520,103
-42.24641799926758,0.03705118411000764,0.485,0.0688431511710433,97,2521,103
-42.24785614013672,0.037037037037037035,0.485,0.06881873004611563,97,2522,103
-42.25012969970703,0.037022900763358776,0.485,0.06879432624113475,97,2523,103
-42.25352478027344,0.03700877527661198,0.485,0.06876993973768167,97,2524,103
-42.254432678222656,0.036994660564454614,0.485,0.06874557051736356,97,2525,103
-42.26495361328125,0.036980556614563474,0.485,0.06872121856181367,97,2526,103
-42.271453857421875,0.036966463414634144,0.485,0.06869688385269122,97,2527,103
-42.27275848388672,0.03695238095238095,0.485,0.06867256637168141,97,2528,103
-42.28353500366211,0.03693830921553694,0.485,0.06864826610049539,97,2529,103
-42.29114532470703,0.036924248191853824,0.485,0.06862398302087018,97,2530,103
-42.29290771484375,0.03691019786910198,0.485,0.0685997171145686,97,2531,103
-42.300254821777344,0.03689615823507037,0.485,0.06857546836337929,97,2532,103
-42.30772399902344,0.03688212927756654,0.485,0.06855123674911662,97,2533,103
-42.319149017333984,0.03686811098441657,0.485,0.06852702225362063,97,2534,103
-42.323204040527344,0.03685410334346505,0.485,0.06850282485875707,97,2535,103
-42.32383728027344,0.03684010634257501,0.485,0.06847864454641721,97,2536,103
-42.330467224121094,0.036826119969627945,0.485,0.068454481298518,97,2537,103
-42.336544036865234,0.03681214421252372,0.485,0.06843033509700175,97,2538,103
-42.3397216796875,0.03679817905918058,0.485,0.0684062059238364,97,2539,103
-42.35155487060547,0.03678422449753508,0.485,0.06838209376101517,97,2540,103
-42.35466766357422,0.03677028051554208,0.485,0.06835799859055672,97,2541,103
-42.358455657958984,0.03675634710117469,0.485,0.0683339203945051,97,2542,103
-42.359588623046875,0.03674242424242424,0.485,0.06830985915492957,97,2543,103
-42.36212158203125,0.03672851192730026,0.485,0.06828581485392467,97,2544,103
-42.36494445800781,0.03671461014383043,0.485,0.06826178747361013,97,2545,103
-42.36556625366211,0.03670071888006054,0.485,0.06823777699613086,97,2546,103
-42.37270736694336,0.03668683812405446,0.485,0.06821378340365682,97,2547,103
-42.383270263671875,0.03667296786389414,0.485,0.06818980667838312,97,2548,103
-42.38335037231445,0.03665910808767952,0.485,0.06816584680252988,97,2549,103
-42.38365936279297,0.03664525878352852,0.485,0.0681419037583421,97,2550,103
-42.39183807373047,0.03663141993957704,0.485,0.06811797752808989,97,2551,103
-42.39447784423828,0.03661759154397886,0.485,0.0680940680940681,97,2552,103
-42.39458084106445,0.03660377358490566,0.485,0.06807017543859649,97,2553,103
-42.41127014160156,0.036589966050546964,0.485,0.06804629954401964,97,2554,103
-42.41304397583008,0.03657616892911011,0.485,0.06802244039270687,97,2555,103
-42.422569274902344,0.0365623822088202,0.485,0.06799859796705221,97,2556,103
-42.42857360839844,0.03654860587792012,0.485,0.06797477224947443,97,2557,103
-42.430686950683594,0.03653483992467043,0.485,0.06795096322241681,97,2558,103
-42.431541442871094,0.0365210843373494,0.485,0.06792717086834735,97,2559,103
-42.43238067626953,0.03650733910425292,0.485,0.06790339516975848,97,2560,103
-42.43246078491211,0.036493604213694505,0.485,0.06787963610916725,97,2561,103
-42.432830810546875,0.036479879654005266,0.485,0.06785589366911508,97,2562,103
-42.446495056152344,0.036466165413533834,0.485,0.06783216783216783,97,2563,103
-42.4491081237793,0.036452461480646375,0.485,0.06780845858091578,97,2564,103
-42.45240783691406,0.03643876784372652,0.485,0.06778476589797344,97,2565,103
-42.45564270019531,0.03642508449117537,0.485,0.06776108976597975,97,2566,103
-42.45705032348633,0.03641141141141141,0.485,0.06773743016759776,97,2567,103
-42.466922760009766,0.036397748592870545,0.485,0.06771378708551483,97,2568,103
-42.475677490234375,0.036384096024006,0.485,0.06769016050244242,97,2569,103
-42.47601318359375,0.03637045369328834,0.485,0.06766655040111615,97,2570,103
-42.48264694213867,0.0363568215892054,0.485,0.06764295676429569,97,2571,103
-42.485023498535156,0.03634319970026227,0.485,0.06761937957476473,97,2572,103
-42.48744583129883,0.036329588014981276,0.485,0.067595818815331,97,2573,103
-42.48899841308594,0.03631598652190191,0.485,0.0675722744688262,97,2574,103
-42.49977493286133,0.03630239520958084,0.485,0.06754874651810586,97,2575,103
-42.50593185424805,0.036288814066591846,0.485,0.06752523494604941,97,2576,103
-42.5330810546875,0.036275243081525806,0.485,0.06750173973556019,97,2577,103
-42.539466857910156,0.03626168224299065,0.485,0.06747826086956521,97,2578,103
-42.55858612060547,0.03624813153961136,0.485,0.0674547983310153,97,2579,103
-42.56282424926758,0.036234590960029886,0.485,0.06743135210288495,97,2580,103
-42.5711669921875,0.036221060492905154,0.485,0.06740792216817233,97,2581,103
-42.57649230957031,0.036207540126913025,0.485,0.06738450850989926,97,2582,103
-42.591251373291016,0.03619402985074627,0.485,0.06736111111111111,97,2583,103
-42.595558166503906,0.03618052965311451,0.485,0.06733772995487679,97,2584,103
-42.601226806640625,0.03616703952274422,0.485,0.06731436502428868,97,2585,103
-42.60164260864258,0.03615355944837868,0.485,0.06729101630246272,97,2586,103
-42.602325439453125,0.03614008941877794,0.485,0.06726768377253815,97,2587,103
-42.613216400146484,0.036126629422718805,0.485,0.06724436741767764,97,2588,103
-42.620330810546875,0.03611317944899479,0.485,0.06722106722106722,97,2589,103
-42.621185302734375,0.03609973948641608,0.485,0.06719778316591618,97,2590,103
-42.629783630371094,0.03608630952380952,0.485,0.06717451523545706,97,2591,103
-42.630592346191406,0.0360728895500186,0.485,0.06715126341294565,97,2592,103
-42.63801193237305,0.036059479553903345,0.485,0.0671280276816609,97,2593,103
-42.649879455566406,0.03604607952434039,0.485,0.06710480802490489,97,2594,103
-42.65785217285156,0.03603268945022288,0.485,0.06708160442600276,97,2595,103
-42.66361999511719,0.036019309320460456,0.485,0.0670584168683028,97,2596,103
-42.66522216796875,0.036005939123979216,0.485,0.06703524533517623,97,2597,103
-42.66543960571289,0.03599257884972171,0.485,0.06701208981001726,97,2598,103
-42.67113494873047,0.035979228486646884,0.485,0.06698895027624309,97,2599,103
-42.67444610595703,0.03596588802373007,0.485,0.06696582671729376,97,2600,103
-42.688148498535156,0.03595255744996294,0.485,0.06694271911663216,97,2601,103
-42.6883544921875,0.03593923675435346,0.485,0.06691962745774403,97,2602,103
-42.69184112548828,0.035925925925925924,0.485,0.06689655172413793,97,2603,103
-42.69257354736328,0.03591262495372084,0.485,0.06687349189934505,97,2604,103
-42.70374298095703,0.035899333826794964,0.485,0.06685044796691936,97,2605,103
-42.704010009765625,0.03588605253422124,0.485,0.06682741991043747,97,2606,103
-42.70487976074219,0.03587278106508876,0.485,0.06680440771349863,97,2607,103
-42.71907424926758,0.03585951940850277,0.485,0.06678141135972461,97,2608,103
-42.71913146972656,0.035846267553584624,0.485,0.0667584308327598,97,2609,103
-42.71942138671875,0.03583302548947174,0.485,0.06673546611627106,97,2610,103
-42.732749938964844,0.03581979320531758,0.485,0.06671251719394773,97,2611,103
-42.73577117919922,0.03580657069029162,0.485,0.06668958404950155,97,2612,103
-42.76118850708008,0.03579335793357934,0.485,0.06666666666666667,97,2613,103
-42.76426315307617,0.03578015492438215,0.485,0.0666437650291996,97,2614,103
-42.784584045410156,0.0357669616519174,0.485,0.06662087912087912,97,2615,103
-42.78485870361328,0.035753778105418355,0.485,0.06659800892550634,97,2616,103
-42.806617736816406,0.03574060427413412,0.485,0.0665751544269046,97,2617,103
-42.81141662597656,0.03572744014732965,0.485,0.06655231560891937,97,2618,103
-42.82274627685547,0.03571428571428571,0.485,0.06652949245541838,97,2619,103
-42.83895492553711,0.03570114096429886,0.485,0.0665066849502914,97,2620,103
-42.846378326416016,0.03568800588668138,0.485,0.06648389307745031,97,2621,103
-42.852195739746094,0.03567488047076131,0.485,0.06646111682082906,97,2622,103
-42.85268783569336,0.03566176470588235,0.485,0.06643835616438355,97,2623,103
-42.85765075683594,0.0356486585814039,0.485,0.06641561109209175,97,2624,103
-42.872928619384766,0.035635562086700955,0.485,0.06639288158795345,97,2625,103
-42.87651062011719,0.035622475211164156,0.485,0.06637016763599042,97,2626,103
-42.87969207763672,0.035609397944199705,0.485,0.06634746922024624,97,2627,103
-42.89789581298828,0.035596330275229356,0.485,0.06632478632478632,97,2628,103
-42.90929412841797,0.03558327219369039,0.485,0.06630211893369788,97,2629,103
-42.93213653564453,0.03557022368903557,0.485,0.06627946703108985,97,2630,103
-42.95631408691406,0.03555718475073314,0.485,0.0662568306010929,97,2631,103
-42.96303176879883,0.035544155368266765,0.485,0.06623420962785935,97,2632,103
-42.96772384643555,0.03553113553113553,0.485,0.06621160409556313,97,2633,103
-42.9779052734375,0.0355181252288539,0.485,0.06618901398839985,97,2634,103
-42.99182891845703,0.035505124450951685,0.485,0.06616643929058663,97,2635,103
-43.00840377807617,0.03549213318697402,0.485,0.06614387998636209,97,2636,103
-43.01437759399414,0.035479151426481344,0.485,0.06612133605998635,97,2637,103
-43.029232025146484,0.03546617915904936,0.485,0.06609880749574105,97,2638,103
-43.0326042175293,0.03545321637426901,0.485,0.06607629427792916,97,2639,103
-43.04009246826172,0.03544026306174644,0.485,0.06605379639087505,97,2640,103
-43.040733337402344,0.035427319211102995,0.485,0.06603131381892444,97,2641,103
-43.041160583496094,0.035414384811975175,0.485,0.06600884654644439,97,2642,103
-43.048152923583984,0.0354014598540146,0.485,0.06598639455782314,97,2643,103
-43.055389404296875,0.035388544326888,0.485,0.06596395783747025,97,2644,103
-43.06901550292969,0.03537563822027717,0.485,0.06594153636981645,97,2645,103
-43.07120895385742,0.035362741523878964,0.485,0.06591913013931362,97,2646,103
-43.07158660888672,0.03534985422740525,0.485,0.06589673913043478,97,2647,103
-43.08558654785156,0.03533697632058288,0.485,0.06587436332767403,97,2648,103
-43.11723327636719,0.035324107793153675,0.485,0.06585200271554649,97,2649,103
-43.12164306640625,0.035311248634874406,0.485,0.06582965727858839,97,2650,103
-43.12289810180664,0.03529839883551674,0.485,0.06580732700135686,97,2651,103
-43.12753677368164,0.03528555838486722,0.485,0.06578501186842997,97,2652,103
-43.1313362121582,0.035272727272727275,0.485,0.06576271186440678,97,2653,103
-43.136409759521484,0.03525990548891312,0.485,0.06574042697390714,97,2654,103
-43.138404846191406,0.035247093023255814,0.485,0.06571815718157183,97,2655,103
-43.15739440917969,0.03523428986560116,0.485,0.0656959024720623,97,2656,103
-43.162315368652344,0.03522149600580973,0.485,0.06567366283006094,97,2657,103
-43.16267013549805,0.035208711433756805,0.485,0.06565143824027073,97,2658,103
-43.1954345703125,0.03519593613933237,0.485,0.06562922868741543,97,2659,103
-43.20780944824219,0.035183170112441056,0.485,0.06560703415623943,97,2660,103
-43.21122741699219,0.03517041334300217,0.485,0.06558485463150776,97,2661,103
-43.2149543762207,0.03515766582094962,0.485,0.0655626900980061,97,2662,103
-43.21653366088867,0.035144927536231885,0.485,0.06554054054054054,97,2663,103
-43.22157287597656,0.03513219847881202,0.485,0.06551840594393786,97,2664,103
-43.250335693359375,0.035119478638667635,0.485,0.06549628629304524,97,2665,103
-43.25250244140625,0.03510676800579081,0.485,0.06547418157273034,97,2666,103
-43.259315490722656,0.03509406657018813,0.485,0.06545209176788125,97,2667,103
-43.26940155029297,0.03508137432188065,0.485,0.06543001686340641,97,2668,103
-43.280120849609375,0.03506869125090383,0.485,0.06540795684423466,97,2669,103
-43.29252624511719,0.03505601734730755,0.485,0.06538591169531513,97,2670,103
-43.297481536865234,0.03504335260115607,0.485,0.06536388140161725,97,2671,103
-43.30780029296875,0.03503069700252799,0.485,0.06534186594813068,97,2672,103
-43.30806350708008,0.035018050541516244,0.485,0.06531986531986533,97,2673,103
-43.31446075439453,0.03500541320822808,0.485,0.06529787950185124,97,2674,103
-43.33772277832031,0.03499278499278499,0.485,0.06527590847913863,97,2675,103
-43.33823776245117,0.03498016588532275,0.485,0.06525395223679785,97,2676,103
-43.34109878540039,0.034967555875991346,0.485,0.0652320107599193,97,2677,103
-43.34865951538086,0.03495495495495495,0.485,0.06521008403361345,97,2678,103
-43.36713790893555,0.03494236311239193,0.485,0.06518817204301076,97,2679,103
-43.37738037109375,0.03492978033849478,0.485,0.06516627477326167,97,2680,103
-43.385589599609375,0.03491720662347012,0.485,0.0651443922095366,97,2681,103
-43.39371109008789,0.03490464195753868,0.485,0.06512252433702584,97,2682,103
-43.439453125,0.034892086330935254,0.485,0.0651006711409396,97,2683,103
-43.443817138671875,0.034879539733908664,0.485,0.06507883260650787,97,2684,103
-43.444053649902344,0.03486700215672178,0.485,0.06505700871898056,97,2685,103
-43.44563293457031,0.03485447358965146,0.485,0.06503519946362724,97,2686,103
-43.46976852416992,0.03484195402298851,0.485,0.06501340482573728,97,2687,103
-43.47808074951172,0.0348294434470377,0.485,0.06499162479061976,97,2688,103
-43.485713958740234,0.034816941852117735,0.485,0.06496985934360348,97,2689,103
-43.4913215637207,0.03480444922856118,0.485,0.06494810847003683,97,2690,103
-43.49169158935547,0.03479196556671449,0.485,0.06492637215528782,97,2691,103
-43.49209213256836,0.03477949085693797,0.485,0.06490465038474405,97,2692,103
-43.49644470214844,0.03476702508960573,0.485,0.06488294314381271,97,2693,103
-43.49781799316406,0.0347545682551057,0.485,0.06486125041792043,97,2694,103
-43.50309753417969,0.03474212034383954,0.485,0.06483957219251336,97,2695,103
-43.50457000732422,0.0347296813462227,0.485,0.06481790845305714,97,2696,103
-43.522281646728516,0.03471725125268432,0.485,0.06479625918503674,97,2697,103
-43.5235595703125,0.034704830053667264,0.485,0.06477462437395659,97,2698,103
-43.53242874145508,0.03469241773962804,0.485,0.06475300400534045,97,2699,103
-43.542808532714844,0.03468001430103682,0.485,0.0647313980647314,97,2700,103
-43.54640197753906,0.03466761972837741,0.485,0.06470980653769179,97,2701,103
-43.55516052246094,0.03465523401214719,0.485,0.06468822940980326,97,2702,103
-43.570533752441406,0.03464285714285714,0.485,0.06466666666666668,97,2703,103
-43.570587158203125,0.034630489111031774,0.485,0.06464511829390204,97,2704,103
-43.602718353271484,0.03461812990720914,0.485,0.06462358427714857,97,2705,103
-43.61897277832031,0.03460577952194078,0.485,0.06460206460206461,97,2706,103
-43.62114334106445,0.03459343794579173,0.485,0.06458055925432757,97,2707,103
-43.641109466552734,0.034581105169340466,0.485,0.06455906821963395,97,2708,103
-43.645992279052734,0.0345687811831789,0.485,0.06453759148369928,97,2709,103
-43.65278244018555,0.034556465977912364,0.485,0.06451612903225806,97,2710,103
-43.655799865722656,0.03454415954415954,0.485,0.06449468085106382,97,2711,103
-43.67390441894531,0.034531861872552506,0.485,0.06447324692588899,97,2712,103
-43.684532165527344,0.03451957295373666,0.485,0.06445182724252492,97,2713,103
-43.68519592285156,0.03450729277837069,0.485,0.0644304217867818,97,2714,103
-43.68983840942383,0.0344950213371266,0.485,0.06440903054448871,97,2715,103
-43.701324462890625,0.034482758620689655,0.485,0.06438765350149353,97,2716,103
-43.71089172363281,0.03447050461975835,0.485,0.06436629064366291,97,2717,103
-43.716739654541016,0.034458259325044406,0.485,0.06434494195688226,97,2718,103
-43.727264404296875,0.03444602272727273,0.485,0.0643236074270557,97,2719,103
-43.727386474609375,0.034433794817181396,0.485,0.06430228704010606,97,2720,103
-43.732177734375,0.03442157558552165,0.485,0.06428098078197483,97,2721,103
-43.756752014160156,0.034409365023057824,0.485,0.06425968863862207,97,2722,103
-43.7601318359375,0.03439716312056738,0.485,0.06423841059602649,97,2723,103
-43.761138916015625,0.034384969868840834,0.485,0.06421714664018537,97,2724,103
-43.77540588378906,0.03437278525868179,0.485,0.0641958967571145,97,2725,103
-43.7779426574707,0.03436060928090684,0.485,0.06417466093284815,97,2726,103
-43.77888488769531,0.03434844192634561,0.485,0.06415343915343917,97,2727,103
-43.780303955078125,0.034336283185840706,0.485,0.06413223140495868,97,2728,103
-43.78824234008789,0.0343241330502477,0.485,0.06411103767349635,97,2729,103
-43.804813385009766,0.03431199151043509,0.485,0.06408985794516023,97,2730,103
-43.80708312988281,0.0342998585572843,0.485,0.0640686922060766,97,2731,103
-43.8160285949707,0.03428773418168964,0.485,0.06404754044239022,97,2732,103
-43.862972259521484,0.0342756183745583,0.485,0.06402640264026403,97,2733,103
-43.874488830566406,0.034263511126810316,0.485,0.06400527878587924,97,2734,103
-43.88378143310547,0.03425141242937853,0.485,0.06398416886543534,97,2735,103
-43.88467788696289,0.03423932227320861,0.485,0.06396307286515002,97,2736,103
-43.89409637451172,0.034227240649259,0.485,0.06394199077125907,97,2737,103
-43.894630432128906,0.03421516754850088,0.485,0.06392092257001647,97,2738,103
-43.90485763549805,0.0342031029619182,0.485,0.06389986824769434,97,2739,103
-43.91782760620117,0.03419104688050758,0.485,0.0638788277905828,97,2740,103
-43.93144226074219,0.034178999295278366,0.485,0.06385780118499013,97,2741,103
-43.93164825439453,0.03416696019725255,0.485,0.06383678841724251,97,2742,103
-43.93470764160156,0.03415492957746479,0.485,0.06381578947368421,97,2743,103
-43.939430236816406,0.03414290742696234,0.485,0.06379480434067741,97,2744,103
-43.953556060791016,0.034130893736805064,0.485,0.06377383300460222,97,2745,103
-43.9578971862793,0.03411888849806542,0.485,0.06375287545185672,97,2746,103
-43.95854187011719,0.03410689170182841,0.485,0.06373193166885675,97,2747,103
-43.96460723876953,0.034094903339191567,0.485,0.06371100164203614,97,2748,103
-43.96510696411133,0.03408292340126493,0.485,0.06369008535784634,97,2749,103
-43.97098159790039,0.03407095187917106,0.485,0.06366918280275681,97,2750,103
-44.005428314208984,0.034058988764044944,0.485,0.0636482939632546,97,2751,103
-44.00611877441406,0.03404703404703405,0.485,0.06362741882584454,97,2752,103
-44.007591247558594,0.034035087719298245,0.485,0.06360655737704918,97,2753,103
-44.021663665771484,0.03402314977200982,0.485,0.06358570960340872,97,2754,103
-44.02948760986328,0.034011220196353435,0.485,0.063564875491481,97,2755,103
-44.047359466552734,0.03399929898352611,0.485,0.06354405502784145,97,2756,103
-44.054222106933594,0.03398738612473721,0.485,0.06352324819908317,97,2757,103
-44.055362701416016,0.033975481611208405,0.485,0.06350245499181668,97,2758,103
-44.058982849121094,0.03396358543417367,0.485,0.06348167539267016,97,2759,103
-44.08286666870117,0.033951697584879245,0.485,0.06346090938828917,97,2760,103
-44.109989166259766,0.033939818054583626,0.485,0.06344015696533681,97,2761,103
-44.11822509765625,0.033927946834557535,0.485,0.06341941811049362,97,2762,103
-44.15080642700195,0.03391608391608392,0.485,0.06339869281045753,97,2763,103
-44.19457244873047,0.03390422929045788,0.485,0.0633779810519438,97,2764,103
-44.202476501464844,0.03389238294898672,0.485,0.06335728282168518,97,2765,103
-44.20909881591797,0.033880544882989874,0.485,0.06333659810643161,97,2766,103
-44.225975036621094,0.033868715083798885,0.485,0.0633159268929504,97,2767,103
-44.2296028137207,0.033856893542757414,0.485,0.06329526916802608,97,2768,103
-44.24152755737305,0.03384508025122122,0.485,0.06327462491846053,97,2769,103
-44.26301956176758,0.03383327520055807,0.485,0.0632539941310727,97,2770,103
-44.27368927001953,0.033821478382147836,0.485,0.06323337679269882,97,2771,103
-44.28608322143555,0.033809689787382365,0.485,0.06321277289019224,97,2772,103
-44.288002014160156,0.033797909407665506,0.485,0.06319218241042346,97,2773,103
-44.29035568237305,0.033786137234413094,0.485,0.06317160534028002,97,2774,103
-44.333282470703125,0.03377437325905292,0.485,0.06315104166666666,97,2775,103
-44.33819580078125,0.03376261747302471,0.485,0.06313049137650505,97,2776,103
-44.36854934692383,0.0337508698677801,0.485,0.06310995445673391,97,2777,103
-44.39234161376953,0.03373913043478261,0.485,0.06308943089430895,97,2778,103
-44.410667419433594,0.03372739916550765,0.485,0.06306892067620286,97,2779,103
-44.41940689086914,0.033715676051442475,0.485,0.06304842378940527,97,2780,103
-44.42232131958008,0.03370396108408617,0.485,0.06302794022092269,97,2781,103
-44.423095703125,0.033692254254949636,0.485,0.0630074699577785,97,2782,103
-44.45158386230469,0.033680555555555554,0.485,0.06298701298701298,97,2783,103
-44.451927185058594,0.03366886497743839,0.485,0.06296656929568321,97,2784,103
-44.45948791503906,0.03365718251214434,0.485,0.06294613887086307,97,2785,103
-44.46481704711914,0.03364550815123136,0.485,0.06292572169964321,97,2786,103
-44.478050231933594,0.03363384188626907,0.485,0.062905317769131,97,2787,103
-44.500267028808594,0.03362218370883882,0.485,0.06288492706645056,97,2788,103
-44.52089309692383,0.03361053361053361,0.485,0.06286454957874271,97,2789,103
-44.527557373046875,0.03359889158295809,0.485,0.06284418529316489,97,2790,103
-44.53022384643555,0.03358725761772853,0.485,0.06282383419689119,97,2791,103
-44.541744232177734,0.033575631706472826,0.485,0.06280349627711233,97,2792,103
-44.55952072143555,0.03356401384083045,0.485,0.06278317152103562,97,2793,103
-44.57664489746094,0.033552404012452436,0.485,0.06276285991588482,97,2794,103
-44.60215759277344,0.03354080221300138,0.485,0.06274256144890039,97,2795,103
-44.619056701660156,0.0335292084341514,0.485,0.06272227610733916,97,2796,103
-44.66737747192383,0.033517622667588114,0.485,0.06270200387847448,97,2797,103
-44.792823791503906,0.033506044905008636,0.485,0.06268174474959612,97,2798,103
-44.799922943115234,0.033494475138121545,0.485,0.06266149870801033,97,2799,103
-44.81329345703125,0.03348291335864688,0.485,0.06264126574103972,97,2800,103
-44.818302154541016,0.03347135955831608,0.485,0.06262104583602324,97,2801,103
-44.83040237426758,0.03345981372887202,0.485,0.06260083898031622,97,2802,103
-44.84618377685547,0.033448275862068964,0.485,0.06258064516129032,97,2803,103
-44.90818786621094,0.033436745949672525,0.485,0.06256046436633345,97,2804,103
-44.918052673339844,0.033425223983459686,0.485,0.06254029658284978,97,2805,103
-44.972530364990234,0.03341370995521874,0.485,0.06252014179825974,97,2806,103
-44.97821807861328,0.03340220385674931,0.485,0.0625,97,2807,103
-45.00245666503906,0.033390705679862305,0.485,0.062479871175523345,97,2808,103
-45.08241271972656,0.033379215416379907,0.485,0.06245975531229878,97,2809,103
-45.09624481201172,0.033367733058135535,0.485,0.062439652397811386,97,2810,103
-45.10250473022461,0.033356258596973866,0.485,0.062419562419562424,97,2811,103
-45.12672424316406,0.033344792024750776,0.485,0.06239948536506915,97,2812,103
-45.15290832519531,0.03333333333333333,0.485,0.062379421221864954,97,2813,103
-45.21957015991211,0.03332188251459979,0.485,0.06235936997749919,97,2814,103
-45.23980712890625,0.03331043956043956,0.485,0.06233933161953728,97,2815,103
-45.2683219909668,0.033299004462753176,0.485,0.06231930613556056,97,2816,103
-45.32075500488281,0.033287577213452296,0.485,0.062299293513166334,97,2817,103
-45.37126541137695,0.033276157804459694,0.485,0.062279293739967906,97,2818,103
-45.40852355957031,0.03326474622770919,0.485,0.06225930680359436,97,2819,103
-45.55626678466797,0.0332533424751457,0.485,0.062239332691690734,97,2820,103
-45.557273864746094,0.033241946538725156,0.485,0.062219371391917896,97,2821,103
-45.56511688232422,0.03323055841041452,0.485,0.062199422891952544,97,2822,103
-45.64323043823242,0.03321917808219178,0.485,0.06217948717948718,97,2823,103
-45.67112731933594,0.033207805546045875,0.485,0.062159564242230056,97,2824,103
-45.72085952758789,0.033196440793976725,0.485,0.062139654067905184,97,2825,103
-45.73654556274414,0.03318508381799521,0.485,0.062119756644252316,97,2826,103
-45.81670379638672,0.03317373461012312,0.485,0.0620998719590269,97,2827,103
-45.82008361816406,0.03316239316239316,0.485,0.06208,97,2828,103
-45.97516632080078,0.03315105946684894,0.485,0.06206014075495841,97,2829,103
-45.99872589111328,0.033139733515544924,0.485,0.06204029421170451,97,2830,103
-46.14076614379883,0.03312841530054645,0.485,0.062020460358056265,97,2831,103
-46.195762634277344,0.03311710481392967,0.485,0.062000639181847235,97,2832,103
-46.23469924926758,0.03310580204778157,0.485,0.06198083067092651,97,2833,103
-46.24078369140625,0.03309450699419993,0.485,0.06196103481315873,97,2834,103
-46.24790954589844,0.033083219645293316,0.485,0.061941251596424,97,2835,103
-46.25204086303711,0.033071939993181046,0.485,0.06192148100861795,97,2836,103
-46.295997619628906,0.03306066802999318,0.485,0.06190172303765157,97,2837,103
-46.35183334350586,0.03304940374787053,0.485,0.061881977671451344,97,2838,103
-46.406494140625,0.03303814713896458,0.485,0.06186224489795918,97,2839,103
-46.41587829589844,0.03302689819543752,0.485,0.06184252470513229,97,2840,103
-46.55982971191406,0.03301565690946222,0.485,0.06182281708094328,97,2841,103
-46.693458557128906,0.033004423273222186,0.485,0.06180312201338006,97,2842,103
-46.80723190307617,0.03299319727891156,0.485,0.06178343949044585,97,2843,103
-46.82676696777344,0.032981978918735125,0.485,0.06176376950015919,97,2844,103
-46.937374114990234,0.032970768184908225,0.485,0.06174411203055379,97,2845,103
-47.03849792480469,0.03295956506965681,0.485,0.06172446706967865,97,2846,103
-47.14964294433594,0.03294836956521739,0.485,0.06170483460559797,97,2847,103
-47.24800109863281,0.03293718166383701,0.485,0.0616852146263911,97,2848,103
-47.42649841308594,0.03292600135777325,0.485,0.06166560712015258,97,2849,103
-47.45409393310547,0.032914828639294194,0.485,0.06164601207499205,97,2850,103
-47.624725341796875,0.03290366350067843,0.485,0.06162642947903431,97,2851,103
-48.624725341796875,0.03290366350067843,0.485,0.06162642947903431,97,2851,103
