Time,Range,Angle,X,Y,Velocity
0,300.992377313145,2.83,-45.139983292080274,14.981835348707158,0.0
