Time,Range,Angle,X,Y,Velocity
0,300.992377313145,2.84,-45.13422238066869,15.033346490730835,0.0
