Time,Range,Angle,X,Y,Velocity
0,283.444025784115,1.68,-28.01458441234263,7.444186108784454,10.789412505668365
0,286.49591300655504,1.68,-31.099721192586344,7.726541059959068,10.789412505668365
