Time,target_id,X,Y,Range,Angle,Velocity
0,0,-30.0,15.0,286.1642884777903,0.055370692306520294,5.870753506443861
0,1,-30.0,7.5,285.39665379958467,0.02887562867037327,9.810906900002605
