Time,target_id,X,Y,Range,Angle,Velocity
0,0,-45.0,15.0,300.85710894044036,0.049506005457524004,0.0
