Time,Range,Angle,X,Y
0,287.869262256653,3.13,-31.743038208311248,14.993523202891168
