time,x,y,range,angle,range_idx
0.0,[249.99999998],[-18.],[1.57419761e-08],2.76,405
0.05,[249.99999998],[-18.],[1.95869847e-08],2.18,113
