Time,Range,Angle,X,Y,Velocity
0,271.61796279716003,3.55,-15.113442863407784,15.017875873381556,4.286864790198591
