Time,target_id,X,Y,Range,Angle,Velocity
0,0,-15.0,15.0,271.5050644094876,0.061945263198116024,5.856244352046194
