n_train_a,n_guard_a,n_train_d,n_guard_d,n_train_r,n_guard_r,pfa,tar_thresh,precision,recall,f1,tp,fp,fn
1,1,1,1,5,2,0.01,-9999.0,0.008941605839416058,0.735,0.017668269230769227,147,16293,53
1,1,1,1,5,2,0.01,-40.0,0.04020787746170678,0.735,0.07624481327800829,147,3509,53
1,1,1,1,5,2,0.01,-35.0,0.1040339702760085,0.735,0.18226906385616864,147,1266,53
1,1,1,1,5,2,0.01,-30.0,0.1497844827586207,0.695,0.24645390070921985,139,789,61
1,1,1,1,5,2,0.01,-25.0,0.17156105100463678,0.555,0.26210153482880755,111,536,89
1,1,1,1,5,2,0.01,-20.0,0.1532258064516129,0.38,0.21839080459770116,76,420,124
1,1,1,1,5,2,0.01,-15.0,0.06597222222222222,0.095,0.0778688524590164,19,269,181
1,1,1,1,5,2,0.01,-10.0,0.0,0.0,0.0,0,56,200
1,1,1,1,5,2,0.01,-5.0,1.0,0.0,0.0,0,0,200
1,1,1,1,5,2,0.01,0.0,1.0,0.0,0.0,0,0,200
1,1,1,1,5,2,0.003,-9999.0,0.01222314125539932,0.665,0.024005053695514842,133,10748,67
1,1,1,1,5,2,0.003,-40.0,0.04024205748865355,0.665,0.07589158345221113,133,3172,67
1,1,1,1,5,2,0.003,-35.0,0.10589171974522293,0.665,0.1826923076923077,133,1123,67
1,1,1,1,5,2,0.003,-30.0,0.15421686746987953,0.64,0.24854368932038837,128,702,72
1,1,1,1,5,2,0.003,-25.0,0.16352201257861634,0.52,0.2488038277511962,104,532,96
1,1,1,1,5,2,0.003,-20.0,0.1532258064516129,0.38,0.21839080459770116,76,420,124
1,1,1,1,5,2,0.003,-15.0,0.06597222222222222,0.095,0.0778688524590164,19,269,181
1,1,1,1,5,2,0.003,-10.0,0.0,0.0,0.0,0,56,200
1,1,1,1,5,2,0.003,-5.0,1.0,0.0,0.0,0,0,200
1,1,1,1,5,2,0.003,0.0,1.0,0.0,0.0,0,0,200
1,1,1,1,5,2,0.001,-9999.0,0.016252518468770988,0.605,0.03165467625899281,121,7324,79
1,1,1,1,5,2,0.001,-40.0,0.04138166894664843,0.605,0.07746478873239437,121,2803,79
1,1,1,1,5,2,0.001,-35.0,0.10765124555160142,0.605,0.18277945619335345,121,1003,79
1,1,1,1,5,2,0.001,-30.0,0.1532567049808429,0.6,0.24415055951169887,120,663,80
1,1,1,1,5,2,0.001,-25.0,0.1610305958132045,0.5,0.24360535931790497,100,521,100
1,1,1,1,5,2,0.001,-20.0,0.1532258064516129,0.38,0.21839080459770116,76,420,124
1,1,1,1,5,2,0.001,-15.0,0.06597222222222222,0.095,0.0778688524590164,19,269,181
1,1,1,1,5,2,0.001,-10.0,0.0,0.0,0.0,0,56,200
1,1,1,1,5,2,0.001,-5.0,1.0,0.0,0.0,0,0,200
1,1,1,1,5,2,0.001,0.0,1.0,0.0,0.0,0,0,200
1,1,1,1,5,2,0.0003,-9999.0,0.022282503390815733,0.575,0.04290244357396008,115,5046,85
1,1,1,1,5,2,0.0003,-40.0,0.04379284082254379,0.575,0.08138711960368011,115,2511,85
1,1,1,1,5,2,0.0003,-35.0,0.11442786069651742,0.575,0.1908713692946058,115,890,85
1,1,1,1,5,2,0.0003,-30.0,0.14921465968586387,0.57,0.23651452282157673,114,650,86
1,1,1,1,5,2,0.0003,-25.0,0.16097560975609757,0.495,0.2429447852760736,99,516,101
1,1,1,1,5,2,0.0003,-20.0,0.15212981744421908,0.375,0.21645021645021648,75,418,125
1,1,1,1,5,2,0.0003,-15.0,0.06597222222222222,0.095,0.0778688524590164,19,269,181
1,1,1,1,5,2,0.0003,-10.0,0.0,0.0,0.0,0,56,200
1,1,1,1,5,2,0.0003,-5.0,1.0,0.0,0.0,0,0,200
1,1,1,1,5,2,0.0003,0.0,1.0,0.0,0.0,0,0,200
1,1,1,1,5,2,0.0001,-9999.0,0.025747915644923982,0.525,0.04908835904628331,105,3973,95
1,1,1,1,5,2,0.0001,-40.0,0.0435142975549109,0.525,0.08036739380022963,105,2308,95
1,1,1,1,5,2,0.0001,-35.0,0.11602209944751381,0.525,0.19004524886877827,105,800,95
1,1,1,1,5,2,0.0001,-30.0,0.14054054054054055,0.52,0.22127659574468087,104,636,96
1,1,1,1,5,2,0.0001,-25.0,0.15711947626841244,0.48,0.23674475955610352,96,515,104
1,1,1,1,5,2,0.0001,-20.0,0.15071283095723015,0.37,0.21418234442836465,74,417,126
1,1,1,1,5,2,0.0001,-15.0,0.06597222222222222,0.095,0.0778688524590164,19,269,181
1,1,1,1,5,2,0.0001,-10.0,0.0,0.0,0.0,0,56,200
1,1,1,1,5,2,0.0001,-5.0,1.0,0.0,0.0,0,0,200
1,1,1,1,5,2,0.0001,0.0,1.0,0.0,0.0,0,0,200
1,1,1,1,5,2,3e-05,-9999.0,0.028513824884792628,0.495,0.05392156862745099,99,3373,101
1,1,1,1,5,2,3e-05,-40.0,0.0444743935309973,0.495,0.08161582852431985,99,2127,101
1,1,1,1,5,2,3e-05,-35.0,0.11827956989247312,0.495,0.1909353905496625,99,738,101
1,1,1,1,5,2,3e-05,-30.0,0.14,0.49,0.2177777777777778,98,602,102
1,1,1,1,5,2,3e-05,-25.0,0.1541038525963149,0.46,0.23086574654956082,92,505,108
1,1,1,1,5,2,3e-05,-20.0,0.1463917525773196,0.355,0.2072992700729927,71,414,129
1,1,1,1,5,2,3e-05,-15.0,0.06597222222222222,0.095,0.0778688524590164,19,269,181
1,1,1,1,5,2,3e-05,-10.0,0.0,0.0,0.0,0,56,200
1,1,1,1,5,2,3e-05,-5.0,1.0,0.0,0.0,0,0,200
1,1,1,1,5,2,3e-05,0.0,1.0,0.0,0.0,0,0,200
1,1,1,1,5,2,1e-05,-9999.0,0.030245144858325374,0.475,0.05686920083807243,95,3046,105
1,1,1,1,5,2,1e-05,-40.0,0.04485363550519358,0.475,0.08196721311475409,95,2023,105
1,1,1,1,5,2,1e-05,-35.0,0.12025316455696203,0.475,0.19191919191919193,95,695,105
1,1,1,1,5,2,1e-05,-30.0,0.13967310549777118,0.47,0.21534936998854526,94,579,106
1,1,1,1,5,2,1e-05,-25.0,0.15306122448979592,0.45,0.2284263959390863,90,498,110
1,1,1,1,5,2,1e-05,-20.0,0.14345114345114346,0.345,0.20264317180616742,69,412,131
1,1,1,1,5,2,1e-05,-15.0,0.06597222222222222,0.095,0.0778688524590164,19,269,181
1,1,1,1,5,2,1e-05,-10.0,0.0,0.0,0.0,0,56,200
1,1,1,1,5,2,1e-05,-5.0,1.0,0.0,0.0,0,0,200
1,1,1,1,5,2,1e-05,0.0,1.0,0.0,0.0,0,0,200
1,1,1,1,5,3,0.01,-9999.0,0.008488564017920301,0.72,0.016779305523188067,144,16820,56
1,1,1,1,5,3,0.01,-40.0,0.0392263688368292,0.72,0.07439938000516663,144,3527,56
1,1,1,1,5,3,0.01,-35.0,0.09924190213645762,0.72,0.1744397334948516,144,1307,56
1,1,1,1,5,3,0.01,-30.0,0.149895178197065,0.715,0.24783362218370886,143,811,57
1,1,1,1,5,3,0.01,-25.0,0.17156105100463678,0.555,0.26210153482880755,111,536,89
1,1,1,1,5,3,0.01,-20.0,0.1532258064516129,0.38,0.21839080459770116,76,420,124
1,1,1,1,5,3,0.01,-15.0,0.06597222222222222,0.095,0.0778688524590164,19,269,181
1,1,1,1,5,3,0.01,-10.0,0.0,0.0,0.0,0,56,200
1,1,1,1,5,3,0.01,-5.0,1.0,0.0,0.0,0,0,200
1,1,1,1,5,3,0.01,0.0,1.0,0.0,0.0,0,0,200
1,1,1,1,5,3,0.003,-9999.0,0.009951117318435754,0.57,0.01956074124914207,114,11342,86
1,1,1,1,5,3,0.003,-40.0,0.0347985347985348,0.57,0.06559263521288838,114,3162,86
1,1,1,1,5,3,0.003,-35.0,0.09344262295081968,0.57,0.16056338028169012,114,1106,86
1,1,1,1,5,3,0.003,-30.0,0.13436385255648037,0.565,0.21709894332372717,113,728,87
1,1,1,1,5,3,0.003,-25.0,0.1643192488262911,0.525,0.25029797377830754,105,534,95
1,1,1,1,5,3,0.003,-20.0,0.1532258064516129,0.38,0.21839080459770116,76,420,124
1,1,1,1,5,3,0.003,-15.0,0.06597222222222222,0.095,0.0778688524590164,19,269,181
1,1,1,1,5,3,0.003,-10.0,0.0,0.0,0.0,0,56,200
1,1,1,1,5,3,0.003,-5.0,1.0,0.0,0.0,0,0,200
1,1,1,1,5,3,0.003,0.0,1.0,0.0,0.0,0,0,200
1,1,1,1,5,3,0.001,-9999.0,0.013700336280981442,0.55,0.02673471867784664,110,7919,90
1,1,1,1,5,3,0.001,-40.0,0.03754266211604096,0.55,0.07028753993610225,110,2820,90
1,1,1,1,5,3,0.001,-35.0,0.09954751131221719,0.55,0.1685823754789272,110,995,90
1,1,1,1,5,3,0.001,-30.0,0.13850063532401524,0.545,0.22087132725430597,109,678,91
1,1,1,1,5,3,0.001,-25.0,0.1624203821656051,0.51,0.2463768115942029,102,526,98
1,1,1,1,5,3,0.001,-20.0,0.1532258064516129,0.38,0.21839080459770116,76,420,124
1,1,1,1,5,3,0.001,-15.0,0.06597222222222222,0.095,0.0778688524590164,19,269,181
1,1,1,1,5,3,0.001,-10.0,0.0,0.0,0.0,0,56,200
1,1,1,1,5,3,0.001,-5.0,1.0,0.0,0.0,0,0,200
1,1,1,1,5,3,0.001,0.0,1.0,0.0,0.0,0,0,200
1,1,1,1,5,3,0.0003,-9999.0,0.0184488626186638,0.515,0.03562164966280477,103,5480,97
1,1,1,1,5,3,0.0003,-40.0,0.03902993558165972,0.515,0.07256076083127863,103,2536,97
1,1,1,1,5,3,0.0003,-35.0,0.10467479674796748,0.515,0.1739864864864865,103,881,97
1,1,1,1,5,3,0.0003,-30.0,0.13636363636363635,0.51,0.2151898734177215,102,646,98
1,1,1,1,5,3,0.0003,-25.0,0.15798045602605862,0.485,0.23832923832923833,97,517,103
1,1,1,1,5,3,0.0003,-20.0,0.15384615384615385,0.38,0.21902017291066284,76,418,124
1,1,1,1,5,3,0.0003,-15.0,0.06597222222222222,0.095,0.0778688524590164,19,269,181
1,1,1,1,5,3,0.0003,-10.0,0.0,0.0,0.0,0,56,200
1,1,1,1,5,3,0.0003,-5.0,1.0,0.0,0.0,0,0,200
1,1,1,1,5,3,0.0003,0.0,1.0,0.0,0.0,0,0,200
1,1,1,1,5,3,0.0001,-9999.0,0.023605646841009027,0.51,0.0451227604512276,102,4219,98
1,1,1,1,5,3,0.0001,-40.0,0.041463414634146344,0.51,0.07669172932330827,102,2358,98
1,1,1,1,5,3,0.0001,-35.0,0.1118421052631579,0.51,0.18345323741007197,102,810,98
1,1,1,1,5,3,0.0001,-30.0,0.13741496598639455,0.505,0.2160427807486631,101,634,99
1,1,1,1,5,3,0.0001,-25.0,0.1568627450980392,0.48,0.23645320197044334,96,516,104
1,1,1,1,5,3,0.0001,-20.0,0.15212981744421908,0.375,0.21645021645021648,75,418,125
1,1,1,1,5,3,0.0001,-15.0,0.06597222222222222,0.095,0.0778688524590164,19,269,181
1,1,1,1,5,3,0.0001,-10.0,0.0,0.0,0.0,0,56,200
1,1,1,1,5,3,0.0001,-5.0,1.0,0.0,0.0,0,0,200
1,1,1,1,5,3,0.0001,0.0,1.0,0.0,0.0,0,0,200
1,1,1,1,5,3,3e-05,-9999.0,0.027101769911504425,0.49,0.05136268343815514,98,3518,102
1,1,1,1,5,3,3e-05,-40.0,0.043190832966064345,0.49,0.07938436614013772,98,2171,102
1,1,1,1,5,3,3e-05,-35.0,0.11502347417840375,0.49,0.18631178707224336,98,754,102
1,1,1,1,5,3,3e-05,-30.0,0.13739376770538245,0.485,0.2141280353200883,97,609,103
1,1,1,1,5,3,3e-05,-25.0,0.152317880794702,0.46,0.2288557213930348,92,512,108
1,1,1,1,5,3,3e-05,-20.0,0.14549180327868852,0.355,0.2063953488372093,71,417,129
1,1,1,1,5,3,3e-05,-15.0,0.06597222222222222,0.095,0.0778688524590164,19,269,181
1,1,1,1,5,3,3e-05,-10.0,0.0,0.0,0.0,0,56,200
1,1,1,1,5,3,3e-05,-5.0,1.0,0.0,0.0,0,0,200
1,1,1,1,5,3,3e-05,0.0,1.0,0.0,0.0,0,0,200
1,1,1,1,5,3,1e-05,-9999.0,0.029758214507129573,0.48,0.05604203152364273,96,3130,104
1,1,1,1,5,3,1e-05,-40.0,0.0446927374301676,0.48,0.08177172061328791,96,2052,104
1,1,1,1,5,3,1e-05,-35.0,0.1175030599755202,0.48,0.18879056047197637,96,721,104
1,1,1,1,5,3,1e-05,-30.0,0.13768115942028986,0.475,0.21348314606741572,95,595,105
1,1,1,1,5,3,1e-05,-25.0,0.1507537688442211,0.45,0.22584692597239653,90,507,110
1,1,1,1,5,3,1e-05,-20.0,0.14285714285714285,0.345,0.20204978038067348,69,414,131
1,1,1,1,5,3,1e-05,-15.0,0.06597222222222222,0.095,0.0778688524590164,19,269,181
1,1,1,1,5,3,1e-05,-10.0,0.0,0.0,0.0,0,56,200
1,1,1,1,5,3,1e-05,-5.0,1.0,0.0,0.0,0,0,200
1,1,1,1,5,3,1e-05,0.0,1.0,0.0,0.0,0,0,200
1,1,1,2,5,2,0.01,-9999.0,0.009530833380609293,0.84,0.018847815111908903,168,17459,32
1,1,1,2,5,2,0.01,-40.0,0.044633368756641874,0.84,0.08476286579212916,168,3596,32
1,1,1,2,5,2,0.01,-35.0,0.1057631412286257,0.835,0.1877459246767847,167,1412,33
1,1,1,2,5,2,0.01,-30.0,0.1534795042897998,0.805,0.2578062449959968,161,888,39
1,1,1,2,5,2,0.01,-25.0,0.1728395061728395,0.56,0.2641509433962264,112,536,88
1,1,1,2,5,2,0.01,-20.0,0.1532258064516129,0.38,0.21839080459770116,76,420,124
1,1,1,2,5,2,0.01,-15.0,0.06597222222222222,0.095,0.0778688524590164,19,269,181
1,1,1,2,5,2,0.01,-10.0,0.0,0.0,0.0,0,56,200
1,1,1,2,5,2,0.01,-5.0,1.0,0.0,0.0,0,0,200
1,1,1,2,5,2,0.01,0.0,1.0,0.0,0.0,0,0,200
1,1,1,2,5,2,0.003,-9999.0,0.012449165905884305,0.75,0.02449179524859172,150,11899,50
1,1,1,2,5,2,0.003,-40.0,0.043227665706051875,0.75,0.08174386920980926,150,3320,50
1,1,1,2,5,2,0.003,-35.0,0.10541110330288124,0.75,0.18484288354898337,150,1273,50
1,1,1,2,5,2,0.003,-30.0,0.148109243697479,0.705,0.24479166666666669,141,811,59
1,1,1,2,5,2,0.003,-25.0,0.17156105100463678,0.555,0.26210153482880755,111,536,89
1,1,1,2,5,2,0.003,-20.0,0.1532258064516129,0.38,0.21839080459770116,76,420,124
1,1,1,2,5,2,0.003,-15.0,0.06597222222222222,0.095,0.0778688524590164,19,269,181
1,1,1,2,5,2,0.003,-10.0,0.0,0.0,0.0,0,56,200
1,1,1,2,5,2,0.003,-5.0,1.0,0.0,0.0,0,0,200
1,1,1,2,5,2,0.003,0.0,1.0,0.0,0.0,0,0,200
1,1,1,2,5,2,0.001,-9999.0,0.015748031496062992,0.67,0.030772763807555403,134,8375,66
1,1,1,2,5,2,0.001,-40.0,0.04169259489732421,0.67,0.0785002929115407,134,3080,66
1,1,1,2,5,2,0.001,-35.0,0.1031562740569669,0.67,0.17878585723815876,134,1165,66
1,1,1,2,5,2,0.001,-30.0,0.14510686164229472,0.645,0.2369146005509642,129,760,71
1,1,1,2,5,2,0.001,-25.0,0.16326530612244897,0.52,0.24850657108721624,104,533,96
1,1,1,2,5,2,0.001,-20.0,0.1532258064516129,0.38,0.21839080459770116,76,420,124
1,1,1,2,5,2,0.001,-15.0,0.06597222222222222,0.095,0.0778688524590164,19,269,181
1,1,1,2,5,2,0.001,-10.0,0.0,0.0,0.0,0,56,200
1,1,1,2,5,2,0.001,-5.0,1.0,0.0,0.0,0,0,200
1,1,1,2,5,2,0.001,0.0,1.0,0.0,0.0,0,0,200
1,1,1,2,5,2,0.0003,-9999.0,0.021231073074391045,0.645,0.04110898661567877,129,5947,71
1,1,1,2,5,2,0.0003,-40.0,0.04439091534755678,0.645,0.08306503541532517,129,2777,71
1,1,1,2,5,2,0.0003,-35.0,0.11178509532062392,0.645,0.19054652880354508,129,1025,71
1,1,1,2,5,2,0.0003,-30.0,0.1498800959232614,0.625,0.24177949709864605,125,709,75
1,1,1,2,5,2,0.0003,-25.0,0.1627172195892575,0.515,0.24729891956782712,103,530,97
1,1,1,2,5,2,0.0003,-20.0,0.1532258064516129,0.38,0.21839080459770116,76,420,124
1,1,1,2,5,2,0.0003,-15.0,0.06597222222222222,0.095,0.0778688524590164,19,269,181
1,1,1,2,5,2,0.0003,-10.0,0.0,0.0,0.0,0,56,200
1,1,1,2,5,2,0.0003,-5.0,1.0,0.0,0.0,0,0,200
1,1,1,2,5,2,0.0003,0.0,1.0,0.0,0.0,0,0,200
1,1,1,2,5,2,0.0001,-9999.0,0.024549918166939442,0.6,0.04716981132075471,120,4768,80
1,1,1,2,5,2,0.0001,-40.0,0.04504504504504504,0.6,0.08379888268156424,120,2544,80
1,1,1,2,5,2,0.0001,-35.0,0.11417697431018078,0.6,0.19184652278177458,120,931,80
1,1,1,2,5,2,0.0001,-30.0,0.14917825537294563,0.59,0.23814328960645811,118,673,82
1,1,1,2,5,2,0.0001,-25.0,0.16129032258064516,0.5,0.24390243902439024,100,520,100
1,1,1,2,5,2,0.0001,-20.0,0.1532258064516129,0.38,0.21839080459770116,76,420,124
1,1,1,2,5,2,0.0001,-15.0,0.06597222222222222,0.095,0.0778688524590164,19,269,181
1,1,1,2,5,2,0.0001,-10.0,0.0,0.0,0.0,0,56,200
1,1,1,2,5,2,0.0001,-5.0,1.0,0.0,0.0,0,0,200
1,1,1,2,5,2,0.0001,0.0,1.0,0.0,0.0,0,0,200
1,1,1,2,5,2,3e-05,-9999.0,0.02768496420047733,0.58,0.052847380410022786,116,4074,84
1,1,1,2,5,2,3e-05,-40.0,0.046736502820306204,0.58,0.08650260999254288,116,2366,84
1,1,1,2,5,2,3e-05,-35.0,0.11897435897435897,0.58,0.1974468085106383,116,859,84
1,1,1,2,5,2,3e-05,-30.0,0.14993481095176012,0.575,0.23784901758014482,115,652,85
1,1,1,2,5,2,3e-05,-25.0,0.16071428571428573,0.495,0.24264705882352944,99,517,101
1,1,1,2,5,2,3e-05,-20.0,0.15212981744421908,0.375,0.21645021645021648,75,418,125
1,1,1,2,5,2,3e-05,-15.0,0.06597222222222222,0.095,0.0778688524590164,19,269,181
1,1,1,2,5,2,3e-05,-10.0,0.0,0.0,0.0,0,56,200
1,1,1,2,5,2,3e-05,-5.0,1.0,0.0,0.0,0,0,200
1,1,1,2,5,2,3e-05,0.0,1.0,0.0,0.0,0,0,200
1,1,1,2,5,2,1e-05,-9999.0,0.028735632183908046,0.55,0.05461767626613704,110,3718,90
1,1,1,2,5,2,1e-05,-40.0,0.04612159329140461,0.55,0.08510638297872339,110,2275,90
1,1,1,2,5,2,1e-05,-35.0,0.11982570806100218,0.55,0.19677996422182473,110,808,90
1,1,1,2,5,2,1e-05,-30.0,0.14572192513368984,0.545,0.229957805907173,109,639,91
1,1,1,2,5,2,1e-05,-25.0,0.15823817292006526,0.485,0.23862238622386223,97,516,103
1,1,1,2,5,2,1e-05,-20.0,0.15040650406504066,0.37,0.21387283236994223,74,418,126
1,1,1,2,5,2,1e-05,-15.0,0.06597222222222222,0.095,0.0778688524590164,19,269,181
1,1,1,2,5,2,1e-05,-10.0,0.0,0.0,0.0,0,56,200
1,1,1,2,5,2,1e-05,-5.0,1.0,0.0,0.0,0,0,200
1,1,1,2,5,2,1e-05,0.0,1.0,0.0,0.0,0,0,200
1,1,1,2,5,3,0.01,-9999.0,0.009465817879878217,0.855,0.018724336162058583,171,17894,29
1,1,1,2,5,3,0.01,-40.0,0.04523809523809524,0.855,0.08592964824120604,171,3609,29
1,1,1,2,5,3,0.01,-35.0,0.10594795539033457,0.855,0.18853362734288864,171,1443,29
1,1,1,2,5,3,0.01,-30.0,0.15917602996254682,0.85,0.26813880126182965,170,898,30
1,1,1,2,5,3,0.01,-25.0,0.1728395061728395,0.56,0.2641509433962264,112,536,88
1,1,1,2,5,3,0.01,-20.0,0.1532258064516129,0.38,0.21839080459770116,76,420,124
1,1,1,2,5,3,0.01,-15.0,0.06597222222222222,0.095,0.0778688524590164,19,269,181
1,1,1,2,5,3,0.01,-10.0,0.0,0.0,0.0,0,56,200
1,1,1,2,5,3,0.01,-5.0,1.0,0.0,0.0,0,0,200
1,1,1,2,5,3,0.01,0.0,1.0,0.0,0.0,0,0,200
1,1,1,2,5,3,0.003,-9999.0,0.011663889550107118,0.735,0.02296336796063423,147,12456,53
1,1,1,2,5,3,0.003,-40.0,0.04210827843024921,0.735,0.07965321051205634,147,3344,53
1,1,1,2,5,3,0.003,-35.0,0.10130944176430048,0.735,0.17807389460932768,147,1304,53
1,1,1,2,5,3,0.003,-30.0,0.1491317671092952,0.73,0.24766751484308738,146,833,54
1,1,1,2,5,3,0.003,-25.0,0.17156105100463678,0.555,0.26210153482880755,111,536,89
1,1,1,2,5,3,0.003,-20.0,0.1532258064516129,0.38,0.21839080459770116,76,420,124
1,1,1,2,5,3,0.003,-15.0,0.06597222222222222,0.095,0.0778688524590164,19,269,181
1,1,1,2,5,3,0.003,-10.0,0.0,0.0,0.0,0,56,200
1,1,1,2,5,3,0.003,-5.0,1.0,0.0,0.0,0,0,200
1,1,1,2,5,3,0.003,0.0,1.0,0.0,0.0,0,0,200
1,1,1,2,5,3,0.001,-9999.0,0.013563090605892163,0.61,0.026536160957041872,122,8873,78
1,1,1,2,5,3,0.001,-40.0,0.03799439426969791,0.61,0.07153327469950162,122,3089,78
1,1,1,2,5,3,0.001,-35.0,0.09348659003831418,0.61,0.16212624584717608,122,1183,78
1,1,1,2,5,3,0.001,-30.0,0.13340683572216097,0.605,0.21860885275519423,121,786,79
1,1,1,2,5,3,0.001,-25.0,0.16873065015479877,0.545,0.2576832151300236,109,537,91
1,1,1,2,5,3,0.001,-20.0,0.1532258064516129,0.38,0.21839080459770116,76,420,124
1,1,1,2,5,3,0.001,-15.0,0.06597222222222222,0.095,0.0778688524590164,19,269,181
1,1,1,2,5,3,0.001,-10.0,0.0,0.0,0.0,0,56,200
1,1,1,2,5,3,0.001,-5.0,1.0,0.0,0.0,0,0,200
1,1,1,2,5,3,0.001,0.0,1.0,0.0,0.0,0,0,200
1,1,1,2,5,3,0.0003,-9999.0,0.01761221945137157,0.565,0.0341596130592503,113,6303,87
1,1,1,2,5,3,0.0003,-40.0,0.0387517146776406,0.565,0.07252888318356868,113,2803,87
1,1,1,2,5,3,0.0003,-35.0,0.09877622377622378,0.565,0.16815476190476192,113,1031,87
1,1,1,2,5,3,0.0003,-30.0,0.13130128956623682,0.56,0.2127255460588794,112,741,88
1,1,1,2,5,3,0.0003,-25.0,0.16352201257861634,0.52,0.2488038277511962,104,532,96
1,1,1,2,5,3,0.0003,-20.0,0.1532258064516129,0.38,0.21839080459770116,76,420,124
1,1,1,2,5,3,0.0003,-15.0,0.06597222222222222,0.095,0.0778688524590164,19,269,181
1,1,1,2,5,3,0.0003,-10.0,0.0,0.0,0.0,0,56,200
1,1,1,2,5,3,0.0003,-5.0,1.0,0.0,0.0,0,0,200
1,1,1,2,5,3,0.0003,0.0,1.0,0.0,0.0,0,0,200
1,1,1,2,5,3,0.0001,-9999.0,0.021386138613861388,0.54,0.04114285714285715,108,4942,92
1,1,1,2,5,3,0.0001,-40.0,0.04069329314242653,0.54,0.0756832515767344,108,2546,92
1,1,1,2,5,3,0.0001,-35.0,0.10526315789473684,0.54,0.1761827079934747,108,918,92
1,1,1,2,5,3,0.0001,-30.0,0.13408521303258145,0.535,0.21442885771543085,107,691,93
1,1,1,2,5,3,0.0001,-25.0,0.1592356687898089,0.5,0.24154589371980675,100,528,100
1,1,1,2,5,3,0.0001,-20.0,0.1532258064516129,0.38,0.21839080459770116,76,420,124
1,1,1,2,5,3,0.0001,-15.0,0.06597222222222222,0.095,0.0778688524590164,19,269,181
1,1,1,2,5,3,0.0001,-10.0,0.0,0.0,0.0,0,56,200
1,1,1,2,5,3,0.0001,-5.0,1.0,0.0,0.0,0,0,200
1,1,1,2,5,3,0.0001,0.0,1.0,0.0,0.0,0,0,200
1,1,1,2,5,3,3e-05,-9999.0,0.024574669187145556,0.52,0.04693140794223826,104,4128,96
1,1,1,2,5,3,3e-05,-40.0,0.042483660130718956,0.52,0.0785498489425982,104,2344,96
1,1,1,2,5,3,3e-05,-35.0,0.11052072263549416,0.52,0.18229623137598597,104,837,96
1,1,1,2,5,3,3e-05,-30.0,0.13570487483530963,0.515,0.2148070907194995,103,656,97
1,1,1,2,5,3,3e-05,-25.0,0.15772357723577235,0.485,0.2380368098159509,97,518,103
1,1,1,2,5,3,3e-05,-20.0,0.15353535353535352,0.38,0.218705035971223,76,419,124
1,1,1,2,5,3,3e-05,-15.0,0.06597222222222222,0.095,0.0778688524590164,19,269,181
1,1,1,2,5,3,3e-05,-10.0,0.0,0.0,0.0,0,56,200
1,1,1,2,5,3,3e-05,-5.0,1.0,0.0,0.0,0,0,200
1,1,1,2,5,3,3e-05,0.0,1.0,0.0,0.0,0,0,200
1,1,1,2,5,3,1e-05,-9999.0,0.026687598116169546,0.51,0.050721034311287924,102,3720,98
1,1,1,2,5,3,1e-05,-40.0,0.04340425531914894,0.51,0.08,102,2248,98
1,1,1,2,5,3,1e-05,-35.0,0.11345939933259176,0.51,0.18562329390354868,102,797,98
1,1,1,2,5,3,1e-05,-30.0,0.13630229419703105,0.505,0.2146652497343252,101,640,99
1,1,1,2,5,3,1e-05,-25.0,0.1566068515497553,0.48,0.23616236162361623,96,517,104
1,1,1,2,5,3,1e-05,-20.0,0.15212981744421908,0.375,0.21645021645021648,75,418,125
1,1,1,2,5,3,1e-05,-15.0,0.06597222222222222,0.095,0.0778688524590164,19,269,181
1,1,1,2,5,3,1e-05,-10.0,0.0,0.0,0.0,0,56,200
1,1,1,2,5,3,1e-05,-5.0,1.0,0.0,0.0,0,0,200
1,1,1,2,5,3,1e-05,0.0,1.0,0.0,0.0,0,0,200
1,1,2,1,5,2,0.01,-9999.0,0.010122662855781827,0.85,0.020007061315758502,170,16624,30
1,1,2,1,5,2,0.01,-40.0,0.045442395081529,0.85,0.08627251966505962,170,3571,30
1,1,2,1,5,2,0.01,-35.0,0.10757479312539783,0.845,0.1908526256352343,169,1402,31
1,1,2,1,5,2,0.01,-30.0,0.15610217596972564,0.825,0.26252983293556087,165,892,35
1,1,2,1,5,2,0.01,-25.0,0.1728395061728395,0.56,0.2641509433962264,112,536,88
1,1,2,1,5,2,0.01,-20.0,0.1532258064516129,0.38,0.21839080459770116,76,420,124
1,1,2,1,5,2,0.01,-15.0,0.06597222222222222,0.095,0.0778688524590164,19,269,181
1,1,2,1,5,2,0.01,-10.0,0.0,0.0,0.0,0,56,200
1,1,2,1,5,2,0.01,-5.0,1.0,0.0,0.0,0,0,200
1,1,2,1,5,2,0.01,0.0,1.0,0.0,0.0,0,0,200
1,1,2,1,5,2,0.003,-9999.0,0.014432800147085862,0.785,0.0283444665102004,157,10721,43
1,1,2,1,5,2,0.003,-40.0,0.046367395156526874,0.785,0.08756274400446179,157,3229,43
1,1,2,1,5,2,0.003,-35.0,0.11418181818181818,0.785,0.19936507936507936,157,1218,43
1,1,2,1,5,2,0.003,-30.0,0.15884861407249468,0.745,0.2618629173989455,149,789,51
1,1,2,1,5,2,0.003,-25.0,0.17156105100463678,0.555,0.26210153482880755,111,536,89
1,1,2,1,5,2,0.003,-20.0,0.1532258064516129,0.38,0.21839080459770116,76,420,124
1,1,2,1,5,2,0.003,-15.0,0.06597222222222222,0.095,0.0778688524590164,19,269,181
1,1,2,1,5,2,0.003,-10.0,0.0,0.0,0.0,0,56,200
1,1,2,1,5,2,0.003,-5.0,1.0,0.0,0.0,0,0,200
1,1,2,1,5,2,0.003,0.0,1.0,0.0,0.0,0,0,200
1,1,2,1,5,2,0.001,-9999.0,0.01818181818181818,0.685,0.03542340012928248,137,7398,63
1,1,2,1,5,2,0.001,-40.0,0.0438821268417681,0.685,0.08248043347381097,137,2985,63
1,1,2,1,5,2,0.001,-35.0,0.11211129296235679,0.685,0.19268635724331928,137,1085,63
1,1,2,1,5,2,0.001,-30.0,0.15466351829988192,0.655,0.2502387774594078,131,716,69
1,1,2,1,5,2,0.001,-25.0,0.1671875,0.535,0.25476190476190474,107,533,93
1,1,2,1,5,2,0.001,-20.0,0.1532258064516129,0.38,0.21839080459770116,76,420,124
1,1,2,1,5,2,0.001,-15.0,0.06597222222222222,0.095,0.0778688524590164,19,269,181
1,1,2,1,5,2,0.001,-10.0,0.0,0.0,0.0,0,56,200
1,1,2,1,5,2,0.001,-5.0,1.0,0.0,0.0,0,0,200
1,1,2,1,5,2,0.001,0.0,1.0,0.0,0.0,0,0,200
1,1,2,1,5,2,0.0003,-9999.0,0.023474178403755867,0.65,0.04531195538515162,130,5408,70
1,1,2,1,5,2,0.0003,-40.0,0.04550227511375569,0.65,0.0850507033038927,130,2727,70
1,1,2,1,5,2,0.0003,-35.0,0.11494252873563218,0.65,0.19534184823441023,130,1001,70
1,1,2,1,5,2,0.0003,-30.0,0.15671641791044777,0.63,0.250996015936255,126,678,74
1,1,2,1,5,2,0.0003,-25.0,0.1648177496038035,0.52,0.2503008423586041,104,527,96
1,1,2,1,5,2,0.0003,-20.0,0.1532258064516129,0.38,0.21839080459770116,76,420,124
1,1,2,1,5,2,0.0003,-15.0,0.06597222222222222,0.095,0.0778688524590164,19,269,181
1,1,2,1,5,2,0.0003,-10.0,0.0,0.0,0.0,0,56,200
1,1,2,1,5,2,0.0003,-5.0,1.0,0.0,0.0,0,0,200
1,1,2,1,5,2,0.0003,0.0,1.0,0.0,0.0,0,0,200
1,1,2,1,5,2,0.0001,-9999.0,0.02584033613445378,0.615,0.04959677419354838,123,4637,77
1,1,2,1,5,2,0.0001,-40.0,0.046153846153846156,0.615,0.08586387434554973,123,2542,77
1,1,2,1,5,2,0.0001,-35.0,0.1156015037593985,0.615,0.19462025316455697,123,941,77
1,1,2,1,5,2,0.0001,-30.0,0.15355329949238578,0.605,0.24493927125506068,121,667,79
1,1,2,1,5,2,0.0001,-25.0,0.16185897435897437,0.505,0.2451456310679612,101,523,99
1,1,2,1,5,2,0.0001,-20.0,0.1532258064516129,0.38,0.21839080459770116,76,420,124
1,1,2,1,5,2,0.0001,-15.0,0.06597222222222222,0.095,0.0778688524590164,19,269,181
1,1,2,1,5,2,0.0001,-10.0,0.0,0.0,0.0,0,56,200
1,1,2,1,5,2,0.0001,-5.0,1.0,0.0,0.0,0,0,200
1,1,2,1,5,2,0.0001,0.0,1.0,0.0,0.0,0,0,200
1,1,2,1,5,2,3e-05,-9999.0,0.02773859896567936,0.59,0.052986079928154475,118,4136,82
1,1,2,1,5,2,3e-05,-40.0,0.04716227018385292,0.59,0.08734270910436713,118,2384,82
1,1,2,1,5,2,3e-05,-35.0,0.11967545638945233,0.59,0.19898819561551434,118,868,82
1,1,2,1,5,2,3e-05,-30.0,0.15254237288135594,0.585,0.2419855222337125,117,650,83
1,1,2,1,5,2,3e-05,-25.0,0.16071428571428573,0.495,0.24264705882352944,99,517,101
1,1,2,1,5,2,3e-05,-20.0,0.15212981744421908,0.375,0.21645021645021648,75,418,125
1,1,2,1,5,2,3e-05,-15.0,0.06597222222222222,0.095,0.0778688524590164,19,269,181
1,1,2,1,5,2,3e-05,-10.0,0.0,0.0,0.0,0,56,200
1,1,2,1,5,2,3e-05,-5.0,1.0,0.0,0.0,0,0,200
1,1,2,1,5,2,3e-05,0.0,1.0,0.0,0.0,0,0,200
1,1,2,1,5,2,1e-05,-9999.0,0.02874005645368232,0.56,0.054674151818403724,112,3785,88
1,1,2,1,5,2,1e-05,-40.0,0.046473029045643155,0.56,0.08582375478927202,112,2298,88
1,1,2,1,5,2,1e-05,-35.0,0.11953041622198506,0.56,0.19700967458223395,112,825,88
1,1,2,1,5,2,1e-05,-30.0,0.14741035856573706,0.555,0.23294858342077654,111,642,89
1,1,2,1,5,2,1e-05,-25.0,0.15960912052117263,0.49,0.24078624078624078,98,516,102
1,1,2,1,5,2,1e-05,-20.0,0.15212981744421908,0.375,0.21645021645021648,75,418,125
1,1,2,1,5,2,1e-05,-15.0,0.06597222222222222,0.095,0.0778688524590164,19,269,181
1,1,2,1,5,2,1e-05,-10.0,0.0,0.0,0.0,0,56,200
1,1,2,1,5,2,1e-05,-5.0,1.0,0.0,0.0,0,0,200
1,1,2,1,5,2,1e-05,0.0,1.0,0.0,0.0,0,0,200
1,1,2,1,5,3,0.01,-9999.0,0.0100981123414998,0.88,0.019967099665324183,176,17253,24
1,1,2,1,5,3,0.01,-40.0,0.046908315565031986,0.88,0.08906882591093118,176,3576,24
1,1,2,1,5,3,0.01,-35.0,0.10986267166042447,0.88,0.195338512763596,176,1426,24
1,1,2,1,5,3,0.01,-30.0,0.15955473098330242,0.86,0.26917057902973396,172,906,28
1,1,2,1,5,3,0.01,-25.0,0.1728395061728395,0.56,0.2641509433962264,112,536,88
1,1,2,1,5,3,0.01,-20.0,0.1532258064516129,0.38,0.21839080459770116,76,420,124
1,1,2,1,5,3,0.01,-15.0,0.06597222222222222,0.095,0.0778688524590164,19,269,181
1,1,2,1,5,3,0.01,-10.0,0.0,0.0,0.0,0,56,200
1,1,2,1,5,3,0.01,-5.0,1.0,0.0,0.0,0,0,200
1,1,2,1,5,3,0.01,0.0,1.0,0.0,0.0,0,0,200
1,1,2,1,5,3,0.003,-9999.0,0.013384813384813385,0.78,0.026318009278785325,156,11499,44
1,1,2,1,5,3,0.003,-40.0,0.04519119351100811,0.78,0.0854326396495071,156,3296,44
1,1,2,1,5,3,0.003,-35.0,0.10886252616887648,0.78,0.19105939987752601,156,1277,44
1,1,2,1,5,3,0.003,-30.0,0.15618661257606492,0.77,0.25969645868465435,154,832,46
1,1,2,1,5,3,0.003,-25.0,0.17156105100463678,0.555,0.26210153482880755,111,536,89
1,1,2,1,5,3,0.003,-20.0,0.1532258064516129,0.38,0.21839080459770116,76,420,124
1,1,2,1,5,3,0.003,-15.0,0.06597222222222222,0.095,0.0778688524590164,19,269,181
1,1,2,1,5,3,0.003,-10.0,0.0,0.0,0.0,0,56,200
1,1,2,1,5,3,0.003,-5.0,1.0,0.0,0.0,0,0,200
1,1,2,1,5,3,0.003,0.0,1.0,0.0,0.0,0,0,200
1,1,2,1,5,3,0.001,-9999.0,0.015521064301552107,0.63,0.03029574416927146,126,7992,74
1,1,2,1,5,3,0.001,-40.0,0.03991130820399113,0.63,0.07506702412868632,126,3031,74
1,1,2,1,5,3,0.001,-35.0,0.0997624703087886,0.63,0.1722488038277512,126,1137,74
1,1,2,1,5,3,0.001,-30.0,0.1417233560090703,0.625,0.23105360443622922,125,757,75
1,1,2,1,5,3,0.001,-25.0,0.17156105100463678,0.555,0.26210153482880755,111,536,89
1,1,2,1,5,3,0.001,-20.0,0.1532258064516129,0.38,0.21839080459770116,76,420,124
1,1,2,1,5,3,0.001,-15.0,0.06597222222222222,0.095,0.0778688524590164,19,269,181
1,1,2,1,5,3,0.001,-10.0,0.0,0.0,0.0,0,56,200
1,1,2,1,5,3,0.001,-5.0,1.0,0.0,0.0,0,0,200
1,1,2,1,5,3,0.001,0.0,1.0,0.0,0.0,0,0,200
1,1,2,1,5,3,0.0003,-9999.0,0.01959099501632583,0.57,0.03788004651935537,114,5705,86
1,1,2,1,5,3,0.0003,-40.0,0.040240028238616304,0.57,0.07517309594460929,114,2719,86
1,1,2,1,5,3,0.0003,-35.0,0.10410958904109589,0.57,0.17606177606177606,114,981,86
1,1,2,1,5,3,0.0003,-30.0,0.13916256157635468,0.565,0.2233201581027668,113,699,87
1,1,2,1,5,3,0.0003,-25.0,0.16535433070866143,0.525,0.25149700598802394,105,530,95
1,1,2,1,5,3,0.0003,-20.0,0.1532258064516129,0.38,0.21839080459770116,76,420,124
1,1,2,1,5,3,0.0003,-15.0,0.06597222222222222,0.095,0.0778688524590164,19,269,181
1,1,2,1,5,3,0.0003,-10.0,0.0,0.0,0.0,0,56,200
1,1,2,1,5,3,0.0003,-5.0,1.0,0.0,0.0,0,0,200
1,1,2,1,5,3,0.0003,0.0,1.0,0.0,0.0,0,0,200
1,1,2,1,5,3,0.0001,-9999.0,0.02307212637705259,0.555,0.04430253442426661,111,4700,89
1,1,2,1,5,3,0.0001,-40.0,0.042301829268292686,0.555,0.07861189801699717,111,2513,89
1,1,2,1,5,3,0.0001,-35.0,0.1083984375,0.555,0.18137254901960784,111,913,89
1,1,2,1,5,3,0.0001,-30.0,0.14030612244897958,0.55,0.22357723577235772,110,674,90
1,1,2,1,5,3,0.0001,-25.0,0.16375198728139906,0.515,0.24849215922798554,103,526,97
1,1,2,1,5,3,0.0001,-20.0,0.1532258064516129,0.38,0.21839080459770116,76,420,124
1,1,2,1,5,3,0.0001,-15.0,0.06597222222222222,0.095,0.0778688524590164,19,269,181
1,1,2,1,5,3,0.0001,-10.0,0.0,0.0,0.0,0,56,200
1,1,2,1,5,3,0.0001,-5.0,1.0,0.0,0.0,0,0,200
1,1,2,1,5,3,0.0001,0.0,1.0,0.0,0.0,0,0,200
1,1,2,1,5,3,3e-05,-9999.0,0.024384525205158266,0.52,0.046584546472564395,104,4161,96
1,1,2,1,5,3,3e-05,-40.0,0.042173560421735604,0.52,0.07801950487621906,104,2362,96
1,1,2,1,5,3,3e-05,-35.0,0.10947368421052632,0.52,0.1808695652173913,104,846,96
1,1,2,1,5,3,3e-05,-30.0,0.1358839050131926,0.515,0.2150313152400835,103,655,97
1,1,2,1,5,3,3e-05,-25.0,0.15746753246753248,0.485,0.2377450980392157,97,519,103
1,1,2,1,5,3,3e-05,-20.0,0.15353535353535352,0.38,0.218705035971223,76,419,124
1,1,2,1,5,3,3e-05,-15.0,0.06597222222222222,0.095,0.0778688524590164,19,269,181
1,1,2,1,5,3,3e-05,-10.0,0.0,0.0,0.0,0,56,200
1,1,2,1,5,3,3e-05,-5.0,1.0,0.0,0.0,0,0,200
1,1,2,1,5,3,3e-05,0.0,1.0,0.0,0.0,0,0,200
1,1,2,1,5,3,1e-05,-9999.0,0.025947596031544135,0.51,0.04938271604938271,102,3829,98
1,1,2,1,5,3,1e-05,-40.0,0.04289318755256518,0.51,0.0791311093871218,102,2276,98
1,1,2,1,5,3,1e-05,-35.0,0.11171960569550932,0.51,0.18328840970350405,102,811,98
1,1,2,1,5,3,1e-05,-30.0,0.13557046979865772,0.505,0.21375661375661376,101,644,99
1,1,2,1,5,3,1e-05,-25.0,0.1566068515497553,0.48,0.23616236162361623,96,517,104
1,1,2,1,5,3,1e-05,-20.0,0.15212981744421908,0.375,0.21645021645021648,75,418,125
1,1,2,1,5,3,1e-05,-15.0,0.06597222222222222,0.095,0.0778688524590164,19,269,181
1,1,2,1,5,3,1e-05,-10.0,0.0,0.0,0.0,0,56,200
1,1,2,1,5,3,1e-05,-5.0,1.0,0.0,0.0,0,0,200
1,1,2,1,5,3,1e-05,0.0,1.0,0.0,0.0,0,0,200
1,1,2,2,5,2,0.01,-9999.0,0.010622069043448782,0.94,0.02100676015419856,188,17511,12
1,1,2,2,5,2,0.01,-40.0,0.04935678655815175,0.94,0.09378897480668497,188,3621,12
1,1,2,2,5,2,0.01,-35.0,0.11265060240963855,0.935,0.2010752688172043,187,1473,13
1,1,2,2,5,2,0.01,-30.0,0.16047144152311876,0.885,0.27168073676132004,177,926,23
1,1,2,2,5,2,0.01,-25.0,0.1728395061728395,0.56,0.2641509433962264,112,536,88
1,1,2,2,5,2,0.01,-20.0,0.1532258064516129,0.38,0.21839080459770116,76,420,124
1,1,2,2,5,2,0.01,-15.0,0.06597222222222222,0.095,0.0778688524590164,19,269,181
1,1,2,2,5,2,0.01,-10.0,0.0,0.0,0.0,0,56,200
1,1,2,2,5,2,0.01,-5.0,1.0,0.0,0.0,0,0,200
1,1,2,2,5,2,0.01,0.0,1.0,0.0,0.0,0,0,200
1,1,2,2,5,2,0.003,-9999.0,0.014134275618374558,0.84,0.02780076121131888,168,11718,32
1,1,2,2,5,2,0.003,-40.0,0.04703247480403135,0.84,0.08907741251325556,168,3404,32
1,1,2,2,5,2,0.003,-35.0,0.10858257477243173,0.835,0.19217491369390105,167,1371,33
1,1,2,2,5,2,0.003,-30.0,0.1534795042897998,0.805,0.2578062449959968,161,888,39
1,1,2,2,5,2,0.003,-25.0,0.1728395061728395,0.56,0.2641509433962264,112,536,88
1,1,2,2,5,2,0.003,-20.0,0.1532258064516129,0.38,0.21839080459770116,76,420,124
1,1,2,2,5,2,0.003,-15.0,0.06597222222222222,0.095,0.0778688524590164,19,269,181
1,1,2,2,5,2,0.003,-10.0,0.0,0.0,0.0,0,56,200
1,1,2,2,5,2,0.003,-5.0,1.0,0.0,0.0,0,0,200
1,1,2,2,5,2,0.003,0.0,1.0,0.0,0.0,0,0,200
1,1,2,2,5,2,0.001,-9999.0,0.018496839147740574,0.79,0.03614733470601693,158,8384,42
1,1,2,2,5,2,0.001,-40.0,0.04753309265944645,0.79,0.08967082860385923,158,3166,42
1,1,2,2,5,2,0.001,-35.0,0.11126760563380282,0.79,0.19506172839506175,158,1262,42
1,1,2,2,5,2,0.001,-30.0,0.15447991761071062,0.75,0.25619128949615716,150,821,50
1,1,2,2,5,2,0.001,-25.0,0.17156105100463678,0.555,0.26210153482880755,111,536,89
1,1,2,2,5,2,0.001,-20.0,0.1532258064516129,0.38,0.21839080459770116,76,420,124
1,1,2,2,5,2,0.001,-15.0,0.06597222222222222,0.095,0.0778688524590164,19,269,181
1,1,2,2,5,2,0.001,-10.0,0.0,0.0,0.0,0,56,200
1,1,2,2,5,2,0.001,-5.0,1.0,0.0,0.0,0,0,200
1,1,2,2,5,2,0.001,0.0,1.0,0.0,0.0,0,0,200
1,1,2,2,5,2,0.0003,-9999.0,0.021864750898016556,0.7,0.04240496743904286,140,6263,60
1,1,2,2,5,2,0.0003,-40.0,0.04513217279174726,0.7,0.08479709267110842,140,2962,60
1,1,2,2,5,2,0.0003,-35.0,0.10802469135802469,0.7,0.1871657754010695,140,1156,60
1,1,2,2,5,2,0.0003,-30.0,0.14855875831485588,0.67,0.24319419237749548,134,768,66
1,1,2,2,5,2,0.0003,-25.0,0.16822429906542055,0.54,0.25653206650831356,108,534,92
1,1,2,2,5,2,0.0003,-20.0,0.1532258064516129,0.38,0.21839080459770116,76,420,124
1,1,2,2,5,2,0.0003,-15.0,0.06597222222222222,0.095,0.0778688524590164,19,269,181
1,1,2,2,5,2,0.0003,-10.0,0.0,0.0,0.0,0,56,200
1,1,2,2,5,2,0.0003,-5.0,1.0,0.0,0.0,0,0,200
1,1,2,2,5,2,0.0003,0.0,1.0,0.0,0.0,0,0,200
1,1,2,2,5,2,0.0001,-9999.0,0.024565940155153305,0.665,0.04738154613466333,133,5281,67
1,1,2,2,5,2,0.0001,-40.0,0.04570446735395189,0.665,0.08553054662379421,133,2777,67
1,1,2,2,5,2,0.0001,-35.0,0.11092577147623019,0.665,0.19013581129378126,133,1066,67
1,1,2,2,5,2,0.0001,-30.0,0.1509433962264151,0.64,0.24427480916030533,128,720,72
1,1,2,2,5,2,0.0001,-25.0,0.16326530612244897,0.52,0.24850657108721624,104,533,96
1,1,2,2,5,2,0.0001,-20.0,0.1532258064516129,0.38,0.21839080459770116,76,420,124
1,1,2,2,5,2,0.0001,-15.0,0.06597222222222222,0.095,0.0778688524590164,19,269,181
1,1,2,2,5,2,0.0001,-10.0,0.0,0.0,0.0,0,56,200
1,1,2,2,5,2,0.0001,-5.0,1.0,0.0,0.0,0,0,200
1,1,2,2,5,2,0.0001,0.0,1.0,0.0,0.0,0,0,200
1,1,2,2,5,2,3e-05,-9999.0,0.02605128205128205,0.635,0.05004926108374384,127,4748,73
1,1,2,2,5,2,3e-05,-40.0,0.04631655725747629,0.635,0.08633582596872875,127,2615,73
1,1,2,2,5,2,3e-05,-35.0,0.11400359066427289,0.635,0.1933028919330289,127,987,73
1,1,2,2,5,2,3e-05,-30.0,0.15185185185185185,0.615,0.24356435643564353,123,687,77
1,1,2,2,5,2,3e-05,-25.0,0.1624203821656051,0.51,0.2463768115942029,102,526,98
1,1,2,2,5,2,3e-05,-20.0,0.1532258064516129,0.38,0.21839080459770116,76,420,124
1,1,2,2,5,2,3e-05,-15.0,0.06597222222222222,0.095,0.0778688524590164,19,269,181
1,1,2,2,5,2,3e-05,-10.0,0.0,0.0,0.0,0,56,200
1,1,2,2,5,2,3e-05,-5.0,1.0,0.0,0.0,0,0,200
1,1,2,2,5,2,3e-05,0.0,1.0,0.0,0.0,0,0,200
1,1,2,2,5,2,1e-05,-9999.0,0.02725839152962379,0.605,0.05216641517568441,121,4318,79
1,1,2,2,5,2,1e-05,-40.0,0.046413502109704644,0.605,0.08621303883149271,121,2486,79
1,1,2,2,5,2,1e-05,-35.0,0.11590038314176246,0.605,0.19453376205787784,121,923,79
1,1,2,2,5,2,1e-05,-30.0,0.15306122448979592,0.6,0.2439024390243903,120,664,80
1,1,2,2,5,2,1e-05,-25.0,0.1610305958132045,0.5,0.24360535931790497,100,521,100
1,1,2,2,5,2,1e-05,-20.0,0.1532258064516129,0.38,0.21839080459770116,76,420,124
1,1,2,2,5,2,1e-05,-15.0,0.06597222222222222,0.095,0.0778688524590164,19,269,181
1,1,2,2,5,2,1e-05,-10.0,0.0,0.0,0.0,0,56,200
1,1,2,2,5,2,1e-05,-5.0,1.0,0.0,0.0,0,0,200
1,1,2,2,5,2,1e-05,0.0,1.0,0.0,0.0,0,0,200
1,1,2,2,5,3,0.01,-9999.0,0.010424668056622408,0.95,0.020623032671225443,190,18036,10
1,1,2,2,5,3,0.01,-40.0,0.049363471031436734,0.95,0.09385033341565817,190,3659,10
1,1,2,2,5,3,0.01,-35.0,0.11156782149148561,0.95,0.19968470835522859,190,1513,10
1,1,2,2,5,3,0.01,-30.0,0.15949820788530467,0.89,0.2705167173252279,178,938,22
1,1,2,2,5,3,0.01,-25.0,0.1728395061728395,0.56,0.2641509433962264,112,536,88
1,1,2,2,5,3,0.01,-20.0,0.1532258064516129,0.38,0.21839080459770116,76,420,124
1,1,2,2,5,3,0.01,-15.0,0.06597222222222222,0.095,0.0778688524590164,19,269,181
1,1,2,2,5,3,0.01,-10.0,0.0,0.0,0.0,0,56,200
1,1,2,2,5,3,0.01,-5.0,1.0,0.0,0.0,0,0,200
1,1,2,2,5,3,0.01,0.0,1.0,0.0,0.0,0,0,200
1,1,2,2,5,3,0.003,-9999.0,0.013830379143152372,0.87,0.027227916438463347,174,12407,26
1,1,2,2,5,3,0.003,-40.0,0.04814609850581074,0.87,0.09124278972207656,174,3440,26
1,1,2,2,5,3,0.003,-35.0,0.10991787744788377,0.87,0.195176668536175,174,1409,26
1,1,2,2,5,3,0.003,-30.0,0.1601489757914339,0.86,0.2700156985871271,172,902,28
1,1,2,2,5,3,0.003,-25.0,0.1728395061728395,0.56,0.2641509433962264,112,536,88
1,1,2,2,5,3,0.003,-20.0,0.1532258064516129,0.38,0.21839080459770116,76,420,124
1,1,2,2,5,3,0.003,-15.0,0.06597222222222222,0.095,0.0778688524590164,19,269,181
1,1,2,2,5,3,0.003,-10.0,0.0,0.0,0.0,0,56,200
1,1,2,2,5,3,0.003,-5.0,1.0,0.0,0.0,0,0,200
1,1,2,2,5,3,0.003,0.0,1.0,0.0,0.0,0,0,200
1,1,2,2,5,3,0.001,-9999.0,0.01723376049491825,0.78,0.0337224383916991,156,8896,44
1,1,2,2,5,3,0.001,-40.0,0.04601769911504425,0.78,0.08690807799442897,156,3234,44
1,1,2,2,5,3,0.001,-35.0,0.10619469026548672,0.78,0.18693828639904134,156,1313,44
1,1,2,2,5,3,0.001,-30.0,0.152324431256182,0.77,0.254335260115607,154,857,46
1,1,2,2,5,3,0.001,-25.0,0.17156105100463678,0.555,0.26210153482880755,111,536,89
1,1,2,2,5,3,0.001,-20.0,0.1532258064516129,0.38,0.21839080459770116,76,420,124
1,1,2,2,5,3,0.001,-15.0,0.06597222222222222,0.095,0.0778688524590164,19,269,181
1,1,2,2,5,3,0.001,-10.0,0.0,0.0,0.0,0,56,200
1,1,2,2,5,3,0.001,-5.0,1.0,0.0,0.0,0,0,200
1,1,2,2,5,3,0.001,0.0,1.0,0.0,0.0,0,0,200
1,1,2,2,5,3,0.0003,-9999.0,0.019669199821189094,0.66,0.03819997106062799,132,6579,68
1,1,2,2,5,3,0.0003,-40.0,0.04213214171720396,0.66,0.07920792079207922,132,3001,68
1,1,2,2,5,3,0.0003,-35.0,0.09902475618904726,0.66,0.17221135029354206,132,1201,68
1,1,2,2,5,3,0.0003,-30.0,0.14010695187165775,0.655,0.23083700440528634,131,804,69
1,1,2,2,5,3,0.0003,-25.0,0.17156105100463678,0.555,0.26210153482880755,111,536,89
1,1,2,2,5,3,0.0003,-20.0,0.1532258064516129,0.38,0.21839080459770116,76,420,124
1,1,2,2,5,3,0.0003,-15.0,0.06597222222222222,0.095,0.0778688524590164,19,269,181
1,1,2,2,5,3,0.0003,-10.0,0.0,0.0,0.0,0,56,200
1,1,2,2,5,3,0.0003,-5.0,1.0,0.0,0.0,0,0,200
1,1,2,2,5,3,0.0003,0.0,1.0,0.0,0.0,0,0,200
1,1,2,2,5,3,0.0001,-9999.0,0.021695533272561532,0.595,0.04186455584872471,119,5366,81
1,1,2,2,5,3,0.0001,-40.0,0.04111955770559779,0.595,0.07692307692307691,119,2775,81
1,1,2,2,5,3,0.0001,-35.0,0.09883720930232558,0.595,0.16951566951566951,119,1085,81
1,1,2,2,5,3,0.0001,-30.0,0.13485714285714287,0.59,0.21953488372093025,118,757,82
1,1,2,2,5,3,0.0001,-25.0,0.16822429906542055,0.54,0.25653206650831356,108,534,92
1,1,2,2,5,3,0.0001,-20.0,0.1532258064516129,0.38,0.21839080459770116,76,420,124
1,1,2,2,5,3,0.0001,-15.0,0.06597222222222222,0.095,0.0778688524590164,19,269,181
1,1,2,2,5,3,0.0001,-10.0,0.0,0.0,0.0,0,56,200
1,1,2,2,5,3,0.0001,-5.0,1.0,0.0,0.0,0,0,200
1,1,2,2,5,3,0.0001,0.0,1.0,0.0,0.0,0,0,200
1,1,2,2,5,3,3e-05,-9999.0,0.023169218038891187,0.56,0.044497417560588004,112,4722,88
1,1,2,2,5,3,3e-05,-40.0,0.041404805914972274,0.56,0.07710843373493975,112,2593,88
1,1,2,2,5,3,3e-05,-35.0,0.10294117647058823,0.56,0.17391304347826086,112,976,88
1,1,2,2,5,3,3e-05,-30.0,0.13454545454545455,0.555,0.21658536585365853,111,714,89
1,1,2,2,5,3,3e-05,-25.0,0.16352201257861634,0.52,0.2488038277511962,104,532,96
1,1,2,2,5,3,3e-05,-20.0,0.1532258064516129,0.38,0.21839080459770116,76,420,124
1,1,2,2,5,3,3e-05,-15.0,0.06597222222222222,0.095,0.0778688524590164,19,269,181
1,1,2,2,5,3,3e-05,-10.0,0.0,0.0,0.0,0,56,200
1,1,2,2,5,3,3e-05,-5.0,1.0,0.0,0.0,0,0,200
1,1,2,2,5,3,3e-05,0.0,1.0,0.0,0.0,0,0,200
1,1,2,2,5,3,1e-05,-9999.0,0.02472776769509982,0.545,0.04730902777777778,109,4299,91
1,1,2,2,5,3,1e-05,-40.0,0.04254488680718189,0.545,0.0789283128167994,109,2453,91
1,1,2,2,5,3,1e-05,-35.0,0.10770750988142293,0.545,0.17986798679867985,109,903,91
1,1,2,2,5,3,1e-05,-30.0,0.13670886075949368,0.54,0.21818181818181817,108,682,92
1,1,2,2,5,3,1e-05,-25.0,0.16108452950558214,0.505,0.2442563482466747,101,526,99
1,1,2,2,5,3,1e-05,-20.0,0.1532258064516129,0.38,0.21839080459770116,76,420,124
1,1,2,2,5,3,1e-05,-15.0,0.06597222222222222,0.095,0.0778688524590164,19,269,181
1,1,2,2,5,3,1e-05,-10.0,0.0,0.0,0.0,0,56,200
1,1,2,2,5,3,1e-05,-5.0,1.0,0.0,0.0,0,0,200
1,1,2,2,5,3,1e-05,0.0,1.0,0.0,0.0,0,0,200
1,1,3,1,5,2,0.01,-9999.0,0.011200375300533631,0.955,0.022141076914159858,191,16862,9
1,1,3,1,5,2,0.01,-40.0,0.05051573657762497,0.955,0.09595579000251193,191,3590,9
1,1,3,1,5,2,0.01,-35.0,0.1148036253776435,0.95,0.20485175202156336,190,1465,10
1,1,3,1,5,2,0.01,-30.0,0.1613780598368087,0.89,0.27321565617805066,178,925,22
1,1,3,1,5,2,0.01,-25.0,0.1728395061728395,0.56,0.2641509433962264,112,536,88
1,1,3,1,5,2,0.01,-20.0,0.1532258064516129,0.38,0.21839080459770116,76,420,124
1,1,3,1,5,2,0.01,-15.0,0.06597222222222222,0.095,0.0778688524590164,19,269,181
1,1,3,1,5,2,0.01,-10.0,0.0,0.0,0.0,0,56,200
1,1,3,1,5,2,0.01,-5.0,1.0,0.0,0.0,0,0,200
1,1,3,1,5,2,0.01,0.0,1.0,0.0,0.0,0,0,200
1,1,3,1,5,2,0.003,-9999.0,0.01526032315978456,0.85,0.029982363315696647,170,10970,30
1,1,3,1,5,2,0.003,-40.0,0.0480225988700565,0.85,0.0909090909090909,170,3370,30
1,1,3,1,5,2,0.003,-35.0,0.1106020942408377,0.845,0.19560185185185186,169,1359,31
1,1,3,1,5,2,0.003,-30.0,0.15619047619047619,0.82,0.26239999999999997,164,886,36
1,1,3,1,5,2,0.003,-25.0,0.1728395061728395,0.56,0.2641509433962264,112,536,88
1,1,3,1,5,2,0.003,-20.0,0.1532258064516129,0.38,0.21839080459770116,76,420,124
1,1,3,1,5,2,0.003,-15.0,0.06597222222222222,0.095,0.0778688524590164,19,269,181
1,1,3,1,5,2,0.003,-10.0,0.0,0.0,0.0,0,56,200
1,1,3,1,5,2,0.003,-5.0,1.0,0.0,0.0,0,0,200
1,1,3,1,5,2,0.003,0.0,1.0,0.0,0.0,0,0,200
1,1,3,1,5,2,0.001,-9999.0,0.0200727637686614,0.8,0.0391628931587321,160,7811,40
1,1,3,1,5,2,0.001,-40.0,0.04915514592933948,0.8,0.09261939218523878,160,3095,40
1,1,3,1,5,2,0.001,-35.0,0.11588921282798834,0.795,0.20229007633587784,159,1213,41
1,1,3,1,5,2,0.001,-30.0,0.1598317560462671,0.76,0.264118158123371,152,799,48
1,1,3,1,5,2,0.001,-25.0,0.17156105100463678,0.555,0.26210153482880755,111,536,89
1,1,3,1,5,2,0.001,-20.0,0.1532258064516129,0.38,0.21839080459770116,76,420,124
1,1,3,1,5,2,0.001,-15.0,0.06597222222222222,0.095,0.0778688524590164,19,269,181
1,1,3,1,5,2,0.001,-10.0,0.0,0.0,0.0,0,56,200
1,1,3,1,5,2,0.001,-5.0,1.0,0.0,0.0,0,0,200
1,1,3,1,5,2,0.001,0.0,1.0,0.0,0.0,0,0,200
1,1,3,1,5,2,0.0003,-9999.0,0.023611789610812572,0.725,0.04573411133890553,145,5996,55
1,1,3,1,5,2,0.0003,-40.0,0.04774448468883767,0.725,0.08958912573370406,145,2892,55
1,1,3,1,5,2,0.0003,-35.0,0.1166532582461786,0.725,0.20097020097020096,145,1098,55
1,1,3,1,5,2,0.0003,-30.0,0.1578341013824885,0.685,0.2565543071161049,137,731,63
1,1,3,1,5,2,0.0003,-25.0,0.17080745341614906,0.55,0.26066350710900477,110,534,90
1,1,3,1,5,2,0.0003,-20.0,0.1532258064516129,0.38,0.21839080459770116,76,420,124
1,1,3,1,5,2,0.0003,-15.0,0.06597222222222222,0.095,0.0778688524590164,19,269,181
1,1,3,1,5,2,0.0003,-10.0,0.0,0.0,0.0,0,56,200
1,1,3,1,5,2,0.0003,-5.0,1.0,0.0,0.0,0,0,200
1,1,3,1,5,2,0.0003,0.0,1.0,0.0,0.0,0,0,200
1,1,3,1,5,2,0.0001,-9999.0,0.02487469834787451,0.67,0.04796849829962412,134,5253,66
1,1,3,1,5,2,0.0001,-40.0,0.046495489243580844,0.67,0.08695652173913043,134,2748,66
1,1,3,1,5,2,0.0001,-35.0,0.11521926053310404,0.67,0.19662509170946443,134,1029,66
1,1,3,1,5,2,0.0001,-30.0,0.15847665847665848,0.645,0.25443786982248523,129,685,71
1,1,3,1,5,2,0.0001,-25.0,0.1640378548895899,0.52,0.24940047961630696,104,530,96
1,1,3,1,5,2,0.0001,-20.0,0.1532258064516129,0.38,0.21839080459770116,76,420,124
1,1,3,1,5,2,0.0001,-15.0,0.06597222222222222,0.095,0.0778688524590164,19,269,181
1,1,3,1,5,2,0.0001,-10.0,0.0,0.0,0.0,0,56,200
1,1,3,1,5,2,0.0001,-5.0,1.0,0.0,0.0,0,0,200
1,1,3,1,5,2,0.0001,0.0,1.0,0.0,0.0,0,0,200
1,1,3,1,5,2,3e-05,-9999.0,0.026331904470300063,0.645,0.050598156501274756,129,4770,71
1,1,3,1,5,2,3e-05,-40.0,0.046789989118607184,0.645,0.08725059181602976,129,2628,71
1,1,3,1,5,2,3e-05,-35.0,0.11632100991884581,0.645,0.19709702062643236,129,980,71
1,1,3,1,5,2,3e-05,-30.0,0.1560549313358302,0.625,0.24975024975024973,125,676,75
1,1,3,1,5,2,3e-05,-25.0,0.16375198728139906,0.515,0.24849215922798554,103,526,97
1,1,3,1,5,2,3e-05,-20.0,0.1532258064516129,0.38,0.21839080459770116,76,420,124
1,1,3,1,5,2,3e-05,-15.0,0.06597222222222222,0.095,0.0778688524590164,19,269,181
1,1,3,1,5,2,3e-05,-10.0,0.0,0.0,0.0,0,56,200
1,1,3,1,5,2,3e-05,-5.0,1.0,0.0,0.0,0,0,200
1,1,3,1,5,2,3e-05,0.0,1.0,0.0,0.0,0,0,200
1,1,3,1,5,2,1e-05,-9999.0,0.027616926503340758,0.62,0.05287846481876332,124,4366,76
1,1,3,1,5,2,1e-05,-40.0,0.046951912154486936,0.62,0.08729320661738824,124,2517,76
1,1,3,1,5,2,1e-05,-35.0,0.1173131504257332,0.62,0.19729514717581545,124,933,76
1,1,3,1,5,2,1e-05,-30.0,0.15394402035623408,0.605,0.2454361054766734,121,665,79
1,1,3,1,5,2,1e-05,-25.0,0.16211878009630817,0.505,0.24544349939246654,101,522,99
1,1,3,1,5,2,1e-05,-20.0,0.15353535353535352,0.38,0.218705035971223,76,419,124
1,1,3,1,5,2,1e-05,-15.0,0.06597222222222222,0.095,0.0778688524590164,19,269,181
1,1,3,1,5,2,1e-05,-10.0,0.0,0.0,0.0,0,56,200
1,1,3,1,5,2,1e-05,-5.0,1.0,0.0,0.0,0,0,200
1,1,3,1,5,2,1e-05,0.0,1.0,0.0,0.0,0,0,200
1,1,3,1,5,3,0.01,-9999.0,0.010726721329888802,0.955,0.021215150505387092,191,17615,9
1,1,3,1,5,3,0.01,-40.0,0.04943064182194617,0.955,0.09399606299212597,191,3673,9
1,1,3,1,5,3,0.01,-35.0,0.11150029188558085,0.955,0.19968635650810243,191,1522,9
1,1,3,1,5,3,0.01,-30.0,0.16036036036036036,0.89,0.2717557251908397,178,932,22
1,1,3,1,5,3,0.01,-25.0,0.1728395061728395,0.56,0.2641509433962264,112,536,88
1,1,3,1,5,3,0.01,-20.0,0.1532258064516129,0.38,0.21839080459770116,76,420,124
1,1,3,1,5,3,0.01,-15.0,0.06597222222222222,0.095,0.0778688524590164,19,269,181
1,1,3,1,5,3,0.01,-10.0,0.0,0.0,0.0,0,56,200
1,1,3,1,5,3,0.01,-5.0,1.0,0.0,0.0,0,0,200
1,1,3,1,5,3,0.01,0.0,1.0,0.0,0.0,0,0,200
1,1,3,1,5,3,0.003,-9999.0,0.014776257241205609,0.88,0.029064486830154408,176,11735,24
1,1,3,1,5,3,0.003,-40.0,0.04925832633641198,0.88,0.0932944606413994,176,3397,24
1,1,3,1,5,3,0.003,-35.0,0.11246006389776358,0.88,0.19943342776203965,176,1389,24
1,1,3,1,5,3,0.003,-30.0,0.15970287836583102,0.86,0.26938136256851997,172,905,28
1,1,3,1,5,3,0.003,-25.0,0.1728395061728395,0.56,0.2641509433962264,112,536,88
1,1,3,1,5,3,0.003,-20.0,0.1532258064516129,0.38,0.21839080459770116,76,420,124
1,1,3,1,5,3,0.003,-15.0,0.06597222222222222,0.095,0.0778688524590164,19,269,181
1,1,3,1,5,3,0.003,-10.0,0.0,0.0,0.0,0,56,200
1,1,3,1,5,3,0.003,-5.0,1.0,0.0,0.0,0,0,200
1,1,3,1,5,3,0.003,0.0,1.0,0.0,0.0,0,0,200
1,1,3,1,5,3,0.001,-9999.0,0.018682858477347034,0.8,0.03651300775901415,160,8404,40
1,1,3,1,5,3,0.001,-40.0,0.04784688995215311,0.8,0.09029345372460497,160,3184,40
1,1,3,1,5,3,0.001,-35.0,0.11057360055286801,0.8,0.19429265330904677,160,1287,40
1,1,3,1,5,3,0.001,-30.0,0.15566502463054188,0.79,0.26008230452674896,158,857,42
1,1,3,1,5,3,0.001,-25.0,0.17156105100463678,0.555,0.26210153482880755,111,536,89
1,1,3,1,5,3,0.001,-20.0,0.1532258064516129,0.38,0.21839080459770116,76,420,124
1,1,3,1,5,3,0.001,-15.0,0.06597222222222222,0.095,0.0778688524590164,19,269,181
1,1,3,1,5,3,0.001,-10.0,0.0,0.0,0.0,0,56,200
1,1,3,1,5,3,0.001,-5.0,1.0,0.0,0.0,0,0,200
1,1,3,1,5,3,0.001,0.0,1.0,0.0,0.0,0,0,200
1,1,3,1,5,3,0.0003,-9999.0,0.022062275074323266,0.705,0.04278561675011379,141,6250,59
1,1,3,1,5,3,0.0003,-40.0,0.04586857514638907,0.705,0.08613317043372022,141,2933,59
1,1,3,1,5,3,0.0003,-35.0,0.10938712179984485,0.705,0.18938885157824045,141,1148,59
1,1,3,1,5,3,0.0003,-30.0,0.1533406352683461,0.7,0.25157232704402516,140,773,60
1,1,3,1,5,3,0.0003,-25.0,0.17156105100463678,0.555,0.26210153482880755,111,536,89
1,1,3,1,5,3,0.0003,-20.0,0.1532258064516129,0.38,0.21839080459770116,76,420,124
1,1,3,1,5,3,0.0003,-15.0,0.06597222222222222,0.095,0.0778688524590164,19,269,181
1,1,3,1,5,3,0.0003,-10.0,0.0,0.0,0.0,0,56,200
1,1,3,1,5,3,0.0003,-5.0,1.0,0.0,0.0,0,0,200
1,1,3,1,5,3,0.0003,0.0,1.0,0.0,0.0,0,0,200
1,1,3,1,5,3,0.0001,-9999.0,0.023169601482854494,0.625,0.04468275245755138,125,5270,75
1,1,3,1,5,3,0.0001,-40.0,0.043569187870338096,0.625,0.0814597588791137,125,2744,75
1,1,3,1,5,3,0.0001,-35.0,0.10692899914456801,0.625,0.18261504747991236,125,1044,75
1,1,3,1,5,3,0.0001,-30.0,0.14642857142857144,0.615,0.23653846153846153,123,717,77
1,1,3,1,5,3,0.0001,-25.0,0.16978193146417445,0.545,0.2589073634204276,109,533,91
1,1,3,1,5,3,0.0001,-20.0,0.1532258064516129,0.38,0.21839080459770116,76,420,124
1,1,3,1,5,3,0.0001,-15.0,0.06597222222222222,0.095,0.0778688524590164,19,269,181
1,1,3,1,5,3,0.0001,-10.0,0.0,0.0,0.0,0,56,200
1,1,3,1,5,3,0.0001,-5.0,1.0,0.0,0.0,0,0,200
1,1,3,1,5,3,0.0001,0.0,1.0,0.0,0.0,0,0,200
1,1,3,1,5,3,3e-05,-9999.0,0.023241464417935006,0.565,0.04464638482813117,113,4749,87
1,1,3,1,5,3,3e-05,-40.0,0.041805401405845356,0.565,0.07785049948329315,113,2590,87
1,1,3,1,5,3,3e-05,-35.0,0.10550887021475257,0.565,0.1778127458693942,113,958,87
1,1,3,1,5,3,3e-05,-30.0,0.14017521902377972,0.56,0.22422422422422422,112,687,88
1,1,3,1,5,3,3e-05,-25.0,0.1640378548895899,0.52,0.24940047961630696,104,530,96
1,1,3,1,5,3,3e-05,-20.0,0.1532258064516129,0.38,0.21839080459770116,76,420,124
1,1,3,1,5,3,3e-05,-15.0,0.06597222222222222,0.095,0.0778688524590164,19,269,181
1,1,3,1,5,3,3e-05,-10.0,0.0,0.0,0.0,0,56,200
1,1,3,1,5,3,3e-05,-5.0,1.0,0.0,0.0,0,0,200
1,1,3,1,5,3,3e-05,0.0,1.0,0.0,0.0,0,0,200
1,1,3,1,5,3,1e-05,-9999.0,0.02481556002682763,0.555,0.04750695484699337,111,4362,89
1,1,3,1,5,3,1e-05,-40.0,0.042923433874709975,0.555,0.07968413496051686,111,2475,89
1,1,3,1,5,3,1e-05,-35.0,0.10882352941176471,0.555,0.1819672131147541,111,909,89
1,1,3,1,5,3,1e-05,-30.0,0.14012738853503184,0.55,0.22335025380710663,110,675,90
1,1,3,1,5,3,1e-05,-25.0,0.16375198728139906,0.515,0.24849215922798554,103,526,97
1,1,3,1,5,3,1e-05,-20.0,0.1532258064516129,0.38,0.21839080459770116,76,420,124
1,1,3,1,5,3,1e-05,-15.0,0.06597222222222222,0.095,0.0778688524590164,19,269,181
1,1,3,1,5,3,1e-05,-10.0,0.0,0.0,0.0,0,56,200
1,1,3,1,5,3,1e-05,-5.0,1.0,0.0,0.0,0,0,200
1,1,3,1,5,3,1e-05,0.0,1.0,0.0,0.0,0,0,200
1,1,3,2,5,2,0.01,-9999.0,0.01082849247081383,0.96,0.021415425798895767,192,17539,8
1,1,3,2,5,2,0.01,-40.0,0.04963805584281282,0.96,0.0943952802359882,192,3676,8
1,1,3,2,5,2,0.01,-35.0,0.10921501706484642,0.96,0.1961184882533197,192,1566,8
1,1,3,2,5,2,0.01,-30.0,0.15892857142857142,0.89,0.26969696969696966,178,942,22
1,1,3,2,5,2,0.01,-25.0,0.1728395061728395,0.56,0.2641509433962264,112,536,88
1,1,3,2,5,2,0.01,-20.0,0.1532258064516129,0.38,0.21839080459770116,76,420,124
1,1,3,2,5,2,0.01,-15.0,0.06597222222222222,0.095,0.0778688524590164,19,269,181
1,1,3,2,5,2,0.01,-10.0,0.0,0.0,0.0,0,56,200
1,1,3,2,5,2,0.01,-5.0,1.0,0.0,0.0,0,0,200
1,1,3,2,5,2,0.01,0.0,1.0,0.0,0.0,0,0,200
1,1,3,2,5,2,0.003,-9999.0,0.015686603472863016,0.935,0.03085553997194951,187,11734,13
1,1,3,2,5,2,0.003,-40.0,0.051218844152287044,0.935,0.09711763178395222,187,3464,13
1,1,3,2,5,2,0.003,-35.0,0.1136919315403423,0.93,0.20261437908496732,186,1450,14
1,1,3,2,5,2,0.003,-30.0,0.16073059360730593,0.88,0.2718146718146718,176,919,24
1,1,3,2,5,2,0.003,-25.0,0.1728395061728395,0.56,0.2641509433962264,112,536,88
1,1,3,2,5,2,0.003,-20.0,0.1532258064516129,0.38,0.21839080459770116,76,420,124
1,1,3,2,5,2,0.003,-15.0,0.06597222222222222,0.095,0.0778688524590164,19,269,181
1,1,3,2,5,2,0.003,-10.0,0.0,0.0,0.0,0,56,200
1,1,3,2,5,2,0.003,-5.0,1.0,0.0,0.0,0,0,200
1,1,3,2,5,2,0.003,0.0,1.0,0.0,0.0,0,0,200
1,1,3,2,5,2,0.001,-9999.0,0.019226393629124004,0.845,0.03759733036707453,169,8621,31
1,1,3,2,5,2,0.001,-40.0,0.04871720957048141,0.845,0.09212319433088036,169,3300,31
1,1,3,2,5,2,0.001,-35.0,0.10894941634241245,0.84,0.1928817451205511,168,1374,32
1,1,3,2,5,2,0.001,-30.0,0.15355450236966825,0.81,0.25816733067729086,162,893,38
1,1,3,2,5,2,0.001,-25.0,0.1728395061728395,0.56,0.2641509433962264,112,536,88
1,1,3,2,5,2,0.001,-20.0,0.1532258064516129,0.38,0.21839080459770116,76,420,124
1,1,3,2,5,2,0.001,-15.0,0.06597222222222222,0.095,0.0778688524590164,19,269,181
1,1,3,2,5,2,0.001,-10.0,0.0,0.0,0.0,0,56,200
1,1,3,2,5,2,0.001,-5.0,1.0,0.0,0.0,0,0,200
1,1,3,2,5,2,0.001,0.0,1.0,0.0,0.0,0,0,200
1,1,3,2,5,2,0.0003,-9999.0,0.02305015946651203,0.795,0.044801352493660185,159,6739,41
1,1,3,2,5,2,0.0003,-40.0,0.048683404776484994,0.795,0.09174841315637623,159,3107,41
1,1,3,2,5,2,0.0003,-35.0,0.1107217939733707,0.79,0.19422249539028885,158,1269,42
1,1,3,2,5,2,0.0003,-30.0,0.1535312180143296,0.75,0.25488530161427364,150,827,50
1,1,3,2,5,2,0.0003,-25.0,0.17156105100463678,0.555,0.26210153482880755,111,536,89
1,1,3,2,5,2,0.0003,-20.0,0.1532258064516129,0.38,0.21839080459770116,76,420,124
1,1,3,2,5,2,0.0003,-15.0,0.06597222222222222,0.095,0.0778688524590164,19,269,181
1,1,3,2,5,2,0.0003,-10.0,0.0,0.0,0.0,0,56,200
1,1,3,2,5,2,0.0003,-5.0,1.0,0.0,0.0,0,0,200
1,1,3,2,5,2,0.0003,0.0,1.0,0.0,0.0,0,0,200
1,1,3,2,5,2,0.0001,-9999.0,0.02442266157168965,0.735,0.0472744814278823,147,5872,53
1,1,3,2,5,2,0.0001,-40.0,0.04710028836911247,0.735,0.08852755194218609,147,2974,53
1,1,3,2,5,2,0.0001,-35.0,0.1109433962264151,0.735,0.19278688524590165,147,1178,53
1,1,3,2,5,2,0.0001,-30.0,0.15059588299024917,0.695,0.24755120213713266,139,784,61
1,1,3,2,5,2,0.0001,-25.0,0.17027863777089783,0.55,0.26004728132387706,110,536,90
1,1,3,2,5,2,0.0001,-20.0,0.1532258064516129,0.38,0.21839080459770116,76,420,124
1,1,3,2,5,2,0.0001,-15.0,0.06597222222222222,0.095,0.0778688524590164,19,269,181
1,1,3,2,5,2,0.0001,-10.0,0.0,0.0,0.0,0,56,200
1,1,3,2,5,2,0.0001,-5.0,1.0,0.0,0.0,0,0,200
1,1,3,2,5,2,0.0001,0.0,1.0,0.0,0.0,0,0,200
1,1,3,2,5,2,3e-05,-9999.0,0.024949177601182777,0.675,0.04811976474781679,135,5276,65
1,1,3,2,5,2,3e-05,-40.0,0.04554655870445344,0.675,0.08533501896333755,135,2829,65
1,1,3,2,5,2,3e-05,-35.0,0.10993485342019543,0.675,0.18907563025210086,135,1093,65
1,1,3,2,5,2,3e-05,-30.0,0.1511627906976744,0.65,0.24528301886792453,130,730,70
1,1,3,2,5,2,3e-05,-25.0,0.165625,0.53,0.2523809523809524,106,534,94
1,1,3,2,5,2,3e-05,-20.0,0.1532258064516129,0.38,0.21839080459770116,76,420,124
1,1,3,2,5,2,3e-05,-15.0,0.06597222222222222,0.095,0.0778688524590164,19,269,181
1,1,3,2,5,2,3e-05,-10.0,0.0,0.0,0.0,0,56,200
1,1,3,2,5,2,3e-05,-5.0,1.0,0.0,0.0,0,0,200
1,1,3,2,5,2,3e-05,0.0,1.0,0.0,0.0,0,0,200
1,1,3,2,5,2,1e-05,-9999.0,0.026564701147112096,0.66,0.051073708647707494,132,4837,68
1,1,3,2,5,2,1e-05,-40.0,0.04667609618104668,0.66,0.08718626155878467,132,2696,68
1,1,3,2,5,2,1e-05,-35.0,0.11428571428571428,0.66,0.19483394833948336,132,1023,68
1,1,3,2,5,2,1e-05,-30.0,0.154126213592233,0.635,0.24804687499999997,127,697,73
1,1,3,2,5,2,1e-05,-25.0,0.1640378548895899,0.52,0.24940047961630696,104,530,96
1,1,3,2,5,2,1e-05,-20.0,0.1532258064516129,0.38,0.21839080459770116,76,420,124
1,1,3,2,5,2,1e-05,-15.0,0.06597222222222222,0.095,0.0778688524590164,19,269,181
1,1,3,2,5,2,1e-05,-10.0,0.0,0.0,0.0,0,56,200
1,1,3,2,5,2,1e-05,-5.0,1.0,0.0,0.0,0,0,200
1,1,3,2,5,2,1e-05,0.0,1.0,0.0,0.0,0,0,200
1,1,3,2,5,3,0.01,-9999.0,0.010505333476996013,0.975,0.02078669651423089,195,18367,5
1,1,3,2,5,3,0.01,-40.0,0.04827927704877445,0.975,0.09200283085633405,195,3844,5
1,1,3,2,5,3,0.01,-35.0,0.10574837310195227,0.975,0.1908023483365949,195,1649,5
1,1,3,2,5,3,0.01,-30.0,0.15939447907390916,0.895,0.27059712773998484,179,944,21
1,1,3,2,5,3,0.01,-25.0,0.1728395061728395,0.56,0.2641509433962264,112,536,88
1,1,3,2,5,3,0.01,-20.0,0.1532258064516129,0.38,0.21839080459770116,76,420,124
1,1,3,2,5,3,0.01,-15.0,0.06597222222222222,0.095,0.0778688524590164,19,269,181
1,1,3,2,5,3,0.01,-10.0,0.0,0.0,0.0,0,56,200
1,1,3,2,5,3,0.01,-5.0,1.0,0.0,0.0,0,0,200
1,1,3,2,5,3,0.01,0.0,1.0,0.0,0.0,0,0,200
1,1,3,2,5,3,0.003,-9999.0,0.014986916184283562,0.945,0.029505893372882678,189,12422,11
1,1,3,2,5,3,0.003,-40.0,0.05134474327628362,0.945,0.0973975779438289,189,3492,11
1,1,3,2,5,3,0.003,-35.0,0.11317365269461079,0.945,0.20213903743315506,189,1481,11
1,1,3,2,5,3,0.003,-30.0,0.16050495942290352,0.89,0.27196333078686025,178,931,22
1,1,3,2,5,3,0.003,-25.0,0.1728395061728395,0.56,0.2641509433962264,112,536,88
1,1,3,2,5,3,0.003,-20.0,0.1532258064516129,0.38,0.21839080459770116,76,420,124
1,1,3,2,5,3,0.003,-15.0,0.06597222222222222,0.095,0.0778688524590164,19,269,181
1,1,3,2,5,3,0.003,-10.0,0.0,0.0,0.0,0,56,200
1,1,3,2,5,3,0.003,-5.0,1.0,0.0,0.0,0,0,200
1,1,3,2,5,3,0.003,0.0,1.0,0.0,0.0,0,0,200
1,1,3,2,5,3,0.001,-9999.0,0.01890257074962195,0.875,0.037005709452315495,175,9083,25
1,1,3,2,5,3,0.001,-40.0,0.049942922374429224,0.875,0.09449244060475162,175,3329,25
1,1,3,2,5,3,0.001,-35.0,0.11061946902654868,0.875,0.19640852974186307,175,1407,25
1,1,3,2,5,3,0.001,-30.0,0.15985130111524162,0.86,0.2695924764890282,172,904,28
1,1,3,2,5,3,0.001,-25.0,0.1728395061728395,0.56,0.2641509433962264,112,536,88
1,1,3,2,5,3,0.001,-20.0,0.1532258064516129,0.38,0.21839080459770116,76,420,124
1,1,3,2,5,3,0.001,-15.0,0.06597222222222222,0.095,0.0778688524590164,19,269,181
1,1,3,2,5,3,0.001,-10.0,0.0,0.0,0.0,0,56,200
1,1,3,2,5,3,0.001,-5.0,1.0,0.0,0.0,0,0,200
1,1,3,2,5,3,0.001,0.0,1.0,0.0,0.0,0,0,200
1,1,3,2,5,3,0.0003,-9999.0,0.02222532848755941,0.795,0.043241773184661415,159,6995,41
1,1,3,2,5,3,0.0003,-40.0,0.04794933655006031,0.795,0.09044368600682595,159,3157,41
1,1,3,2,5,3,0.0003,-35.0,0.10692669804976462,0.795,0.1885002963841138,159,1328,41
1,1,3,2,5,3,0.0003,-30.0,0.1530214424951267,0.785,0.2561174551386623,157,869,43
1,1,3,2,5,3,0.0003,-25.0,0.1728395061728395,0.56,0.2641509433962264,112,536,88
1,1,3,2,5,3,0.0003,-20.0,0.1532258064516129,0.38,0.21839080459770116,76,420,124
1,1,3,2,5,3,0.0003,-15.0,0.06597222222222222,0.095,0.0778688524590164,19,269,181
1,1,3,2,5,3,0.0003,-10.0,0.0,0.0,0.0,0,56,200
1,1,3,2,5,3,0.0003,-5.0,1.0,0.0,0.0,0,0,200
1,1,3,2,5,3,0.0003,0.0,1.0,0.0,0.0,0,0,200
1,1,3,2,5,3,0.0001,-9999.0,0.023907666941467436,0.725,0.04628890662410216,145,5920,55
1,1,3,2,5,3,0.0001,-40.0,0.04617834394904458,0.725,0.08682634730538921,145,2995,55
1,1,3,2,5,3,0.0001,-35.0,0.10545454545454545,0.725,0.18412698412698414,145,1230,55
1,1,3,2,5,3,0.0001,-30.0,0.15015641293013557,0.72,0.2484900776531493,144,815,56
1,1,3,2,5,3,0.0001,-25.0,0.17156105100463678,0.555,0.26210153482880755,111,536,89
1,1,3,2,5,3,0.0001,-20.0,0.1532258064516129,0.38,0.21839080459770116,76,420,124
1,1,3,2,5,3,0.0001,-15.0,0.06597222222222222,0.095,0.0778688524590164,19,269,181
1,1,3,2,5,3,0.0001,-10.0,0.0,0.0,0.0,0,56,200
1,1,3,2,5,3,0.0001,-5.0,1.0,0.0,0.0,0,0,200
1,1,3,2,5,3,0.0001,0.0,1.0,0.0,0.0,0,0,200
1,1,3,2,5,3,3e-05,-9999.0,0.023088289619504987,0.625,0.04453152832205201,125,5289,75
1,1,3,2,5,3,3e-05,-40.0,0.042186972662841715,0.625,0.07903888713246918,125,2838,75
1,1,3,2,5,3,3e-05,-35.0,0.09944311853619729,0.625,0.17158544955387783,125,1132,75
1,1,3,2,5,3,3e-05,-30.0,0.13808463251670378,0.62,0.22586520947176683,124,774,76
1,1,3,2,5,3,3e-05,-25.0,0.17027863777089783,0.55,0.26004728132387706,110,536,90
1,1,3,2,5,3,3e-05,-20.0,0.1532258064516129,0.38,0.21839080459770116,76,420,124
1,1,3,2,5,3,3e-05,-15.0,0.06597222222222222,0.095,0.0778688524590164,19,269,181
1,1,3,2,5,3,3e-05,-10.0,0.0,0.0,0.0,0,56,200
1,1,3,2,5,3,3e-05,-5.0,1.0,0.0,0.0,0,0,200
1,1,3,2,5,3,3e-05,0.0,1.0,0.0,0.0,0,0,200
1,1,3,2,5,3,1e-05,-9999.0,0.02367462565762849,0.585,0.04550758459743291,117,4825,83
1,1,3,2,5,3,1e-05,-40.0,0.04186046511627907,0.585,0.07813021702838063,117,2678,83
1,1,3,2,5,3,1e-05,-35.0,0.10236220472440945,0.585,0.1742367833209233,117,1026,83
1,1,3,2,5,3,1e-05,-30.0,0.13744075829383887,0.58,0.22222222222222224,116,728,84
1,1,3,2,5,3,1e-05,-25.0,0.1671875,0.535,0.25476190476190474,107,533,93
1,1,3,2,5,3,1e-05,-20.0,0.1532258064516129,0.38,0.21839080459770116,76,420,124
1,1,3,2,5,3,1e-05,-15.0,0.06597222222222222,0.095,0.0778688524590164,19,269,181
1,1,3,2,5,3,1e-05,-10.0,0.0,0.0,0.0,0,56,200
1,1,3,2,5,3,1e-05,-5.0,1.0,0.0,0.0,0,0,200
1,1,3,2,5,3,1e-05,0.0,1.0,0.0,0.0,0,0,200
1,1,5,1,5,2,0.01,-9999.0,0.011427252265250765,0.99,0.022593712557768014,198,17129,2
1,1,5,1,5,2,0.01,-40.0,0.049315068493150684,0.99,0.09395017793594305,198,3817,2
1,1,5,1,5,2,0.01,-35.0,0.10714285714285714,0.99,0.19335937499999997,198,1650,2
1,1,5,1,5,2,0.01,-30.0,0.15939447907390916,0.895,0.27059712773998484,179,944,21
1,1,5,1,5,2,0.01,-25.0,0.1728395061728395,0.56,0.2641509433962264,112,536,88
1,1,5,1,5,2,0.01,-20.0,0.1532258064516129,0.38,0.21839080459770116,76,420,124
1,1,5,1,5,2,0.01,-15.0,0.06597222222222222,0.095,0.0778688524590164,19,269,181
1,1,5,1,5,2,0.01,-10.0,0.0,0.0,0.0,0,56,200
1,1,5,1,5,2,0.01,-5.0,1.0,0.0,0.0,0,0,200
1,1,5,1,5,2,0.01,0.0,1.0,0.0,0.0,0,0,200
1,1,5,1,5,2,0.003,-9999.0,0.016482101467937164,0.96,0.03240779812642417,192,11457,8
1,1,5,1,5,2,0.003,-40.0,0.05191995673336939,0.96,0.09851205746536686,192,3506,8
1,1,5,1,5,2,0.003,-35.0,0.11222091656874265,0.955,0.2008412197686646,191,1511,9
1,1,5,1,5,2,0.003,-30.0,0.16036036036036036,0.89,0.2717557251908397,178,932,22
1,1,5,1,5,2,0.003,-25.0,0.1728395061728395,0.56,0.2641509433962264,112,536,88
1,1,5,1,5,2,0.003,-20.0,0.1532258064516129,0.38,0.21839080459770116,76,420,124
1,1,5,1,5,2,0.003,-15.0,0.06597222222222222,0.095,0.0778688524590164,19,269,181
1,1,5,1,5,2,0.003,-10.0,0.0,0.0,0.0,0,56,200
1,1,5,1,5,2,0.003,-5.0,1.0,0.0,0.0,0,0,200
1,1,5,1,5,2,0.003,0.0,1.0,0.0,0.0,0,0,200
1,1,5,1,5,2,0.001,-9999.0,0.021271780945915364,0.94,0.0416021243637973,188,8650,12
1,1,5,1,5,2,0.001,-40.0,0.05313736574335783,0.94,0.10058855002675228,188,3350,12
1,1,5,1,5,2,0.001,-35.0,0.11672908863920099,0.935,0.20754716981132076,187,1415,13
1,1,5,1,5,2,0.001,-30.0,0.16238532110091744,0.885,0.2744186046511628,177,913,23
1,1,5,1,5,2,0.001,-25.0,0.1728395061728395,0.56,0.2641509433962264,112,536,88
1,1,5,1,5,2,0.001,-20.0,0.1532258064516129,0.38,0.21839080459770116,76,420,124
1,1,5,1,5,2,0.001,-15.0,0.06597222222222222,0.095,0.0778688524590164,19,269,181
1,1,5,1,5,2,0.001,-10.0,0.0,0.0,0.0,0,56,200
1,1,5,1,5,2,0.001,-5.0,1.0,0.0,0.0,0,0,200
1,1,5,1,5,2,0.001,0.0,1.0,0.0,0.0,0,0,200
1,1,5,1,5,2,0.0003,-9999.0,0.023482559736336173,0.855,0.045709703287890945,171,7111,29
1,1,5,1,5,2,0.0003,-40.0,0.050621669626998225,0.855,0.09558412520961432,171,3207,29
1,1,5,1,5,2,0.0003,-35.0,0.11378848728246319,0.85,0.20070838252656434,170,1324,30
1,1,5,1,5,2,0.0003,-30.0,0.15814850530376084,0.82,0.26515763945028287,164,873,36
1,1,5,1,5,2,0.0003,-25.0,0.1728395061728395,0.56,0.2641509433962264,112,536,88
1,1,5,1,5,2,0.0003,-20.0,0.1532258064516129,0.38,0.21839080459770116,76,420,124
1,1,5,1,5,2,0.0003,-15.0,0.06597222222222222,0.095,0.0778688524590164,19,269,181
1,1,5,1,5,2,0.0003,-10.0,0.0,0.0,0.0,0,56,200
1,1,5,1,5,2,0.0003,-5.0,1.0,0.0,0.0,0,0,200
1,1,5,1,5,2,0.0003,0.0,1.0,0.0,0.0,0,0,200
1,1,5,1,5,2,0.0001,-9999.0,0.02499616623217298,0.815,0.04850468680255914,163,6358,37
1,1,5,1,5,2,0.0001,-40.0,0.05069984447900466,0.815,0.09546120058565154,163,3052,37
1,1,5,1,5,2,0.0001,-35.0,0.1173062997827661,0.81,0.2049335863377609,162,1219,38
1,1,5,1,5,2,0.0001,-30.0,0.16028955532574973,0.775,0.2656383890317052,155,812,45
1,1,5,1,5,2,0.0001,-25.0,0.17156105100463678,0.555,0.26210153482880755,111,536,89
1,1,5,1,5,2,0.0001,-20.0,0.1532258064516129,0.38,0.21839080459770116,76,420,124
1,1,5,1,5,2,0.0001,-15.0,0.06597222222222222,0.095,0.0778688524590164,19,269,181
1,1,5,1,5,2,0.0001,-10.0,0.0,0.0,0.0,0,56,200
1,1,5,1,5,2,0.0001,-5.0,1.0,0.0,0.0,0,0,200
1,1,5,1,5,2,0.0001,0.0,1.0,0.0,0.0,0,0,200
1,1,5,1,5,2,3e-05,-9999.0,0.026171741361614778,0.765,0.05061197485941117,153,5693,47
1,1,5,1,5,2,3e-05,-40.0,0.049626986701265,0.765,0.09320743222662199,153,2930,47
1,1,5,1,5,2,3e-05,-35.0,0.1201885310290652,0.765,0.20773930753564152,153,1120,47
1,1,5,1,5,2,3e-05,-30.0,0.16271186440677965,0.72,0.26543778801843315,144,741,56
1,1,5,1,5,2,3e-05,-25.0,0.17054263565891473,0.55,0.2603550295857988,110,535,90
1,1,5,1,5,2,3e-05,-20.0,0.1532258064516129,0.38,0.21839080459770116,76,420,124
1,1,5,1,5,2,3e-05,-15.0,0.06597222222222222,0.095,0.0778688524590164,19,269,181
1,1,5,1,5,2,3e-05,-10.0,0.0,0.0,0.0,0,56,200
1,1,5,1,5,2,3e-05,-5.0,1.0,0.0,0.0,0,0,200
1,1,5,1,5,2,3e-05,0.0,1.0,0.0,0.0,0,0,200
1,1,5,1,5,2,1e-05,-9999.0,0.02645305514157973,0.71,0.051005747126436775,142,5226,58
1,1,5,1,5,2,1e-05,-40.0,0.0478597910347152,0.71,0.08967477107672878,142,2825,58
1,1,5,1,5,2,1e-05,-35.0,0.11725846407927333,0.71,0.2012756909992913,142,1069,58
1,1,5,1,5,2,1e-05,-30.0,0.16152019002375298,0.68,0.2610364683301344,136,706,64
1,1,5,1,5,2,1e-05,-25.0,0.1703125,0.545,0.25952380952380955,109,531,91
1,1,5,1,5,2,1e-05,-20.0,0.1532258064516129,0.38,0.21839080459770116,76,420,124
1,1,5,1,5,2,1e-05,-15.0,0.06597222222222222,0.095,0.0778688524590164,19,269,181
1,1,5,1,5,2,1e-05,-10.0,0.0,0.0,0.0,0,56,200
1,1,5,1,5,2,1e-05,-5.0,1.0,0.0,0.0,0,0,200
1,1,5,1,5,2,1e-05,0.0,1.0,0.0,0.0,0,0,200
1,1,5,1,5,3,0.01,-9999.0,0.010972651080723423,0.995,0.021705933682373474,199,17937,1
1,1,5,1,5,3,0.01,-40.0,0.04879843060323688,0.995,0.09303412809724171,199,3879,1
1,1,5,1,5,3,0.01,-35.0,0.10520722635494155,0.99,0.19020172910662825,198,1684,2
1,1,5,1,5,3,0.01,-30.0,0.16,0.9,0.27169811320754716,180,945,20
1,1,5,1,5,3,0.01,-25.0,0.1728395061728395,0.56,0.2641509433962264,112,536,88
1,1,5,1,5,3,0.01,-20.0,0.1532258064516129,0.38,0.21839080459770116,76,420,124
1,1,5,1,5,3,0.01,-15.0,0.06597222222222222,0.095,0.0778688524590164,19,269,181
1,1,5,1,5,3,0.01,-10.0,0.0,0.0,0.0,0,56,200
1,1,5,1,5,3,0.01,-5.0,1.0,0.0,0.0,0,0,200
1,1,5,1,5,3,0.01,0.0,1.0,0.0,0.0,0,0,200
1,1,5,1,5,3,0.003,-9999.0,0.015579826533890138,0.97,0.03066708820739804,194,12258,6
1,1,5,1,5,3,0.003,-40.0,0.050442017680707225,0.97,0.09589718240237272,194,3652,6
1,1,5,1,5,3,0.003,-35.0,0.10880538418395962,0.97,0.1956631366616238,194,1589,6
1,1,5,1,5,3,0.003,-30.0,0.1602506714413608,0.895,0.2718299164768413,179,938,21
1,1,5,1,5,3,0.003,-25.0,0.1728395061728395,0.56,0.2641509433962264,112,536,88
1,1,5,1,5,3,0.003,-20.0,0.1532258064516129,0.38,0.21839080459770116,76,420,124
1,1,5,1,5,3,0.003,-15.0,0.06597222222222222,0.095,0.0778688524590164,19,269,181
1,1,5,1,5,3,0.003,-10.0,0.0,0.0,0.0,0,56,200
1,1,5,1,5,3,0.003,-5.0,1.0,0.0,0.0,0,0,200
1,1,5,1,5,3,0.003,0.0,1.0,0.0,0.0,0,0,200
1,1,5,1,5,3,0.001,-9999.0,0.020337888733455288,0.945,0.0398188138628463,189,9104,11
1,1,5,1,5,3,0.001,-40.0,0.05311973018549747,0.945,0.10058541777541245,189,3369,11
1,1,5,1,5,3,0.001,-35.0,0.11531421598535692,0.945,0.2055464926590538,189,1450,11
1,1,5,1,5,3,0.001,-30.0,0.161231884057971,0.89,0.27300613496932513,178,926,22
1,1,5,1,5,3,0.001,-25.0,0.1728395061728395,0.56,0.2641509433962264,112,536,88
1,1,5,1,5,3,0.001,-20.0,0.1532258064516129,0.38,0.21839080459770116,76,420,124
1,1,5,1,5,3,0.001,-15.0,0.06597222222222222,0.095,0.0778688524590164,19,269,181
1,1,5,1,5,3,0.001,-10.0,0.0,0.0,0.0,0,56,200
1,1,5,1,5,3,0.001,-5.0,1.0,0.0,0.0,0,0,200
1,1,5,1,5,3,0.001,0.0,1.0,0.0,0.0,0,0,200
1,1,5,1,5,3,0.0003,-9999.0,0.023703703703703703,0.88,0.04616393442622951,176,7249,24
1,1,5,1,5,3,0.0003,-40.0,0.05174948544545722,0.88,0.0977506248264371,176,3225,24
1,1,5,1,5,3,0.0003,-35.0,0.11376858435681965,0.88,0.2014882655981683,176,1371,24
1,1,5,1,5,3,0.0003,-30.0,0.16059757236227826,0.86,0.2706530291109363,172,899,28
1,1,5,1,5,3,0.0003,-25.0,0.1728395061728395,0.56,0.2641509433962264,112,536,88
1,1,5,1,5,3,0.0003,-20.0,0.1532258064516129,0.38,0.21839080459770116,76,420,124
1,1,5,1,5,3,0.0003,-15.0,0.06597222222222222,0.095,0.0778688524590164,19,269,181
1,1,5,1,5,3,0.0003,-10.0,0.0,0.0,0.0,0,56,200
1,1,5,1,5,3,0.0003,-5.0,1.0,0.0,0.0,0,0,200
1,1,5,1,5,3,0.0003,0.0,1.0,0.0,0.0,0,0,200
1,1,5,1,5,3,0.0001,-9999.0,0.024635036496350366,0.81,0.047815820543093274,162,6414,38
1,1,5,1,5,3,0.0001,-40.0,0.04952613879547539,0.81,0.09334485738980122,162,3109,38
1,1,5,1,5,3,0.0001,-35.0,0.11172413793103449,0.81,0.19636363636363635,162,1288,38
1,1,5,1,5,3,0.0001,-30.0,0.1568627450980392,0.8,0.2622950819672131,160,860,40
1,1,5,1,5,3,0.0001,-25.0,0.17156105100463678,0.555,0.26210153482880755,111,536,89
1,1,5,1,5,3,0.0001,-20.0,0.1532258064516129,0.38,0.21839080459770116,76,420,124
1,1,5,1,5,3,0.0001,-15.0,0.06597222222222222,0.095,0.0778688524590164,19,269,181
1,1,5,1,5,3,0.0001,-10.0,0.0,0.0,0.0,0,56,200
1,1,5,1,5,3,0.0001,-5.0,1.0,0.0,0.0,0,0,200
1,1,5,1,5,3,0.0001,0.0,1.0,0.0,0.0,0,0,200
1,1,5,1,5,3,3e-05,-9999.0,0.026342624065261725,0.775,0.05095332018408941,155,5729,45
1,1,5,1,5,3,3e-05,-40.0,0.04977520873474631,0.775,0.0935425467712734,155,2959,45
1,1,5,1,5,3,3e-05,-35.0,0.11593118922961855,0.775,0.20169160702667532,155,1182,45
1,1,5,1,5,3,3e-05,-30.0,0.16261879619852165,0.77,0.26852659110723626,154,793,46
1,1,5,1,5,3,3e-05,-25.0,0.17156105100463678,0.555,0.26210153482880755,111,536,89
1,1,5,1,5,3,3e-05,-20.0,0.1532258064516129,0.38,0.21839080459770116,76,420,124
1,1,5,1,5,3,3e-05,-15.0,0.06597222222222222,0.095,0.0778688524590164,19,269,181
1,1,5,1,5,3,3e-05,-10.0,0.0,0.0,0.0,0,56,200
1,1,5,1,5,3,3e-05,-5.0,1.0,0.0,0.0,0,0,200
1,1,5,1,5,3,3e-05,0.0,1.0,0.0,0.0,0,0,200
1,1,5,1,5,3,1e-05,-9999.0,0.02556028894239674,0.69,0.049294516878013936,138,5261,62
1,1,5,1,5,3,1e-05,-40.0,0.04640215198386012,0.69,0.08695652173913043,138,2836,62
1,1,5,1,5,3,1e-05,-35.0,0.11147011308562198,0.69,0.19193324061196107,138,1100,62
1,1,5,1,5,3,1e-05,-30.0,0.1560364464692483,0.685,0.25417439703153993,137,741,63
1,1,5,1,5,3,1e-05,-25.0,0.17182662538699692,0.555,0.26241134751773054,111,535,89
1,1,5,1,5,3,1e-05,-20.0,0.1532258064516129,0.38,0.21839080459770116,76,420,124
1,1,5,1,5,3,1e-05,-15.0,0.06597222222222222,0.095,0.0778688524590164,19,269,181
1,1,5,1,5,3,1e-05,-10.0,0.0,0.0,0.0,0,56,200
1,1,5,1,5,3,1e-05,-5.0,1.0,0.0,0.0,0,0,200
1,1,5,1,5,3,1e-05,0.0,1.0,0.0,0.0,0,0,200
1,1,5,2,5,2,0.01,-9999.0,0.01110864252388358,1.0,0.021973192704900023,200,17804,0
1,1,5,2,5,2,0.01,-40.0,0.04731488052992666,1.0,0.0903546419697312,200,4027,0
1,1,5,2,5,2,0.01,-35.0,0.10364583333333334,0.995,0.1877358490566038,199,1721,1
1,1,5,2,5,2,0.01,-30.0,0.1601423487544484,0.9,0.2719033232628399,180,944,20
1,1,5,2,5,2,0.01,-25.0,0.1728395061728395,0.56,0.2641509433962264,112,536,88
1,1,5,2,5,2,0.01,-20.0,0.1532258064516129,0.38,0.21839080459770116,76,420,124
1,1,5,2,5,2,0.01,-15.0,0.06597222222222222,0.095,0.0778688524590164,19,269,181
1,1,5,2,5,2,0.01,-10.0,0.0,0.0,0.0,0,56,200
1,1,5,2,5,2,0.01,-5.0,1.0,0.0,0.0,0,0,200
1,1,5,2,5,2,0.01,0.0,1.0,0.0,0.0,0,0,200
1,1,5,2,5,2,0.003,-9999.0,0.015914684167350288,0.97,0.03131557707828894,194,11996,6
1,1,5,2,5,2,0.003,-40.0,0.05041580041580042,0.97,0.0958498023715415,194,3654,6
1,1,5,2,5,2,0.003,-35.0,0.10801781737193764,0.97,0.1943887775551102,194,1602,6
1,1,5,2,5,2,0.003,-30.0,0.15953654188948307,0.895,0.2708018154311649,179,943,21
1,1,5,2,5,2,0.003,-25.0,0.1728395061728395,0.56,0.2641509433962264,112,536,88
1,1,5,2,5,2,0.003,-20.0,0.1532258064516129,0.38,0.21839080459770116,76,420,124
1,1,5,2,5,2,0.003,-15.0,0.06597222222222222,0.095,0.0778688524590164,19,269,181
1,1,5,2,5,2,0.003,-10.0,0.0,0.0,0.0,0,56,200
1,1,5,2,5,2,0.003,-5.0,1.0,0.0,0.0,0,0,200
1,1,5,2,5,2,0.003,0.0,1.0,0.0,0.0,0,0,200
1,1,5,2,5,2,0.001,-9999.0,0.020288931378797535,0.955,0.03973372165591845,191,9223,9
1,1,5,2,5,2,0.001,-40.0,0.05224288840262582,0.955,0.09906639004149377,191,3465,9
1,1,5,2,5,2,0.001,-35.0,0.11316259678379988,0.95,0.20223523150612027,190,1489,10
1,1,5,2,5,2,0.001,-30.0,0.16050495942290352,0.89,0.27196333078686025,178,931,22
1,1,5,2,5,2,0.001,-25.0,0.1728395061728395,0.56,0.2641509433962264,112,536,88
1,1,5,2,5,2,0.001,-20.0,0.1532258064516129,0.38,0.21839080459770116,76,420,124
1,1,5,2,5,2,0.001,-15.0,0.06597222222222222,0.095,0.0778688524590164,19,269,181
1,1,5,2,5,2,0.001,-10.0,0.0,0.0,0.0,0,56,200
1,1,5,2,5,2,0.001,-5.0,1.0,0.0,0.0,0,0,200
1,1,5,2,5,2,0.001,0.0,1.0,0.0,0.0,0,0,200
1,1,5,2,5,2,0.0003,-9999.0,0.023097651738739896,0.9,0.04503940948329788,180,7613,20
1,1,5,2,5,2,0.0003,-40.0,0.05115089514066496,0.9,0.09680021511158914,180,3339,20
1,1,5,2,5,2,0.0003,-35.0,0.11257861635220126,0.895,0.19999999999999998,179,1411,21
1,1,5,2,5,2,0.0003,-30.0,0.15974145891043398,0.865,0.269680436477007,173,910,27
1,1,5,2,5,2,0.0003,-25.0,0.1728395061728395,0.56,0.2641509433962264,112,536,88
1,1,5,2,5,2,0.0003,-20.0,0.1532258064516129,0.38,0.21839080459770116,76,420,124
1,1,5,2,5,2,0.0003,-15.0,0.06597222222222222,0.095,0.0778688524590164,19,269,181
1,1,5,2,5,2,0.0003,-10.0,0.0,0.0,0.0,0,56,200
1,1,5,2,5,2,0.0003,-5.0,1.0,0.0,0.0,0,0,200
1,1,5,2,5,2,0.0003,0.0,1.0,0.0,0.0,0,0,200
1,1,5,2,5,2,0.0001,-9999.0,0.023958037992628297,0.845,0.04659498207885305,169,6885,31
1,1,5,2,5,2,0.0001,-40.0,0.04958920187793427,0.845,0.09368070953436808,169,3239,31
1,1,5,2,5,2,0.0001,-35.0,0.11016393442622952,0.84,0.19478260869565217,168,1357,32
1,1,5,2,5,2,0.0001,-30.0,0.15487571701720843,0.81,0.26003210272873195,162,884,38
1,1,5,2,5,2,0.0001,-25.0,0.1728395061728395,0.56,0.2641509433962264,112,536,88
1,1,5,2,5,2,0.0001,-20.0,0.1532258064516129,0.38,0.21839080459770116,76,420,124
1,1,5,2,5,2,0.0001,-15.0,0.06597222222222222,0.095,0.0778688524590164,19,269,181
1,1,5,2,5,2,0.0001,-10.0,0.0,0.0,0.0,0,56,200
1,1,5,2,5,2,0.0001,-5.0,1.0,0.0,0.0,0,0,200
1,1,5,2,5,2,0.0001,0.0,1.0,0.0,0.0,0,0,200
1,1,5,2,5,2,3e-05,-9999.0,0.025782980069598227,0.815,0.04998466727997547,163,6159,37
1,1,5,2,5,2,3e-05,-40.0,0.04986234322422759,0.815,0.09397520899394639,163,3106,37
1,1,5,2,5,2,3e-05,-35.0,0.11312849162011174,0.81,0.1985294117647059,162,1270,38
1,1,5,2,5,2,3e-05,-30.0,0.15656565656565657,0.775,0.2605042016806723,155,835,45
1,1,5,2,5,2,3e-05,-25.0,0.17156105100463678,0.555,0.26210153482880755,111,536,89
1,1,5,2,5,2,3e-05,-20.0,0.1532258064516129,0.38,0.21839080459770116,76,420,124
1,1,5,2,5,2,3e-05,-15.0,0.06597222222222222,0.095,0.0778688524590164,19,269,181
1,1,5,2,5,2,3e-05,-10.0,0.0,0.0,0.0,0,56,200
1,1,5,2,5,2,3e-05,-5.0,1.0,0.0,0.0,0,0,200
1,1,5,2,5,2,3e-05,0.0,1.0,0.0,0.0,0,0,200
1,1,5,2,5,2,1e-05,-9999.0,0.026664372957164974,0.775,0.0515549642441377,155,5658,45
1,1,5,2,5,2,1e-05,-40.0,0.04914394419784401,0.775,0.09242695289206918,155,2999,45
1,1,5,2,5,2,1e-05,-35.0,0.11532738095238096,0.775,0.20077720207253888,155,1189,45
1,1,5,2,5,2,1e-05,-30.0,0.15671641791044777,0.735,0.2583479789103691,147,791,53
1,1,5,2,5,2,1e-05,-25.0,0.17156105100463678,0.555,0.26210153482880755,111,536,89
1,1,5,2,5,2,1e-05,-20.0,0.1532258064516129,0.38,0.21839080459770116,76,420,124
1,1,5,2,5,2,1e-05,-15.0,0.06597222222222222,0.095,0.0778688524590164,19,269,181
1,1,5,2,5,2,1e-05,-10.0,0.0,0.0,0.0,0,56,200
1,1,5,2,5,2,1e-05,-5.0,1.0,0.0,0.0,0,0,200
1,1,5,2,5,2,1e-05,0.0,1.0,0.0,0.0,0,0,200
1,1,5,2,5,3,0.01,-9999.0,0.010663822980538524,1.0,0.021102611448166712,200,18555,0
1,1,5,2,5,3,0.01,-40.0,0.046565774155995346,1.0,0.08898776418242493,200,4095,0
1,1,5,2,5,3,0.01,-35.0,0.10263022176379577,0.995,0.18606825619448336,199,1740,1
1,1,5,2,5,3,0.01,-30.0,0.15985790408525755,0.9,0.2714932126696833,180,946,20
1,1,5,2,5,3,0.01,-25.0,0.1728395061728395,0.56,0.2641509433962264,112,536,88
1,1,5,2,5,3,0.01,-20.0,0.1532258064516129,0.38,0.21839080459770116,76,420,124
1,1,5,2,5,3,0.01,-15.0,0.06597222222222222,0.095,0.0778688524590164,19,269,181
1,1,5,2,5,3,0.01,-10.0,0.0,0.0,0.0,0,56,200
1,1,5,2,5,3,0.01,-5.0,1.0,0.0,0.0,0,0,200
1,1,5,2,5,3,0.01,0.0,1.0,0.0,0.0,0,0,200
1,1,5,2,5,3,0.003,-9999.0,0.015171351559491722,0.985,0.02988244216913159,197,12788,3
1,1,5,2,5,3,0.003,-40.0,0.04911493393168786,0.985,0.09356447399667538,197,3814,3
1,1,5,2,5,3,0.003,-35.0,0.10546038543897217,0.985,0.1905222437137331,197,1671,3
1,1,5,2,5,3,0.003,-30.0,0.15939447907390916,0.895,0.27059712773998484,179,944,21
1,1,5,2,5,3,0.003,-25.0,0.1728395061728395,0.56,0.2641509433962264,112,536,88
1,1,5,2,5,3,0.003,-20.0,0.1532258064516129,0.38,0.21839080459770116,76,420,124
1,1,5,2,5,3,0.003,-15.0,0.06597222222222222,0.095,0.0778688524590164,19,269,181
1,1,5,2,5,3,0.003,-10.0,0.0,0.0,0.0,0,56,200
1,1,5,2,5,3,0.003,-5.0,1.0,0.0,0.0,0,0,200
1,1,5,2,5,3,0.003,0.0,1.0,0.0,0.0,0,0,200
1,1,5,2,5,3,0.001,-9999.0,0.01954596355492212,0.96,0.038311882669859326,192,9631,8
1,1,5,2,5,3,0.001,-40.0,0.05140562248995984,0.96,0.09758576874205843,192,3543,8
1,1,5,2,5,3,0.001,-35.0,0.11021814006888633,0.96,0.19773429454170954,192,1550,8
1,1,5,2,5,3,0.001,-30.0,0.1592128801431127,0.89,0.2701062215477997,178,940,22
1,1,5,2,5,3,0.001,-25.0,0.1728395061728395,0.56,0.2641509433962264,112,536,88
1,1,5,2,5,3,0.001,-20.0,0.1532258064516129,0.38,0.21839080459770116,76,420,124
1,1,5,2,5,3,0.001,-15.0,0.06597222222222222,0.095,0.0778688524590164,19,269,181
1,1,5,2,5,3,0.001,-10.0,0.0,0.0,0.0,0,56,200
1,1,5,2,5,3,0.001,-5.0,1.0,0.0,0.0,0,0,200
1,1,5,2,5,3,0.001,0.0,1.0,0.0,0.0,0,0,200
1,1,5,2,5,3,0.0003,-9999.0,0.02357539082198689,0.935,0.04599114608952287,187,7745,13
1,1,5,2,5,3,0.0003,-40.0,0.05264639639639639,0.935,0.09968017057569296,187,3365,13
1,1,5,2,5,3,0.0003,-35.0,0.11388550548112059,0.935,0.20304017372421282,187,1455,13
1,1,5,2,5,3,0.0003,-30.0,0.16090909090909092,0.885,0.2723076923076923,177,923,23
1,1,5,2,5,3,0.0003,-25.0,0.1728395061728395,0.56,0.2641509433962264,112,536,88
1,1,5,2,5,3,0.0003,-20.0,0.1532258064516129,0.38,0.21839080459770116,76,420,124
1,1,5,2,5,3,0.0003,-15.0,0.06597222222222222,0.095,0.0778688524590164,19,269,181
1,1,5,2,5,3,0.0003,-10.0,0.0,0.0,0.0,0,56,200
1,1,5,2,5,3,0.0003,-5.0,1.0,0.0,0.0,0,0,200
1,1,5,2,5,3,0.0003,0.0,1.0,0.0,0.0,0,0,200
1,1,5,2,5,3,0.0001,-9999.0,0.024872086412734508,0.875,0.04836926478717524,175,6861,25
1,1,5,2,5,3,0.0001,-40.0,0.05102040816326531,0.875,0.09641873278236915,175,3255,25
1,1,5,2,5,3,0.0001,-35.0,0.11174968071519796,0.875,0.19818799546998866,175,1391,25
1,1,5,2,5,3,0.0001,-30.0,0.15985130111524162,0.86,0.2695924764890282,172,904,28
1,1,5,2,5,3,0.0001,-25.0,0.1728395061728395,0.56,0.2641509433962264,112,536,88
1,1,5,2,5,3,0.0001,-20.0,0.1532258064516129,0.38,0.21839080459770116,76,420,124
1,1,5,2,5,3,0.0001,-15.0,0.06597222222222222,0.095,0.0778688524590164,19,269,181
1,1,5,2,5,3,0.0001,-10.0,0.0,0.0,0.0,0,56,200
1,1,5,2,5,3,0.0001,-5.0,1.0,0.0,0.0,0,0,200
1,1,5,2,5,3,0.0001,0.0,1.0,0.0,0.0,0,0,200
1,1,5,2,5,3,3e-05,-9999.0,0.025576651498509337,0.815,0.049596835539327554,163,6210,37
1,1,5,2,5,3,3e-05,-40.0,0.04911117806568244,0.815,0.09263995453253765,163,3156,37
1,1,5,2,5,3,3e-05,-35.0,0.10881174899866489,0.815,0.19199057714958775,163,1335,37
1,1,5,2,5,3,3e-05,-30.0,0.15510597302504817,0.805,0.26009693053311794,161,877,39
1,1,5,2,5,3,3e-05,-25.0,0.1728395061728395,0.56,0.2641509433962264,112,536,88
1,1,5,2,5,3,3e-05,-20.0,0.1532258064516129,0.38,0.21839080459770116,76,420,124
1,1,5,2,5,3,3e-05,-15.0,0.06597222222222222,0.095,0.0778688524590164,19,269,181
1,1,5,2,5,3,3e-05,-10.0,0.0,0.0,0.0,0,56,200
1,1,5,2,5,3,3e-05,-5.0,1.0,0.0,0.0,0,0,200
1,1,5,2,5,3,3e-05,0.0,1.0,0.0,0.0,0,0,200
1,1,5,2,5,3,1e-05,-9999.0,0.026657552973342446,0.78,0.051553205551883675,156,5696,44
1,1,5,2,5,3,1e-05,-40.0,0.04893350062735257,0.78,0.09208972845336481,156,3032,44
1,1,5,2,5,3,1e-05,-35.0,0.11071682044002838,0.78,0.19390926041019266,156,1253,44
1,1,5,2,5,3,1e-05,-30.0,0.1565040650406504,0.77,0.2601351351351351,154,830,46
1,1,5,2,5,3,1e-05,-25.0,0.17156105100463678,0.555,0.26210153482880755,111,536,89
1,1,5,2,5,3,1e-05,-20.0,0.1532258064516129,0.38,0.21839080459770116,76,420,124
1,1,5,2,5,3,1e-05,-15.0,0.06597222222222222,0.095,0.0778688524590164,19,269,181
1,1,5,2,5,3,1e-05,-10.0,0.0,0.0,0.0,0,56,200
1,1,5,2,5,3,1e-05,-5.0,1.0,0.0,0.0,0,0,200
1,1,5,2,5,3,1e-05,0.0,1.0,0.0,0.0,0,0,200
2,1,1,1,5,2,0.01,-9999.0,0.009284646061814556,0.745,0.01834071885770556,149,15899,51
2,1,1,1,5,2,0.01,-40.0,0.04076607387140903,0.745,0.07730220492866406,149,3506,51
2,1,1,1,5,2,0.01,-35.0,0.10478199718706048,0.745,0.1837237977805179,149,1273,51
2,1,1,1,5,2,0.01,-30.0,0.15252416756176154,0.71,0.251105216622458,142,789,58
2,1,1,1,5,2,0.01,-25.0,0.17027863777089783,0.55,0.26004728132387706,110,536,90
2,1,1,1,5,2,0.01,-20.0,0.1532258064516129,0.38,0.21839080459770116,76,420,124
2,1,1,1,5,2,0.01,-15.0,0.06597222222222222,0.095,0.0778688524590164,19,269,181
2,1,1,1,5,2,0.01,-10.0,0.0,0.0,0.0,0,56,200
2,1,1,1,5,2,0.01,-5.0,1.0,0.0,0.0,0,0,200
2,1,1,1,5,2,0.01,0.0,1.0,0.0,0.0,0,0,200
2,1,1,1,5,2,0.003,-9999.0,0.012459882952614687,0.66,0.024458032240133404,132,10462,68
2,1,1,1,5,2,0.003,-40.0,0.039975772259236826,0.66,0.0753854940034266,132,3170,68
2,1,1,1,5,2,0.003,-35.0,0.10653753026634383,0.66,0.1834607366226546,132,1107,68
2,1,1,1,5,2,0.003,-30.0,0.15375302663438256,0.635,0.24756335282651074,127,699,73
2,1,1,1,5,2,0.003,-25.0,0.1640378548895899,0.52,0.24940047961630696,104,530,96
2,1,1,1,5,2,0.003,-20.0,0.1532258064516129,0.38,0.21839080459770116,76,420,124
2,1,1,1,5,2,0.003,-15.0,0.06597222222222222,0.095,0.0778688524590164,19,269,181
2,1,1,1,5,2,0.003,-10.0,0.0,0.0,0.0,0,56,200
2,1,1,1,5,2,0.003,-5.0,1.0,0.0,0.0,0,0,200
2,1,1,1,5,2,0.003,0.0,1.0,0.0,0.0,0,0,200
2,1,1,1,5,2,0.001,-9999.0,0.01675436167266685,0.605,0.03260576663971976,121,7101,79
2,1,1,1,5,2,0.001,-40.0,0.041854029747492215,0.605,0.07829181494661921,121,2770,79
2,1,1,1,5,2,0.001,-35.0,0.109009009009009,0.605,0.18473282442748093,121,989,79
2,1,1,1,5,2,0.001,-30.0,0.15267175572519084,0.6,0.2434077079107505,120,666,80
2,1,1,1,5,2,0.001,-25.0,0.16134185303514376,0.505,0.24455205811138014,101,525,99
2,1,1,1,5,2,0.001,-20.0,0.1532258064516129,0.38,0.21839080459770116,76,420,124
2,1,1,1,5,2,0.001,-15.0,0.06597222222222222,0.095,0.0778688524590164,19,269,181
2,1,1,1,5,2,0.001,-10.0,0.0,0.0,0.0,0,56,200
2,1,1,1,5,2,0.001,-5.0,1.0,0.0,0.0,0,0,200
2,1,1,1,5,2,0.001,0.0,1.0,0.0,0.0,0,0,200
2,1,1,1,5,2,0.0003,-9999.0,0.023009570352270414,0.565,0.04421835257288202,113,4798,87
2,1,1,1,5,2,0.0003,-40.0,0.043578866178172,0.565,0.08091657715717866,113,2480,87
2,1,1,1,5,2,0.0003,-35.0,0.11649484536082474,0.565,0.19316239316239314,113,857,87
2,1,1,1,5,2,0.0003,-30.0,0.14698162729658792,0.56,0.23284823284823283,112,650,88
2,1,1,1,5,2,0.0003,-25.0,0.16097560975609757,0.495,0.2429447852760736,99,516,101
2,1,1,1,5,2,0.0003,-20.0,0.15212981744421908,0.375,0.21645021645021648,75,418,125
2,1,1,1,5,2,0.0003,-15.0,0.06597222222222222,0.095,0.0778688524590164,19,269,181
2,1,1,1,5,2,0.0003,-10.0,0.0,0.0,0.0,0,56,200
2,1,1,1,5,2,0.0003,-5.0,1.0,0.0,0.0,0,0,200
2,1,1,1,5,2,0.0003,0.0,1.0,0.0,0.0,0,0,200
2,1,1,1,5,2,0.0001,-9999.0,0.02671161825726141,0.515,0.05078895463510848,103,3753,97
2,1,1,1,5,2,0.0001,-40.0,0.04409246575342466,0.515,0.08123028391167193,103,2233,97
2,1,1,1,5,2,0.0001,-35.0,0.12075029308323564,0.515,0.19563152896486233,103,750,97
2,1,1,1,5,2,0.0001,-30.0,0.14305750350631136,0.51,0.2234392113910186,102,611,98
2,1,1,1,5,2,0.0001,-25.0,0.15485996705107083,0.47,0.2329615861214374,94,513,106
2,1,1,1,5,2,0.0001,-20.0,0.14754098360655737,0.36,0.20930232558139533,72,416,128
2,1,1,1,5,2,0.0001,-15.0,0.06597222222222222,0.095,0.0778688524590164,19,269,181
2,1,1,1,5,2,0.0001,-10.0,0.0,0.0,0.0,0,56,200
2,1,1,1,5,2,0.0001,-5.0,1.0,0.0,0.0,0,0,200
2,1,1,1,5,2,0.0001,0.0,1.0,0.0,0.0,0,0,200
2,1,1,1,5,2,3e-05,-9999.0,0.029696969696969697,0.49,0.05600000000000001,98,3202,102
2,1,1,1,5,2,3e-05,-40.0,0.04537037037037037,0.49,0.08305084745762713,98,2062,102
2,1,1,1,5,2,3e-05,-35.0,0.12760416666666666,0.49,0.2024793388429752,98,670,102
2,1,1,1,5,2,3e-05,-30.0,0.1480916030534351,0.485,0.22690058479532166,97,558,103
2,1,1,1,5,2,3e-05,-25.0,0.15436241610738255,0.46,0.23115577889447234,92,504,108
2,1,1,1,5,2,3e-05,-20.0,0.1463917525773196,0.355,0.2072992700729927,71,414,129
2,1,1,1,5,2,3e-05,-15.0,0.06597222222222222,0.095,0.0778688524590164,19,269,181
2,1,1,1,5,2,3e-05,-10.0,0.0,0.0,0.0,0,56,200
2,1,1,1,5,2,3e-05,-5.0,1.0,0.0,0.0,0,0,200
2,1,1,1,5,2,3e-05,0.0,1.0,0.0,0.0,0,0,200
2,1,1,1,5,2,1e-05,-9999.0,0.03203582500861178,0.465,0.05994199162101192,93,2810,107
2,1,1,1,5,2,1e-05,-40.0,0.04583538689009364,0.465,0.08344549125168238,93,1936,107
2,1,1,1,5,2,1e-05,-35.0,0.1311706629055007,0.465,0.20462046204620463,93,616,107
2,1,1,1,5,2,1e-05,-30.0,0.15,0.465,0.22682926829268296,93,527,107
2,1,1,1,5,2,1e-05,-25.0,0.15213675213675212,0.445,0.2267515923566879,89,496,111
2,1,1,1,5,2,1e-05,-20.0,0.14166666666666666,0.34,0.2,68,412,132
2,1,1,1,5,2,1e-05,-15.0,0.06597222222222222,0.095,0.0778688524590164,19,269,181
2,1,1,1,5,2,1e-05,-10.0,0.0,0.0,0.0,0,56,200
2,1,1,1,5,2,1e-05,-5.0,1.0,0.0,0.0,0,0,200
2,1,1,1,5,2,1e-05,0.0,1.0,0.0,0.0,0,0,200
2,1,1,1,5,3,0.01,-9999.0,0.008886220354247973,0.74,0.01756155443488579,148,16507,52
2,1,1,1,5,3,0.01,-40.0,0.04,0.74,0.0758974358974359,148,3552,52
2,1,1,1,5,3,0.01,-35.0,0.10061182868796736,0.74,0.17713943746259725,148,1323,52
2,1,1,1,5,3,0.01,-30.0,0.15233160621761657,0.735,0.25236051502145923,147,818,53
2,1,1,1,5,3,0.01,-25.0,0.17156105100463678,0.555,0.26210153482880755,111,536,89
2,1,1,1,5,3,0.01,-20.0,0.1532258064516129,0.38,0.21839080459770116,76,420,124
2,1,1,1,5,3,0.01,-15.0,0.06597222222222222,0.095,0.0778688524590164,19,269,181
2,1,1,1,5,3,0.01,-10.0,0.0,0.0,0.0,0,56,200
2,1,1,1,5,3,0.01,-5.0,1.0,0.0,0.0,0,0,200
2,1,1,1,5,3,0.01,0.0,1.0,0.0,0.0,0,0,200
2,1,1,1,5,3,0.003,-9999.0,0.010267303947601345,0.58,0.020177422160375717,116,11182,84
2,1,1,1,5,3,0.003,-40.0,0.03515151515151515,0.58,0.06628571428571428,116,3184,84
2,1,1,1,5,3,0.003,-35.0,0.0943089430894309,0.58,0.16223776223776223,116,1114,84
2,1,1,1,5,3,0.003,-30.0,0.1357733175914994,0.575,0.21967526265520534,115,732,85
2,1,1,1,5,3,0.003,-25.0,0.165625,0.53,0.2523809523809524,106,534,94
2,1,1,1,5,3,0.003,-20.0,0.1532258064516129,0.38,0.21839080459770116,76,420,124
2,1,1,1,5,3,0.003,-15.0,0.06597222222222222,0.095,0.0778688524590164,19,269,181
2,1,1,1,5,3,0.003,-10.0,0.0,0.0,0.0,0,56,200
2,1,1,1,5,3,0.003,-5.0,1.0,0.0,0.0,0,0,200
2,1,1,1,5,3,0.003,0.0,1.0,0.0,0.0,0,0,200
2,1,1,1,5,3,0.001,-9999.0,0.014245738997710507,0.56,0.027784668816670802,112,7750,88
2,1,1,1,5,3,0.001,-40.0,0.03836930455635491,0.56,0.07181789034947098,112,2807,88
2,1,1,1,5,3,0.001,-35.0,0.10303587856485741,0.56,0.17404817404817405,112,975,88
2,1,1,1,5,3,0.001,-30.0,0.14068441064638784,0.555,0.224469160768453,111,678,89
2,1,1,1,5,3,0.001,-25.0,0.16375198728139906,0.515,0.24849215922798554,103,526,97
2,1,1,1,5,3,0.001,-20.0,0.1532258064516129,0.38,0.21839080459770116,76,420,124
2,1,1,1,5,3,0.001,-15.0,0.06597222222222222,0.095,0.0778688524590164,19,269,181
2,1,1,1,5,3,0.001,-10.0,0.0,0.0,0.0,0,56,200
2,1,1,1,5,3,0.001,-5.0,1.0,0.0,0.0,0,0,200
2,1,1,1,5,3,0.001,0.0,1.0,0.0,0.0,0,0,200
2,1,1,1,5,3,0.0003,-9999.0,0.01922000373203956,0.515,0.03705702464472027,103,5256,97
2,1,1,1,5,3,0.0003,-40.0,0.039584934665641815,0.515,0.07351891506067094,103,2499,97
2,1,1,1,5,3,0.0003,-35.0,0.10785340314136126,0.515,0.17835497835497835,103,852,97
2,1,1,1,5,3,0.0003,-30.0,0.1356382978723404,0.51,0.2142857142857143,102,650,98
2,1,1,1,5,3,0.0003,-25.0,0.15721231766612642,0.485,0.23745410036719705,97,520,103
2,1,1,1,5,3,0.0003,-20.0,0.15353535353535352,0.38,0.218705035971223,76,419,124
2,1,1,1,5,3,0.0003,-15.0,0.06597222222222222,0.095,0.0778688524590164,19,269,181
2,1,1,1,5,3,0.0003,-10.0,0.0,0.0,0.0,0,56,200
2,1,1,1,5,3,0.0003,-5.0,1.0,0.0,0.0,0,0,200
2,1,1,1,5,3,0.0003,0.0,1.0,0.0,0.0,0,0,200
2,1,1,1,5,3,0.0001,-9999.0,0.024706457925636006,0.505,0.04710820895522388,101,3987,99
2,1,1,1,5,3,0.0001,-40.0,0.042348008385744235,0.505,0.0781431334622824,101,2284,99
2,1,1,1,5,3,0.0001,-35.0,0.1173054587688734,0.505,0.19038642789820923,101,760,99
2,1,1,1,5,3,0.0001,-30.0,0.13908205841446453,0.5,0.2176278563656148,100,619,100
2,1,1,1,5,3,0.0001,-25.0,0.15548281505728315,0.475,0.2342786683107275,95,516,105
2,1,1,1,5,3,0.0001,-20.0,0.15040650406504066,0.37,0.21387283236994223,74,418,126
2,1,1,1,5,3,0.0001,-15.0,0.06597222222222222,0.095,0.0778688524590164,19,269,181
2,1,1,1,5,3,0.0001,-10.0,0.0,0.0,0.0,0,56,200
2,1,1,1,5,3,0.0001,-5.0,1.0,0.0,0.0,0,0,200
2,1,1,1,5,3,0.0001,0.0,1.0,0.0,0.0,0,0,200
2,1,1,1,5,3,3e-05,-9999.0,0.028755868544600938,0.49,0.05432372505543236,98,3310,102
2,1,1,1,5,3,3e-05,-40.0,0.04470802919708029,0.49,0.08193979933110368,98,2094,102
2,1,1,1,5,3,3e-05,-35.0,0.12389380530973451,0.49,0.1977800201816347,98,693,102
2,1,1,1,5,3,3e-05,-30.0,0.14285714285714285,0.485,0.22070534698521044,97,582,103
2,1,1,1,5,3,3e-05,-25.0,0.15257048092868988,0.46,0.22914072229140722,92,511,108
2,1,1,1,5,3,3e-05,-20.0,0.14549180327868852,0.355,0.2063953488372093,71,417,129
2,1,1,1,5,3,3e-05,-15.0,0.06597222222222222,0.095,0.0778688524590164,19,269,181
2,1,1,1,5,3,3e-05,-10.0,0.0,0.0,0.0,0,56,200
2,1,1,1,5,3,3e-05,-5.0,1.0,0.0,0.0,0,0,200
2,1,1,1,5,3,3e-05,0.0,1.0,0.0,0.0,0,0,200
2,1,1,1,5,3,1e-05,-9999.0,0.032301032301032304,0.485,0.06056821729628474,97,2906,103
2,1,1,1,5,3,1e-05,-40.0,0.04692791485244315,0.485,0.08557565063961181,97,1970,103
2,1,1,1,5,3,1e-05,-35.0,0.13090418353576247,0.485,0.20616365568544098,97,644,103
2,1,1,1,5,3,1e-05,-30.0,0.14953271028037382,0.48,0.22802850356294532,96,546,104
2,1,1,1,5,3,1e-05,-25.0,0.15268456375838926,0.455,0.228643216080402,91,505,109
2,1,1,1,5,3,1e-05,-20.0,0.1446280991735537,0.35,0.2046783625730994,70,414,130
2,1,1,1,5,3,1e-05,-15.0,0.06597222222222222,0.095,0.0778688524590164,19,269,181
2,1,1,1,5,3,1e-05,-10.0,0.0,0.0,0.0,0,56,200
2,1,1,1,5,3,1e-05,-5.0,1.0,0.0,0.0,0,0,200
2,1,1,1,5,3,1e-05,0.0,1.0,0.0,0.0,0,0,200
2,1,1,2,5,2,0.01,-9999.0,0.009889402539645386,0.845,0.01955000289201226,169,16920,31
2,1,1,2,5,2,0.01,-40.0,0.0447682119205298,0.845,0.08503144654088049,169,3606,31
2,1,1,2,5,2,0.01,-35.0,0.10519724483406387,0.84,0.18697829716193656,168,1429,32
2,1,1,2,5,2,0.01,-30.0,0.1534090909090909,0.81,0.25796178343949044,162,894,38
2,1,1,2,5,2,0.01,-25.0,0.1728395061728395,0.56,0.2641509433962264,112,536,88
2,1,1,2,5,2,0.01,-20.0,0.1532258064516129,0.38,0.21839080459770116,76,420,124
2,1,1,2,5,2,0.01,-15.0,0.06597222222222222,0.095,0.0778688524590164,19,269,181
2,1,1,2,5,2,0.01,-10.0,0.0,0.0,0.0,0,56,200
2,1,1,2,5,2,0.01,-5.0,1.0,0.0,0.0,0,0,200
2,1,1,2,5,2,0.01,0.0,1.0,0.0,0.0,0,0,200
2,1,1,2,5,2,0.003,-9999.0,0.01336437316778755,0.775,0.026275639938972705,155,11443,45
2,1,1,2,5,2,0.003,-40.0,0.04495359628770302,0.775,0.0849780701754386,155,3293,45
2,1,1,2,5,2,0.003,-35.0,0.10915492957746478,0.775,0.19135802469135801,155,1265,45
2,1,1,2,5,2,0.003,-30.0,0.15119916579770595,0.725,0.25021570319240727,145,814,55
2,1,1,2,5,2,0.003,-25.0,0.17156105100463678,0.555,0.26210153482880755,111,536,89
2,1,1,2,5,2,0.003,-20.0,0.1532258064516129,0.38,0.21839080459770116,76,420,124
2,1,1,2,5,2,0.003,-15.0,0.06597222222222222,0.095,0.0778688524590164,19,269,181
2,1,1,2,5,2,0.003,-10.0,0.0,0.0,0.0,0,56,200
2,1,1,2,5,2,0.003,-5.0,1.0,0.0,0.0,0,0,200
2,1,1,2,5,2,0.003,0.0,1.0,0.0,0.0,0,0,200
2,1,1,2,5,2,0.001,-9999.0,0.01652589056188028,0.675,0.03226191898673677,135,8034,65
2,1,1,2,5,2,0.001,-40.0,0.04251968503937008,0.675,0.07999999999999999,135,3040,65
2,1,1,2,5,2,0.001,-35.0,0.1070578905630452,0.675,0.18480492813141686,135,1126,65
2,1,1,2,5,2,0.001,-30.0,0.14789533560864618,0.65,0.24096385542168672,130,749,70
2,1,1,2,5,2,0.001,-25.0,0.165625,0.53,0.2523809523809524,106,534,94
2,1,1,2,5,2,0.001,-20.0,0.1532258064516129,0.38,0.21839080459770116,76,420,124
2,1,1,2,5,2,0.001,-15.0,0.06597222222222222,0.095,0.0778688524590164,19,269,181
2,1,1,2,5,2,0.001,-10.0,0.0,0.0,0.0,0,56,200
2,1,1,2,5,2,0.001,-5.0,1.0,0.0,0.0,0,0,200
2,1,1,2,5,2,0.001,0.0,1.0,0.0,0.0,0,0,200
2,1,1,2,5,2,0.0003,-9999.0,0.022452504317789293,0.65,0.04340567612687813,130,5660,70
2,1,1,2,5,2,0.0003,-40.0,0.045422781271837874,0.65,0.08491182233834095,130,2732,70
2,1,1,2,5,2,0.0003,-35.0,0.11638316920322292,0.65,0.19741837509491267,130,987,70
2,1,1,2,5,2,0.0003,-30.0,0.15384615384615385,0.63,0.24730127576054958,126,693,74
2,1,1,2,5,2,0.0003,-25.0,0.1648177496038035,0.52,0.2503008423586041,104,527,96
2,1,1,2,5,2,0.0003,-20.0,0.1532258064516129,0.38,0.21839080459770116,76,420,124
2,1,1,2,5,2,0.0003,-15.0,0.06597222222222222,0.095,0.0778688524590164,19,269,181
2,1,1,2,5,2,0.0003,-10.0,0.0,0.0,0.0,0,56,200
2,1,1,2,5,2,0.0003,-5.0,1.0,0.0,0.0,0,0,200
2,1,1,2,5,2,0.0003,0.0,1.0,0.0,0.0,0,0,200
2,1,1,2,5,2,0.0001,-9999.0,0.02536772543167768,0.595,0.04866080556123492,119,4572,81
2,1,1,2,5,2,0.0001,-40.0,0.045437189767086675,0.595,0.08442710180915218,119,2500,81
2,1,1,2,5,2,0.0001,-35.0,0.11609756097560976,0.595,0.19428571428571428,119,906,81
2,1,1,2,5,2,0.0001,-30.0,0.15051020408163265,0.59,0.23983739837398374,118,666,82
2,1,1,2,5,2,0.0001,-25.0,0.16025641025641027,0.5,0.24271844660194178,100,524,100
2,1,1,2,5,2,0.0001,-20.0,0.1532258064516129,0.38,0.21839080459770116,76,420,124
2,1,1,2,5,2,0.0001,-15.0,0.06597222222222222,0.095,0.0778688524590164,19,269,181
2,1,1,2,5,2,0.0001,-10.0,0.0,0.0,0.0,0,56,200
2,1,1,2,5,2,0.0001,-5.0,1.0,0.0,0.0,0,0,200
2,1,1,2,5,2,0.0001,0.0,1.0,0.0,0.0,0,0,200
2,1,1,2,5,2,3e-05,-9999.0,0.02806931901391262,0.575,0.05352571561554573,115,3982,85
2,1,1,2,5,2,3e-05,-40.0,0.0467860048820179,0.575,0.08653122648607976,115,2343,85
2,1,1,2,5,2,3e-05,-35.0,0.12092534174553102,0.575,0.1998262380538662,115,836,85
2,1,1,2,5,2,3e-05,-30.0,0.14960629921259844,0.57,0.237006237006237,114,648,86
2,1,1,2,5,2,3e-05,-25.0,0.16097560975609757,0.495,0.2429447852760736,99,516,101
2,1,1,2,5,2,3e-05,-20.0,0.15212981744421908,0.375,0.21645021645021648,75,418,125
2,1,1,2,5,2,3e-05,-15.0,0.06597222222222222,0.095,0.0778688524590164,19,269,181
2,1,1,2,5,2,3e-05,-10.0,0.0,0.0,0.0,0,56,200
2,1,1,2,5,2,3e-05,-5.0,1.0,0.0,0.0,0,0,200
2,1,1,2,5,2,3e-05,0.0,1.0,0.0,0.0,0,0,200
2,1,1,2,5,2,1e-05,-9999.0,0.029005150447275686,0.535,0.05502699922859347,107,3582,93
2,1,1,2,5,2,1e-05,-40.0,0.04566794707639778,0.535,0.08415257569799449,107,2236,93
2,1,1,2,5,2,1e-05,-35.0,0.12076749435665914,0.535,0.19705340699815838,107,779,93
2,1,1,2,5,2,1e-05,-30.0,0.14421768707482993,0.53,0.2267379679144385,106,629,94
2,1,1,2,5,2,1e-05,-25.0,0.1568627450980392,0.48,0.23645320197044334,96,516,104
2,1,1,2,5,2,1e-05,-20.0,0.15071283095723015,0.37,0.21418234442836465,74,417,126
2,1,1,2,5,2,1e-05,-15.0,0.06597222222222222,0.095,0.0778688524590164,19,269,181
2,1,1,2,5,2,1e-05,-10.0,0.0,0.0,0.0,0,56,200
2,1,1,2,5,2,1e-05,-5.0,1.0,0.0,0.0,0,0,200
2,1,1,2,5,2,1e-05,0.0,1.0,0.0,0.0,0,0,200
2,1,1,2,5,3,0.01,-9999.0,0.010008529997156668,0.88,0.019791959516446446,176,17409,24
2,1,1,2,5,3,0.01,-40.0,0.04642574518596676,0.88,0.08819844650463543,176,3615,24
2,1,1,2,5,3,0.01,-35.0,0.10804174340085942,0.88,0.19245489338436303,176,1453,24
2,1,1,2,5,3,0.01,-30.0,0.1606313834726091,0.865,0.27094753328112764,173,904,27
2,1,1,2,5,3,0.01,-25.0,0.1728395061728395,0.56,0.2641509433962264,112,536,88
2,1,1,2,5,3,0.01,-20.0,0.1532258064516129,0.38,0.21839080459770116,76,420,124
2,1,1,2,5,3,0.01,-15.0,0.06597222222222222,0.095,0.0778688524590164,19,269,181
2,1,1,2,5,3,0.01,-10.0,0.0,0.0,0.0,0,56,200
2,1,1,2,5,3,0.01,-5.0,1.0,0.0,0.0,0,0,200
2,1,1,2,5,3,0.01,0.0,1.0,0.0,0.0,0,0,200
2,1,1,2,5,3,0.003,-9999.0,0.01224889759921607,0.75,0.02410412984091274,150,12096,50
2,1,1,2,5,3,0.003,-40.0,0.0427715996578272,0.75,0.08092797410304829,150,3357,50
2,1,1,2,5,3,0.003,-35.0,0.10252904989747096,0.75,0.1803968731208659,150,1313,50
2,1,1,2,5,3,0.003,-30.0,0.1505050505050505,0.745,0.2504201680672269,149,841,51
2,1,1,2,5,3,0.003,-25.0,0.17156105100463678,0.555,0.26210153482880755,111,536,89
2,1,1,2,5,3,0.003,-20.0,0.1532258064516129,0.38,0.21839080459770116,76,420,124
2,1,1,2,5,3,0.003,-15.0,0.06597222222222222,0.095,0.0778688524590164,19,269,181
2,1,1,2,5,3,0.003,-10.0,0.0,0.0,0.0,0,56,200
2,1,1,2,5,3,0.003,-5.0,1.0,0.0,0.0,0,0,200
2,1,1,2,5,3,0.003,0.0,1.0,0.0,0.0,0,0,200
2,1,1,2,5,3,0.001,-9999.0,0.014179531160663237,0.62,0.027724986025712686,124,8621,76
2,1,1,2,5,3,0.001,-40.0,0.03884711779448621,0.62,0.07311320754716981,124,3068,76
2,1,1,2,5,3,0.001,-35.0,0.09553158705701079,0.62,0.16555407209612816,124,1174,76
2,1,1,2,5,3,0.001,-30.0,0.1362126245847176,0.615,0.2230281051677244,123,780,77
2,1,1,2,5,3,0.001,-25.0,0.16925465838509315,0.545,0.25829383886255924,109,535,91
2,1,1,2,5,3,0.001,-20.0,0.1532258064516129,0.38,0.21839080459770116,76,420,124
2,1,1,2,5,3,0.001,-15.0,0.06597222222222222,0.095,0.0778688524590164,19,269,181
2,1,1,2,5,3,0.001,-10.0,0.0,0.0,0.0,0,56,200
2,1,1,2,5,3,0.001,-5.0,1.0,0.0,0.0,0,0,200
2,1,1,2,5,3,0.001,0.0,1.0,0.0,0.0,0,0,200
2,1,1,2,5,3,0.0003,-9999.0,0.018421910661884578,0.565,0.03568045468898011,113,6021,87
2,1,1,2,5,3,0.0003,-40.0,0.03967696629213483,0.565,0.07414698162729659,113,2735,87
2,1,1,2,5,3,0.0003,-35.0,0.1031021897810219,0.565,0.17438271604938269,113,983,87
2,1,1,2,5,3,0.0003,-30.0,0.13477737665463296,0.56,0.21726479146459746,112,719,88
2,1,1,2,5,3,0.0003,-25.0,0.16352201257861634,0.52,0.2488038277511962,104,532,96
2,1,1,2,5,3,0.0003,-20.0,0.1532258064516129,0.38,0.21839080459770116,76,420,124
2,1,1,2,5,3,0.0003,-15.0,0.06597222222222222,0.095,0.0778688524590164,19,269,181
2,1,1,2,5,3,0.0003,-10.0,0.0,0.0,0.0,0,56,200
2,1,1,2,5,3,0.0003,-5.0,1.0,0.0,0.0,0,0,200
2,1,1,2,5,3,0.0003,0.0,1.0,0.0,0.0,0,0,200
2,1,1,2,5,3,0.0001,-9999.0,0.02254861398427803,0.545,0.04330552244735797,109,4725,91
2,1,1,2,5,3,0.0001,-40.0,0.04177845917976236,0.545,0.07760768956924172,109,2500,91
2,1,1,2,5,3,0.0001,-35.0,0.1092184368737475,0.545,0.18196994991652754,109,889,91
2,1,1,2,5,3,0.0001,-30.0,0.13670886075949368,0.54,0.21818181818181817,108,682,92
2,1,1,2,5,3,0.0001,-25.0,0.16134185303514376,0.505,0.24455205811138014,101,525,99
2,1,1,2,5,3,0.0001,-20.0,0.1532258064516129,0.38,0.21839080459770116,76,420,124
2,1,1,2,5,3,0.0001,-15.0,0.06597222222222222,0.095,0.0778688524590164,19,269,181
2,1,1,2,5,3,0.0001,-10.0,0.0,0.0,0.0,0,56,200
2,1,1,2,5,3,0.0001,-5.0,1.0,0.0,0.0,0,0,200
2,1,1,2,5,3,0.0001,0.0,1.0,0.0,0.0,0,0,200
2,1,1,2,5,3,3e-05,-9999.0,0.025304136253041364,0.52,0.04825986078886311,104,4006,96
2,1,1,2,5,3,3e-05,-40.0,0.04309987567343556,0.52,0.07960199004975126,104,2309,96
2,1,1,2,5,3,3e-05,-35.0,0.11428571428571428,0.52,0.18738738738738736,104,806,96
2,1,1,2,5,3,3e-05,-30.0,0.13678618857901725,0.515,0.21615949632738718,103,650,97
2,1,1,2,5,3,3e-05,-25.0,0.15721231766612642,0.485,0.23745410036719705,97,520,103
2,1,1,2,5,3,3e-05,-20.0,0.15353535353535352,0.38,0.218705035971223,76,419,124
2,1,1,2,5,3,3e-05,-15.0,0.06597222222222222,0.095,0.0778688524590164,19,269,181
2,1,1,2,5,3,3e-05,-10.0,0.0,0.0,0.0,0,56,200
2,1,1,2,5,3,3e-05,-5.0,1.0,0.0,0.0,0,0,200
2,1,1,2,5,3,3e-05,0.0,1.0,0.0,0.0,0,0,200
2,1,1,2,5,3,1e-05,-9999.0,0.027515511195036417,0.51,0.052213974916815974,102,3605,98
2,1,1,2,5,3,1e-05,-40.0,0.04398447606727038,0.51,0.08098451766574037,102,2217,98
2,1,1,2,5,3,1e-05,-35.0,0.11805555555555555,0.51,0.19172932330827067,102,762,98
2,1,1,2,5,3,1e-05,-30.0,0.13854595336076816,0.505,0.21743810548977396,101,628,99
2,1,1,2,5,3,1e-05,-25.0,0.1568627450980392,0.48,0.23645320197044334,96,516,104
2,1,1,2,5,3,1e-05,-20.0,0.15212981744421908,0.375,0.21645021645021648,75,418,125
2,1,1,2,5,3,1e-05,-15.0,0.06597222222222222,0.095,0.0778688524590164,19,269,181
2,1,1,2,5,3,1e-05,-10.0,0.0,0.0,0.0,0,56,200
2,1,1,2,5,3,1e-05,-5.0,1.0,0.0,0.0,0,0,200
2,1,1,2,5,3,1e-05,0.0,1.0,0.0,0.0,0,0,200
2,1,2,1,5,2,0.01,-9999.0,0.010462654974296945,0.865,0.020675231550642367,173,16362,27
2,1,2,1,5,2,0.01,-40.0,0.0461456388370232,0.865,0.08761711825778679,173,3576,27
2,1,2,1,5,2,0.01,-35.0,0.10899873257287707,0.86,0.19347581552305962,172,1406,28
2,1,2,1,5,2,0.01,-30.0,0.15864022662889518,0.84,0.266878474980143,168,891,32
2,1,2,1,5,2,0.01,-25.0,0.1728395061728395,0.56,0.2641509433962264,112,536,88
2,1,2,1,5,2,0.01,-20.0,0.1532258064516129,0.38,0.21839080459770116,76,420,124
2,1,2,1,5,2,0.01,-15.0,0.06597222222222222,0.095,0.0778688524590164,19,269,181
2,1,2,1,5,2,0.01,-10.0,0.0,0.0,0.0,0,56,200
2,1,2,1,5,2,0.01,-5.0,1.0,0.0,0.0,0,0,200
2,1,2,1,5,2,0.01,0.0,1.0,0.0,0.0,0,0,200
2,1,2,1,5,2,0.003,-9999.0,0.01460123833287127,0.79,0.028672534252790125,158,10663,42
2,1,2,1,5,2,0.003,-40.0,0.04659392509584193,0.79,0.08799777220829852,158,3233,42
2,1,2,1,5,2,0.003,-35.0,0.11366906474820145,0.79,0.19874213836477989,158,1232,42
2,1,2,1,5,2,0.003,-30.0,0.15723270440251572,0.75,0.25996533795493937,150,804,50
2,1,2,1,5,2,0.003,-25.0,0.17156105100463678,0.555,0.26210153482880755,111,536,89
2,1,2,1,5,2,0.003,-20.0,0.1532258064516129,0.38,0.21839080459770116,76,420,124
2,1,2,1,5,2,0.003,-15.0,0.06597222222222222,0.095,0.0778688524590164,19,269,181
2,1,2,1,5,2,0.003,-10.0,0.0,0.0,0.0,0,56,200
2,1,2,1,5,2,0.003,-5.0,1.0,0.0,0.0,0,0,200
2,1,2,1,5,2,0.003,0.0,1.0,0.0,0.0,0,0,200
2,1,2,1,5,2,0.001,-9999.0,0.01823020625415835,0.685,0.03551523007128969,137,7378,63
2,1,2,1,5,2,0.001,-40.0,0.04406561595368286,0.685,0.08280447265034753,137,2972,63
2,1,2,1,5,2,0.001,-35.0,0.11247947454844007,0.685,0.19322990126939352,137,1081,63
2,1,2,1,5,2,0.001,-30.0,0.15456674473067916,0.66,0.2504743833017078,132,722,68
2,1,2,1,5,2,0.001,-25.0,0.16901408450704225,0.54,0.2574493444576877,108,531,92
2,1,2,1,5,2,0.001,-20.0,0.1532258064516129,0.38,0.21839080459770116,76,420,124
2,1,2,1,5,2,0.001,-15.0,0.06597222222222222,0.095,0.0778688524590164,19,269,181
2,1,2,1,5,2,0.001,-10.0,0.0,0.0,0.0,0,56,200
2,1,2,1,5,2,0.001,-5.0,1.0,0.0,0.0,0,0,200
2,1,2,1,5,2,0.001,0.0,1.0,0.0,0.0,0,0,200
2,1,2,1,5,2,0.0003,-9999.0,0.023922571219868516,0.655,0.04615926708949965,131,5345,69
2,1,2,1,5,2,0.0003,-40.0,0.04615926708949965,0.655,0.08624094799210005,131,2707,69
2,1,2,1,5,2,0.0003,-35.0,0.11791179117911792,0.655,0.19984744469870327,131,980,69
2,1,2,1,5,2,0.0003,-30.0,0.1575682382133995,0.635,0.2524850894632207,127,679,73
2,1,2,1,5,2,0.0003,-25.0,0.16455696202531644,0.52,0.25,104,528,96
2,1,2,1,5,2,0.0003,-20.0,0.1532258064516129,0.38,0.21839080459770116,76,420,124
2,1,2,1,5,2,0.0003,-15.0,0.06597222222222222,0.095,0.0778688524590164,19,269,181
2,1,2,1,5,2,0.0003,-10.0,0.0,0.0,0.0,0,56,200
2,1,2,1,5,2,0.0003,-5.0,1.0,0.0,0.0,0,0,200
2,1,2,1,5,2,0.0003,0.0,1.0,0.0,0.0,0,0,200
2,1,2,1,5,2,0.0001,-9999.0,0.025932276039434207,0.605,0.04973284011508426,121,4545,79
2,1,2,1,5,2,0.0001,-40.0,0.045937737281700836,0.605,0.08539167254763586,121,2513,79
2,1,2,1,5,2,0.0001,-35.0,0.11690821256038647,0.605,0.19595141700404858,121,914,79
2,1,2,1,5,2,0.0001,-30.0,0.1534526854219949,0.6,0.2443991853360489,120,662,80
2,1,2,1,5,2,0.0001,-25.0,0.16185897435897437,0.505,0.2451456310679612,101,523,99
2,1,2,1,5,2,0.0001,-20.0,0.1532258064516129,0.38,0.21839080459770116,76,420,124
2,1,2,1,5,2,0.0001,-15.0,0.06597222222222222,0.095,0.0778688524590164,19,269,181
2,1,2,1,5,2,0.0001,-10.0,0.0,0.0,0.0,0,56,200
2,1,2,1,5,2,0.0001,-5.0,1.0,0.0,0.0,0,0,200
2,1,2,1,5,2,0.0001,0.0,1.0,0.0,0.0,0,0,200
2,1,2,1,5,2,3e-05,-9999.0,0.027677496991576414,0.575,0.05281285878300804,115,4040,85
2,1,2,1,5,2,3e-05,-40.0,0.04627766599597585,0.575,0.08566108007448789,115,2370,85
2,1,2,1,5,2,3e-05,-35.0,0.1184346035015448,0.575,0.1964133219470538,115,856,85
2,1,2,1,5,2,3e-05,-30.0,0.14941022280471822,0.57,0.23676012461059193,114,649,86
2,1,2,1,5,2,3e-05,-25.0,0.16097560975609757,0.495,0.2429447852760736,99,516,101
2,1,2,1,5,2,3e-05,-20.0,0.15212981744421908,0.375,0.21645021645021648,75,418,125
2,1,2,1,5,2,3e-05,-15.0,0.06597222222222222,0.095,0.0778688524590164,19,269,181
2,1,2,1,5,2,3e-05,-10.0,0.0,0.0,0.0,0,56,200
2,1,2,1,5,2,3e-05,-5.0,1.0,0.0,0.0,0,0,200
2,1,2,1,5,2,3e-05,0.0,1.0,0.0,0.0,0,0,200
2,1,2,1,5,2,1e-05,-9999.0,0.0288153681963714,0.54,0.0547112462006079,108,3640,92
2,1,2,1,5,2,1e-05,-40.0,0.04572396274343776,0.54,0.08430913348946134,108,2254,92
2,1,2,1,5,2,1e-05,-35.0,0.12067039106145251,0.54,0.19726027397260273,108,787,92
2,1,2,1,5,2,1e-05,-30.0,0.1445945945945946,0.535,0.22765957446808513,107,633,93
2,1,2,1,5,2,1e-05,-25.0,0.1568627450980392,0.48,0.23645320197044334,96,516,104
2,1,2,1,5,2,1e-05,-20.0,0.15040650406504066,0.37,0.21387283236994223,74,418,126
2,1,2,1,5,2,1e-05,-15.0,0.06597222222222222,0.095,0.0778688524590164,19,269,181
2,1,2,1,5,2,1e-05,-10.0,0.0,0.0,0.0,0,56,200
2,1,2,1,5,2,1e-05,-5.0,1.0,0.0,0.0,0,0,200
2,1,2,1,5,2,1e-05,0.0,1.0,0.0,0.0,0,0,200
2,1,2,1,5,3,0.01,-9999.0,0.01049317943336831,0.9,0.020744496945949056,180,16974,20
2,1,2,1,5,3,0.01,-40.0,0.04768211920529802,0.9,0.09056603773584906,180,3595,20
2,1,2,1,5,3,0.01,-35.0,0.11056511056511056,0.9,0.19693654266958424,180,1448,20
2,1,2,1,5,3,0.01,-30.0,0.16022099447513813,0.87,0.27060653188180406,174,912,26
2,1,2,1,5,3,0.01,-25.0,0.1728395061728395,0.56,0.2641509433962264,112,536,88
2,1,2,1,5,3,0.01,-20.0,0.1532258064516129,0.38,0.21839080459770116,76,420,124
2,1,2,1,5,3,0.01,-15.0,0.06597222222222222,0.095,0.0778688524590164,19,269,181
2,1,2,1,5,3,0.01,-10.0,0.0,0.0,0.0,0,56,200
2,1,2,1,5,3,0.01,-5.0,1.0,0.0,0.0,0,0,200
2,1,2,1,5,3,0.01,0.0,1.0,0.0,0.0,0,0,200
2,1,2,1,5,3,0.003,-9999.0,0.013435535268280079,0.78,0.02641605283210566,156,11455,44
2,1,2,1,5,3,0.003,-40.0,0.0449438202247191,0.78,0.08499046581312994,156,3315,44
2,1,2,1,5,3,0.003,-35.0,0.10751206064782909,0.78,0.18897637795275593,156,1295,44
2,1,2,1,5,3,0.003,-30.0,0.15555555555555556,0.77,0.25882352941176473,154,836,46
2,1,2,1,5,3,0.003,-25.0,0.17156105100463678,0.555,0.26210153482880755,111,536,89
2,1,2,1,5,3,0.003,-20.0,0.1532258064516129,0.38,0.21839080459770116,76,420,124
2,1,2,1,5,3,0.003,-15.0,0.06597222222222222,0.095,0.0778688524590164,19,269,181
2,1,2,1,5,3,0.003,-10.0,0.0,0.0,0.0,0,56,200
2,1,2,1,5,3,0.003,-5.0,1.0,0.0,0.0,0,0,200
2,1,2,1,5,3,0.003,0.0,1.0,0.0,0.0,0,0,200
2,1,2,1,5,3,0.001,-9999.0,0.015748992796972287,0.645,0.030747229174115123,129,8062,71
2,1,2,1,5,3,0.001,-40.0,0.040952380952380955,0.645,0.07701492537313433,129,3021,71
2,1,2,1,5,3,0.001,-35.0,0.1018957345971564,0.645,0.17598908594815826,129,1137,71
2,1,2,1,5,3,0.001,-30.0,0.14349775784753363,0.64,0.23443223443223443,128,764,72
2,1,2,1,5,3,0.001,-25.0,0.17027863777089783,0.55,0.26004728132387706,110,536,90
2,1,2,1,5,3,0.001,-20.0,0.1532258064516129,0.38,0.21839080459770116,76,420,124
2,1,2,1,5,3,0.001,-15.0,0.06597222222222222,0.095,0.0778688524590164,19,269,181
2,1,2,1,5,3,0.001,-10.0,0.0,0.0,0.0,0,56,200
2,1,2,1,5,3,0.001,-5.0,1.0,0.0,0.0,0,0,200
2,1,2,1,5,3,0.001,0.0,1.0,0.0,0.0,0,0,200
2,1,2,1,5,3,0.0003,-9999.0,0.019716361120719474,0.57,0.03811434302908726,114,5668,86
2,1,2,1,5,3,0.0003,-40.0,0.040382571732199786,0.57,0.07542176645716175,114,2709,86
2,1,2,1,5,3,0.0003,-35.0,0.10449129239230064,0.57,0.17660728117738186,114,977,86
2,1,2,1,5,3,0.0003,-30.0,0.13865030674846626,0.565,0.2226600985221675,113,702,87
2,1,2,1,5,3,0.0003,-25.0,0.16377952755905512,0.52,0.24910179640718563,104,531,96
2,1,2,1,5,3,0.0003,-20.0,0.1532258064516129,0.38,0.21839080459770116,76,420,124
2,1,2,1,5,3,0.0003,-15.0,0.06597222222222222,0.095,0.0778688524590164,19,269,181
2,1,2,1,5,3,0.0003,-10.0,0.0,0.0,0.0,0,56,200
2,1,2,1,5,3,0.0003,-5.0,1.0,0.0,0.0,0,0,200
2,1,2,1,5,3,0.0003,0.0,1.0,0.0,0.0,0,0,200
2,1,2,1,5,3,0.0001,-9999.0,0.023487092678798137,0.555,0.04506699147381243,111,4615,89
2,1,2,1,5,3,0.0001,-40.0,0.04269230769230769,0.555,0.07928571428571428,111,2489,89
2,1,2,1,5,3,0.0001,-35.0,0.1108891108891109,0.555,0.18484596169858453,111,890,89
2,1,2,1,5,3,0.0001,-30.0,0.14012738853503184,0.55,0.22335025380710663,110,675,90
2,1,2,1,5,3,0.0001,-25.0,0.16216216216216217,0.51,0.24607961399276237,102,527,98
2,1,2,1,5,3,0.0001,-20.0,0.1532258064516129,0.38,0.21839080459770116,76,420,124
2,1,2,1,5,3,0.0001,-15.0,0.06597222222222222,0.095,0.0778688524590164,19,269,181
2,1,2,1,5,3,0.0001,-10.0,0.0,0.0,0.0,0,56,200
2,1,2,1,5,3,0.0001,-5.0,1.0,0.0,0.0,0,0,200
2,1,2,1,5,3,0.0001,0.0,1.0,0.0,0.0,0,0,200
2,1,2,1,5,3,3e-05,-9999.0,0.02525859995188838,0.525,0.048198301583658475,105,4052,95
2,1,2,1,5,3,3e-05,-40.0,0.04319210201563143,0.525,0.0798175598631699,105,2326,95
2,1,2,1,5,3,3e-05,-35.0,0.11351351351351352,0.525,0.18666666666666668,105,820,95
2,1,2,1,5,3,3e-05,-30.0,0.13738441215323646,0.52,0.2173458725182863,104,653,96
2,1,2,1,5,3,3e-05,-25.0,0.15806451612903225,0.49,0.23902439024390243,98,522,102
2,1,2,1,5,3,3e-05,-20.0,0.15353535353535352,0.38,0.218705035971223,76,419,124
2,1,2,1,5,3,3e-05,-15.0,0.06597222222222222,0.095,0.0778688524590164,19,269,181
2,1,2,1,5,3,3e-05,-10.0,0.0,0.0,0.0,0,56,200
2,1,2,1,5,3,3e-05,-5.0,1.0,0.0,0.0,0,0,200
2,1,2,1,5,3,3e-05,0.0,1.0,0.0,0.0,0,0,200
2,1,2,1,5,3,1e-05,-9999.0,0.02696272799365583,0.51,0.05121767511925684,102,3681,98
2,1,2,1,5,3,1e-05,-40.0,0.043515358361774746,0.51,0.08018867924528301,102,2242,98
2,1,2,1,5,3,1e-05,-35.0,0.11617312072892938,0.51,0.18923933209647495,102,776,98
2,1,2,1,5,3,1e-05,-30.0,0.13722826086956522,0.505,0.21581196581196582,101,635,99
2,1,2,1,5,3,1e-05,-25.0,0.1568627450980392,0.48,0.23645320197044334,96,516,104
2,1,2,1,5,3,1e-05,-20.0,0.15212981744421908,0.375,0.21645021645021648,75,418,125
2,1,2,1,5,3,1e-05,-15.0,0.06597222222222222,0.095,0.0778688524590164,19,269,181
2,1,2,1,5,3,1e-05,-10.0,0.0,0.0,0.0,0,56,200
2,1,2,1,5,3,1e-05,-5.0,1.0,0.0,0.0,0,0,200
2,1,2,1,5,3,1e-05,0.0,1.0,0.0,0.0,0,0,200
2,1,2,2,5,2,0.01,-9999.0,0.010954165465552033,0.95,0.02165859219150755,190,17155,10
2,1,2,2,5,2,0.01,-40.0,0.04988185875557889,0.95,0.0947867298578199,190,3619,10
2,1,2,2,5,2,0.01,-35.0,0.11290322580645161,0.945,0.2017075773745998,189,1485,11
2,1,2,2,5,2,0.01,-30.0,0.16003616636528029,0.885,0.2710566615620214,177,929,23
2,1,2,2,5,2,0.01,-25.0,0.1728395061728395,0.56,0.2641509433962264,112,536,88
2,1,2,2,5,2,0.01,-20.0,0.1532258064516129,0.38,0.21839080459770116,76,420,124
2,1,2,2,5,2,0.01,-15.0,0.06597222222222222,0.095,0.0778688524590164,19,269,181
2,1,2,2,5,2,0.01,-10.0,0.0,0.0,0.0,0,56,200
2,1,2,2,5,2,0.01,-5.0,1.0,0.0,0.0,0,0,200
2,1,2,2,5,2,0.01,0.0,1.0,0.0,0.0,0,0,200
2,1,2,2,5,2,0.003,-9999.0,0.014532633932410353,0.845,0.02857384394285231,169,11460,31
2,1,2,2,5,2,0.003,-40.0,0.047299188357122865,0.845,0.08958388550225284,169,3404,31
2,1,2,2,5,2,0.003,-35.0,0.1085972850678733,0.84,0.19232970807097882,168,1379,32
2,1,2,2,5,2,0.003,-30.0,0.15384615384615385,0.81,0.25857940941739826,162,891,38
2,1,2,2,5,2,0.003,-25.0,0.1728395061728395,0.56,0.2641509433962264,112,536,88
2,1,2,2,5,2,0.003,-20.0,0.1532258064516129,0.38,0.21839080459770116,76,420,124
2,1,2,2,5,2,0.003,-15.0,0.06597222222222222,0.095,0.0778688524590164,19,269,181
2,1,2,2,5,2,0.003,-10.0,0.0,0.0,0.0,0,56,200
2,1,2,2,5,2,0.003,-5.0,1.0,0.0,0.0,0,0,200
2,1,2,2,5,2,0.003,0.0,1.0,0.0,0.0,0,0,200
2,1,2,2,5,2,0.001,-9999.0,0.018994146458009797,0.795,0.03710185509275464,159,8212,41
2,1,2,2,5,2,0.001,-40.0,0.047978273989136996,0.795,0.09049516220830962,159,3155,41
2,1,2,2,5,2,0.001,-35.0,0.11236749116607773,0.795,0.19690402476780186,159,1256,41
2,1,2,2,5,2,0.001,-30.0,0.1551901336073998,0.755,0.25745950554134694,151,822,49
2,1,2,2,5,2,0.001,-25.0,0.17156105100463678,0.555,0.26210153482880755,111,536,89
2,1,2,2,5,2,0.001,-20.0,0.1532258064516129,0.38,0.21839080459770116,76,420,124
2,1,2,2,5,2,0.001,-15.0,0.06597222222222222,0.095,0.0778688524590164,19,269,181
2,1,2,2,5,2,0.001,-10.0,0.0,0.0,0.0,0,56,200
2,1,2,2,5,2,0.001,-5.0,1.0,0.0,0.0,0,0,200
2,1,2,2,5,2,0.001,0.0,1.0,0.0,0.0,0,0,200
2,1,2,2,5,2,0.0003,-9999.0,0.022821576763485476,0.715,0.04423136405815033,143,6123,57
2,1,2,2,5,2,0.0003,-40.0,0.04685452162516383,0.715,0.0879458794587946,143,2909,57
2,1,2,2,5,2,0.0003,-35.0,0.1125098347757671,0.715,0.19442556084296395,143,1128,57
2,1,2,2,5,2,0.0003,-30.0,0.1522956326987682,0.68,0.24885635864592862,136,757,64
2,1,2,2,5,2,0.0003,-25.0,0.16951788491446346,0.545,0.2586002372479241,109,534,91
2,1,2,2,5,2,0.0003,-20.0,0.1532258064516129,0.38,0.21839080459770116,76,420,124
2,1,2,2,5,2,0.0003,-15.0,0.06597222222222222,0.095,0.0778688524590164,19,269,181
2,1,2,2,5,2,0.0003,-10.0,0.0,0.0,0.0,0,56,200
2,1,2,2,5,2,0.0003,-5.0,1.0,0.0,0.0,0,0,200
2,1,2,2,5,2,0.0003,0.0,1.0,0.0,0.0,0,0,200
2,1,2,2,5,2,0.0001,-9999.0,0.02494415487714073,0.67,0.04809763101220388,134,5238,66
2,1,2,2,5,2,0.0001,-40.0,0.0463828314295604,0.67,0.08675946908384591,134,2755,66
2,1,2,2,5,2,0.0001,-35.0,0.11482433590402742,0.67,0.19604974396488664,134,1033,66
2,1,2,2,5,2,0.0001,-30.0,0.15486194477791115,0.645,0.24975798644724104,129,704,71
2,1,2,2,5,2,0.0001,-25.0,0.1640378548895899,0.52,0.24940047961630696,104,530,96
2,1,2,2,5,2,0.0001,-20.0,0.1532258064516129,0.38,0.21839080459770116,76,420,124
2,1,2,2,5,2,0.0001,-15.0,0.06597222222222222,0.095,0.0778688524590164,19,269,181
2,1,2,2,5,2,0.0001,-10.0,0.0,0.0,0.0,0,56,200
2,1,2,2,5,2,0.0001,-5.0,1.0,0.0,0.0,0,0,200
2,1,2,2,5,2,0.0001,0.0,1.0,0.0,0.0,0,0,200
2,1,2,2,5,2,3e-05,-9999.0,0.026425301706200582,0.635,0.05073911306432281,127,4679,73
2,1,2,2,5,2,3e-05,-40.0,0.04645208485735187,0.635,0.08657123381049762,127,2607,73
2,1,2,2,5,2,3e-05,-35.0,0.11662075298438934,0.635,0.19705197827773466,127,962,73
2,1,2,2,5,2,3e-05,-30.0,0.15260545905707196,0.615,0.24453280318091447,123,683,77
2,1,2,2,5,2,3e-05,-25.0,0.1634920634920635,0.515,0.24819277108433738,103,527,97
2,1,2,2,5,2,3e-05,-20.0,0.1532258064516129,0.38,0.21839080459770116,76,420,124
2,1,2,2,5,2,3e-05,-15.0,0.06597222222222222,0.095,0.0778688524590164,19,269,181
2,1,2,2,5,2,3e-05,-10.0,0.0,0.0,0.0,0,56,200
2,1,2,2,5,2,3e-05,-5.0,1.0,0.0,0.0,0,0,200
2,1,2,2,5,2,3e-05,0.0,1.0,0.0,0.0,0,0,200
2,1,2,2,5,2,1e-05,-9999.0,0.02782888684452622,0.605,0.05321020228671944,121,4227,79
2,1,2,2,5,2,1e-05,-40.0,0.046754250386398764,0.605,0.08680057388809181,121,2467,79
2,1,2,2,5,2,1e-05,-35.0,0.11874386653581943,0.605,0.1985233798195242,121,898,79
2,1,2,2,5,2,1e-05,-30.0,0.1540436456996149,0.6,0.24514811031664963,120,659,80
2,1,2,2,5,2,1e-05,-25.0,0.16211878009630817,0.505,0.24544349939246654,101,522,99
2,1,2,2,5,2,1e-05,-20.0,0.1532258064516129,0.38,0.21839080459770116,76,420,124
2,1,2,2,5,2,1e-05,-15.0,0.06597222222222222,0.095,0.0778688524590164,19,269,181
2,1,2,2,5,2,1e-05,-10.0,0.0,0.0,0.0,0,56,200
2,1,2,2,5,2,1e-05,-5.0,1.0,0.0,0.0,0,0,200
2,1,2,2,5,2,1e-05,0.0,1.0,0.0,0.0,0,0,200
2,1,2,2,5,3,0.01,-9999.0,0.010653131797646272,0.955,0.021071211870483757,191,17738,9
2,1,2,2,5,3,0.01,-40.0,0.049277605779153764,0.955,0.09371933267909714,191,3685,9
2,1,2,2,5,3,0.01,-35.0,0.11053240740740741,0.955,0.19813278008298757,191,1537,9
2,1,2,2,5,3,0.01,-30.0,0.15964125560538117,0.89,0.2707224334600761,178,937,22
2,1,2,2,5,3,0.01,-25.0,0.1728395061728395,0.56,0.2641509433962264,112,536,88
2,1,2,2,5,3,0.01,-20.0,0.1532258064516129,0.38,0.21839080459770116,76,420,124
2,1,2,2,5,3,0.01,-15.0,0.06597222222222222,0.095,0.0778688524590164,19,269,181
2,1,2,2,5,3,0.01,-10.0,0.0,0.0,0.0,0,56,200
2,1,2,2,5,3,0.01,-5.0,1.0,0.0,0.0,0,0,200
2,1,2,2,5,3,0.01,0.0,1.0,0.0,0.0,0,0,200
2,1,2,2,5,3,0.003,-9999.0,0.014206150617483251,0.88,0.02796091826197474,176,12213,24
2,1,2,2,5,3,0.003,-40.0,0.04875346260387812,0.88,0.09238845144356955,176,3434,24
2,1,2,2,5,3,0.003,-35.0,0.11062225015713388,0.88,0.19653824678950305,176,1415,24
2,1,2,2,5,3,0.003,-30.0,0.1603336422613531,0.865,0.2705238467552776,173,906,27
2,1,2,2,5,3,0.003,-25.0,0.1728395061728395,0.56,0.2641509433962264,112,536,88
2,1,2,2,5,3,0.003,-20.0,0.1532258064516129,0.38,0.21839080459770116,76,420,124
2,1,2,2,5,3,0.003,-15.0,0.06597222222222222,0.095,0.0778688524590164,19,269,181
2,1,2,2,5,3,0.003,-10.0,0.0,0.0,0.0,0,56,200
2,1,2,2,5,3,0.003,-5.0,1.0,0.0,0.0,0,0,200
2,1,2,2,5,3,0.003,0.0,1.0,0.0,0.0,0,0,200
2,1,2,2,5,3,0.001,-9999.0,0.01780116435288849,0.795,0.03482260183968463,159,8773,41
2,1,2,2,5,3,0.001,-40.0,0.0468888233559422,0.795,0.08855472013366751,159,3232,41
2,1,2,2,5,3,0.001,-35.0,0.10779661016949152,0.795,0.18985074626865672,159,1316,41
2,1,2,2,5,3,0.001,-30.0,0.15422396856581533,0.785,0.25779967159277506,157,861,43
2,1,2,2,5,3,0.001,-25.0,0.17156105100463678,0.555,0.26210153482880755,111,536,89
2,1,2,2,5,3,0.001,-20.0,0.1532258064516129,0.38,0.21839080459770116,76,420,124
2,1,2,2,5,3,0.001,-15.0,0.06597222222222222,0.095,0.0778688524590164,19,269,181
2,1,2,2,5,3,0.001,-10.0,0.0,0.0,0.0,0,56,200
2,1,2,2,5,3,0.001,-5.0,1.0,0.0,0.0,0,0,200
2,1,2,2,5,3,0.001,0.0,1.0,0.0,0.0,0,0,200
2,1,2,2,5,3,0.0003,-9999.0,0.020429782082324457,0.675,0.03965922444183314,135,6473,65
2,1,2,2,5,3,0.0003,-40.0,0.04335260115606936,0.675,0.08147254073627037,135,2979,65
2,1,2,2,5,3,0.0003,-35.0,0.10204081632653061,0.675,0.1772816808929744,135,1188,65
2,1,2,2,5,3,0.0003,-30.0,0.14362272240085744,0.67,0.23654015887025595,134,799,66
2,1,2,2,5,3,0.0003,-25.0,0.17156105100463678,0.555,0.26210153482880755,111,536,89
2,1,2,2,5,3,0.0003,-20.0,0.1532258064516129,0.38,0.21839080459770116,76,420,124
2,1,2,2,5,3,0.0003,-15.0,0.06597222222222222,0.095,0.0778688524590164,19,269,181
2,1,2,2,5,3,0.0003,-10.0,0.0,0.0,0.0,0,56,200
2,1,2,2,5,3,0.0003,-5.0,1.0,0.0,0.0,0,0,200
2,1,2,2,5,3,0.0003,0.0,1.0,0.0,0.0,0,0,200
2,1,2,2,5,3,0.0001,-9999.0,0.022394965759763096,0.605,0.04319114759950027,121,5282,79
2,1,2,2,5,3,0.0001,-40.0,0.04220439483780956,0.605,0.07890446690577112,121,2746,79
2,1,2,2,5,3,0.0001,-35.0,0.102803738317757,0.605,0.1757443718228032,121,1056,79
2,1,2,2,5,3,0.0001,-30.0,0.13953488372093023,0.6,0.22641509433962265,120,740,80
2,1,2,2,5,3,0.0001,-25.0,0.16822429906542055,0.54,0.25653206650831356,108,534,92
2,1,2,2,5,3,0.0001,-20.0,0.1532258064516129,0.38,0.21839080459770116,76,420,124
2,1,2,2,5,3,0.0001,-15.0,0.06597222222222222,0.095,0.0778688524590164,19,269,181
2,1,2,2,5,3,0.0001,-10.0,0.0,0.0,0.0,0,56,200
2,1,2,2,5,3,0.0001,-5.0,1.0,0.0,0.0,0,0,200
2,1,2,2,5,3,0.0001,0.0,1.0,0.0,0.0,0,0,200
2,1,2,2,5,3,3e-05,-9999.0,0.023764458464773923,0.565,0.04561049445005046,113,4642,87
2,1,2,2,5,3,3e-05,-40.0,0.04236970378702662,0.565,0.07882804325078478,113,2554,87
2,1,2,2,5,3,3e-05,-35.0,0.10690633869441817,0.565,0.17979315831344472,113,944,87
2,1,2,2,5,3,3e-05,-30.0,0.1374233128834356,0.56,0.22068965517241382,112,703,88
2,1,2,2,5,3,3e-05,-25.0,0.1640378548895899,0.52,0.24940047961630696,104,530,96
2,1,2,2,5,3,3e-05,-20.0,0.1532258064516129,0.38,0.21839080459770116,76,420,124
2,1,2,2,5,3,3e-05,-15.0,0.06597222222222222,0.095,0.0778688524590164,19,269,181
2,1,2,2,5,3,3e-05,-10.0,0.0,0.0,0.0,0,56,200
2,1,2,2,5,3,3e-05,-5.0,1.0,0.0,0.0,0,0,200
2,1,2,2,5,3,3e-05,0.0,1.0,0.0,0.0,0,0,200
2,1,2,2,5,3,1e-05,-9999.0,0.025404157043879907,0.55,0.04856512141280353,110,4220,90
2,1,2,2,5,3,1e-05,-40.0,0.04329004329004329,0.55,0.08026267785479753,110,2431,90
2,1,2,2,5,3,1e-05,-35.0,0.11099899091826437,0.55,0.1847187237615449,110,881,90
2,1,2,2,5,3,1e-05,-30.0,0.13938618925831203,0.545,0.2219959266802444,109,673,91
2,1,2,2,5,3,1e-05,-25.0,0.16267942583732056,0.51,0.24667472793228537,102,525,98
2,1,2,2,5,3,1e-05,-20.0,0.1532258064516129,0.38,0.21839080459770116,76,420,124
2,1,2,2,5,3,1e-05,-15.0,0.06597222222222222,0.095,0.0778688524590164,19,269,181
2,1,2,2,5,3,1e-05,-10.0,0.0,0.0,0.0,0,56,200
2,1,2,2,5,3,1e-05,-5.0,1.0,0.0,0.0,0,0,200
2,1,2,2,5,3,1e-05,0.0,1.0,0.0,0.0,0,0,200
2,1,3,1,5,2,0.01,-9999.0,0.011293088157038965,0.955,0.022322211184479634,191,16722,9
2,1,3,1,5,2,0.01,-40.0,0.05040907891264186,0.955,0.09576334921032842,191,3598,9
2,1,3,1,5,2,0.01,-35.0,0.11343283582089553,0.95,0.20266666666666666,190,1485,10
2,1,3,1,5,2,0.01,-30.0,0.16108597285067874,0.89,0.2727969348659004,178,927,22
2,1,3,1,5,2,0.01,-25.0,0.1728395061728395,0.56,0.2641509433962264,112,536,88
2,1,3,1,5,2,0.01,-20.0,0.1532258064516129,0.38,0.21839080459770116,76,420,124
2,1,3,1,5,2,0.01,-15.0,0.06597222222222222,0.095,0.0778688524590164,19,269,181
2,1,3,1,5,2,0.01,-10.0,0.0,0.0,0.0,0,56,200
2,1,3,1,5,2,0.01,-5.0,1.0,0.0,0.0,0,0,200
2,1,3,1,5,2,0.01,0.0,1.0,0.0,0.0,0,0,200
2,1,3,1,5,2,0.003,-9999.0,0.015551959726717008,0.865,0.030554574355351468,173,10951,27
2,1,3,1,5,2,0.003,-40.0,0.04892533936651584,0.865,0.09261241970021412,173,3363,27
2,1,3,1,5,2,0.003,-35.0,0.11249182472204054,0.86,0.19895893580104104,172,1357,28
2,1,3,1,5,2,0.003,-30.0,0.16030534351145037,0.84,0.2692307692307692,168,880,32
2,1,3,1,5,2,0.003,-25.0,0.1728395061728395,0.56,0.2641509433962264,112,536,88
2,1,3,1,5,2,0.003,-20.0,0.1532258064516129,0.38,0.21839080459770116,76,420,124
2,1,3,1,5,2,0.003,-15.0,0.06597222222222222,0.095,0.0778688524590164,19,269,181
2,1,3,1,5,2,0.003,-10.0,0.0,0.0,0.0,0,56,200
2,1,3,1,5,2,0.003,-5.0,1.0,0.0,0.0,0,0,200
2,1,3,1,5,2,0.003,0.0,1.0,0.0,0.0,0,0,200
2,1,3,1,5,2,0.001,-9999.0,0.019942305280321083,0.795,0.038908601492719935,159,7814,41
2,1,3,1,5,2,0.001,-40.0,0.04863872743958397,0.795,0.09166906889593543,159,3110,41
2,1,3,1,5,2,0.001,-35.0,0.11530094271211022,0.795,0.20139328689043698,159,1220,41
2,1,3,1,5,2,0.001,-30.0,0.15816857440166493,0.76,0.26184323858742464,152,809,48
2,1,3,1,5,2,0.001,-25.0,0.17156105100463678,0.555,0.26210153482880755,111,536,89
2,1,3,1,5,2,0.001,-20.0,0.1532258064516129,0.38,0.21839080459770116,76,420,124
2,1,3,1,5,2,0.001,-15.0,0.06597222222222222,0.095,0.0778688524590164,19,269,181
2,1,3,1,5,2,0.001,-10.0,0.0,0.0,0.0,0,56,200
2,1,3,1,5,2,0.001,-5.0,1.0,0.0,0.0,0,0,200
2,1,3,1,5,2,0.001,0.0,1.0,0.0,0.0,0,0,200
2,1,3,1,5,2,0.0003,-9999.0,0.02360268808392067,0.72,0.04570703063005873,144,5957,56
2,1,3,1,5,2,0.0003,-40.0,0.04771371769383698,0.72,0.08949658172778124,144,2874,56
2,1,3,1,5,2,0.0003,-35.0,0.11631663974151858,0.72,0.20027816411682894,144,1094,56
2,1,3,1,5,2,0.0003,-30.0,0.1578341013824885,0.685,0.2565543071161049,137,731,63
2,1,3,1,5,2,0.0003,-25.0,0.17133956386292834,0.55,0.26128266033254155,110,532,90
2,1,3,1,5,2,0.0003,-20.0,0.1532258064516129,0.38,0.21839080459770116,76,420,124
2,1,3,1,5,2,0.0003,-15.0,0.06597222222222222,0.095,0.0778688524590164,19,269,181
2,1,3,1,5,2,0.0003,-10.0,0.0,0.0,0.0,0,56,200
2,1,3,1,5,2,0.0003,-5.0,1.0,0.0,0.0,0,0,200
2,1,3,1,5,2,0.0003,0.0,1.0,0.0,0.0,0,0,200
2,1,3,1,5,2,0.0001,-9999.0,0.02512562814070352,0.675,0.048447873676655304,135,5238,65
2,1,3,1,5,2,0.0001,-40.0,0.04672897196261682,0.675,0.08740692780835223,135,2754,65
2,1,3,1,5,2,0.0001,-35.0,0.1169844020797227,0.675,0.19940915805022155,135,1019,65
2,1,3,1,5,2,0.0001,-30.0,0.15873015873015872,0.65,0.2551521099116781,130,689,70
2,1,3,1,5,2,0.0001,-25.0,0.16535433070866143,0.525,0.25149700598802394,105,530,95
2,1,3,1,5,2,0.0001,-20.0,0.1532258064516129,0.38,0.21839080459770116,76,420,124
2,1,3,1,5,2,0.0001,-15.0,0.06597222222222222,0.095,0.0778688524590164,19,269,181
2,1,3,1,5,2,0.0001,-10.0,0.0,0.0,0.0,0,56,200
2,1,3,1,5,2,0.0001,-5.0,1.0,0.0,0.0,0,0,200
2,1,3,1,5,2,0.0001,0.0,1.0,0.0,0.0,0,0,200
2,1,3,1,5,2,3e-05,-9999.0,0.02670807453416149,0.645,0.05129224652087476,129,4701,71
2,1,3,1,5,2,3e-05,-40.0,0.04690909090909091,0.645,0.08745762711864406,129,2621,71
2,1,3,1,5,2,3e-05,-35.0,0.11824014665444546,0.645,0.19984508133230053,129,962,71
2,1,3,1,5,2,3e-05,-30.0,0.1560549313358302,0.625,0.24975024975024973,125,676,75
2,1,3,1,5,2,3e-05,-25.0,0.1634920634920635,0.515,0.24819277108433738,103,527,97
2,1,3,1,5,2,3e-05,-20.0,0.1532258064516129,0.38,0.21839080459770116,76,420,124
2,1,3,1,5,2,3e-05,-15.0,0.06597222222222222,0.095,0.0778688524590164,19,269,181
2,1,3,1,5,2,3e-05,-10.0,0.0,0.0,0.0,0,56,200
2,1,3,1,5,2,3e-05,-5.0,1.0,0.0,0.0,0,0,200
2,1,3,1,5,2,3e-05,0.0,1.0,0.0,0.0,0,0,200
2,1,3,1,5,2,1e-05,-9999.0,0.0275626423690205,0.605,0.052723311546840956,121,4269,79
2,1,3,1,5,2,1e-05,-40.0,0.04634239754883186,0.605,0.08609035930273924,121,2490,79
2,1,3,1,5,2,1e-05,-35.0,0.11736178467507274,0.605,0.1965881397238018,121,910,79
2,1,3,1,5,2,1e-05,-30.0,0.15384615384615385,0.6,0.2448979591836735,120,660,80
2,1,3,1,5,2,1e-05,-25.0,0.16211878009630817,0.505,0.24544349939246654,101,522,99
2,1,3,1,5,2,1e-05,-20.0,0.1532258064516129,0.38,0.21839080459770116,76,420,124
2,1,3,1,5,2,1e-05,-15.0,0.06597222222222222,0.095,0.0778688524590164,19,269,181
2,1,3,1,5,2,1e-05,-10.0,0.0,0.0,0.0,0,56,200
2,1,3,1,5,2,1e-05,-5.0,1.0,0.0,0.0,0,0,200
2,1,3,1,5,2,1e-05,0.0,1.0,0.0,0.0,0,0,200
2,1,3,1,5,3,0.01,-9999.0,0.010820303648311807,0.955,0.021398162670849208,191,17461,9
2,1,3,1,5,3,0.01,-40.0,0.04906241972771641,0.955,0.0933300757390667,191,3702,9
2,1,3,1,5,3,0.01,-35.0,0.10964408725602756,0.955,0.19670442842430486,191,1551,9
2,1,3,1,5,3,0.01,-30.0,0.16007194244604317,0.89,0.27134146341463417,178,934,22
2,1,3,1,5,3,0.01,-25.0,0.1728395061728395,0.56,0.2641509433962264,112,536,88
2,1,3,1,5,3,0.01,-20.0,0.1532258064516129,0.38,0.21839080459770116,76,420,124
2,1,3,1,5,3,0.01,-15.0,0.06597222222222222,0.095,0.0778688524590164,19,269,181
2,1,3,1,5,3,0.01,-10.0,0.0,0.0,0.0,0,56,200
2,1,3,1,5,3,0.01,-5.0,1.0,0.0,0.0,0,0,200
2,1,3,1,5,3,0.01,0.0,1.0,0.0,0.0,0,0,200
2,1,3,1,5,3,0.003,-9999.0,0.015011741026501175,0.895,0.029528208512042235,179,11745,21
2,1,3,1,5,3,0.003,-40.0,0.04994419642857143,0.895,0.09460887949260044,179,3405,21
2,1,3,1,5,3,0.003,-35.0,0.11350665821179455,0.895,0.20146314012380417,179,1398,21
2,1,3,1,5,3,0.003,-30.0,0.16111111111111112,0.87,0.271875,174,906,26
2,1,3,1,5,3,0.003,-25.0,0.1728395061728395,0.56,0.2641509433962264,112,536,88
2,1,3,1,5,3,0.003,-20.0,0.1532258064516129,0.38,0.21839080459770116,76,420,124
2,1,3,1,5,3,0.003,-15.0,0.06597222222222222,0.095,0.0778688524590164,19,269,181
2,1,3,1,5,3,0.003,-10.0,0.0,0.0,0.0,0,56,200
2,1,3,1,5,3,0.003,-5.0,1.0,0.0,0.0,0,0,200
2,1,3,1,5,3,0.003,0.0,1.0,0.0,0.0,0,0,200
2,1,3,1,5,3,0.001,-9999.0,0.01880841121495327,0.805,0.03675799086757991,161,8399,39
2,1,3,1,5,3,0.001,-40.0,0.048102778607708396,0.805,0.09078094164082323,161,3186,39
2,1,3,1,5,3,0.001,-35.0,0.1111878453038674,0.805,0.1953883495145631,161,1287,39
2,1,3,1,5,3,0.001,-30.0,0.15742574257425743,0.795,0.2628099173553719,159,851,41
2,1,3,1,5,3,0.001,-25.0,0.17156105100463678,0.555,0.26210153482880755,111,536,89
2,1,3,1,5,3,0.001,-20.0,0.1532258064516129,0.38,0.21839080459770116,76,420,124
2,1,3,1,5,3,0.001,-15.0,0.06597222222222222,0.095,0.0778688524590164,19,269,181
2,1,3,1,5,3,0.001,-10.0,0.0,0.0,0.0,0,56,200
2,1,3,1,5,3,0.001,-5.0,1.0,0.0,0.0,0,0,200
2,1,3,1,5,3,0.001,0.0,1.0,0.0,0.0,0,0,200
2,1,3,1,5,3,0.0003,-9999.0,0.022298456260720412,0.715,0.04324814758808408,143,6270,57
2,1,3,1,5,3,0.0003,-40.0,0.046549479166666664,0.715,0.08740831295843521,143,2929,57
2,1,3,1,5,3,0.0003,-35.0,0.11068111455108359,0.715,0.1916890080428954,143,1149,57
2,1,3,1,5,3,0.0003,-30.0,0.15536105032822758,0.71,0.25493716337522443,142,772,58
2,1,3,1,5,3,0.0003,-25.0,0.17156105100463678,0.555,0.26210153482880755,111,536,89
2,1,3,1,5,3,0.0003,-20.0,0.1532258064516129,0.38,0.21839080459770116,76,420,124
2,1,3,1,5,3,0.0003,-15.0,0.06597222222222222,0.095,0.0778688524590164,19,269,181
2,1,3,1,5,3,0.0003,-10.0,0.0,0.0,0.0,0,56,200
2,1,3,1,5,3,0.0003,-5.0,1.0,0.0,0.0,0,0,200
2,1,3,1,5,3,0.0003,0.0,1.0,0.0,0.0,0,0,200
2,1,3,1,5,3,0.0001,-9999.0,0.023074060290286566,0.62,0.04449228561176893,124,5250,76
2,1,3,1,5,3,0.0001,-40.0,0.04316045945005221,0.62,0.08070289619264562,124,2749,76
2,1,3,1,5,3,0.0001,-35.0,0.10598290598290598,0.62,0.181021897810219,124,1046,76
2,1,3,1,5,3,0.0001,-30.0,0.1453900709219858,0.615,0.23518164435946462,123,723,77
2,1,3,1,5,3,0.0001,-25.0,0.17004680187207488,0.545,0.2592152199762188,109,532,91
2,1,3,1,5,3,0.0001,-20.0,0.1532258064516129,0.38,0.21839080459770116,76,420,124
2,1,3,1,5,3,0.0001,-15.0,0.06597222222222222,0.095,0.0778688524590164,19,269,181
2,1,3,1,5,3,0.0001,-10.0,0.0,0.0,0.0,0,56,200
2,1,3,1,5,3,0.0001,-5.0,1.0,0.0,0.0,0,0,200
2,1,3,1,5,3,0.0001,0.0,1.0,0.0,0.0,0,0,200
2,1,3,1,5,3,3e-05,-9999.0,0.02356621480709072,0.565,0.045245245245245244,113,4682,87
2,1,3,1,5,3,3e-05,-40.0,0.042085661080074485,0.565,0.07833622183708838,113,2572,87
2,1,3,1,5,3,3e-05,-35.0,0.10670443814919736,0.565,0.17950754567116758,113,946,87
2,1,3,1,5,3,3e-05,-30.0,0.1396508728179551,0.56,0.22355289421157684,112,690,88
2,1,3,1,5,3,3e-05,-25.0,0.1640378548895899,0.52,0.24940047961630696,104,530,96
2,1,3,1,5,3,3e-05,-20.0,0.1532258064516129,0.38,0.21839080459770116,76,420,124
2,1,3,1,5,3,3e-05,-15.0,0.06597222222222222,0.095,0.0778688524590164,19,269,181
2,1,3,1,5,3,3e-05,-10.0,0.0,0.0,0.0,0,56,200
2,1,3,1,5,3,3e-05,-5.0,1.0,0.0,0.0,0,0,200
2,1,3,1,5,3,3e-05,0.0,1.0,0.0,0.0,0,0,200
2,1,3,1,5,3,1e-05,-9999.0,0.025342465753424658,0.555,0.04847161572052402,111,4269,89
2,1,3,1,5,3,1e-05,-40.0,0.04334244435767278,0.555,0.08040565012676566,111,2450,89
2,1,3,1,5,3,1e-05,-35.0,0.11133400200601805,0.555,0.18546365914786966,111,886,89
2,1,3,1,5,3,1e-05,-30.0,0.140485312899106,0.55,0.22380467955239067,110,673,90
2,1,3,1,5,3,1e-05,-25.0,0.1624203821656051,0.51,0.2463768115942029,102,526,98
2,1,3,1,5,3,1e-05,-20.0,0.1532258064516129,0.38,0.21839080459770116,76,420,124
2,1,3,1,5,3,1e-05,-15.0,0.06597222222222222,0.095,0.0778688524590164,19,269,181
2,1,3,1,5,3,1e-05,-10.0,0.0,0.0,0.0,0,56,200
2,1,3,1,5,3,1e-05,-5.0,1.0,0.0,0.0,0,0,200
2,1,3,1,5,3,1e-05,0.0,1.0,0.0,0.0,0,0,200
2,1,3,2,5,2,0.01,-9999.0,0.011097831654430595,0.975,0.02194586686174104,195,17376,5
2,1,3,2,5,2,0.01,-40.0,0.04974489795918367,0.975,0.09466019417475728,195,3725,5
2,1,3,2,5,2,0.01,-35.0,0.10887772194304858,0.975,0.19588146659969863,195,1596,5
2,1,3,2,5,2,0.01,-30.0,0.15967885816235505,0.895,0.2710068130204391,179,942,21
2,1,3,2,5,2,0.01,-25.0,0.1728395061728395,0.56,0.2641509433962264,112,536,88
2,1,3,2,5,2,0.01,-20.0,0.1532258064516129,0.38,0.21839080459770116,76,420,124
2,1,3,2,5,2,0.01,-15.0,0.06597222222222222,0.095,0.0778688524590164,19,269,181
2,1,3,2,5,2,0.01,-10.0,0.0,0.0,0.0,0,56,200
2,1,3,2,5,2,0.01,-5.0,1.0,0.0,0.0,0,0,200
2,1,3,2,5,2,0.01,0.0,1.0,0.0,0.0,0,0,200
2,1,3,2,5,2,0.003,-9999.0,0.01596602972399151,0.94,0.031398747390396664,188,11587,12
2,1,3,2,5,2,0.003,-40.0,0.051535087719298246,0.94,0.09771309771309772,188,3460,12
2,1,3,2,5,2,0.003,-35.0,0.11360874848116646,0.935,0.2026002166847237,187,1459,13
2,1,3,2,5,2,0.003,-30.0,0.16014558689717925,0.88,0.27097767513471904,176,923,24
2,1,3,2,5,2,0.003,-25.0,0.1728395061728395,0.56,0.2641509433962264,112,536,88
2,1,3,2,5,2,0.003,-20.0,0.1532258064516129,0.38,0.21839080459770116,76,420,124
2,1,3,2,5,2,0.003,-15.0,0.06597222222222222,0.095,0.0778688524590164,19,269,181
2,1,3,2,5,2,0.003,-10.0,0.0,0.0,0.0,0,56,200
2,1,3,2,5,2,0.003,-5.0,1.0,0.0,0.0,0,0,200
2,1,3,2,5,2,0.003,0.0,1.0,0.0,0.0,0,0,200
2,1,3,2,5,2,0.001,-9999.0,0.01972318339100346,0.855,0.03855693348365276,171,8499,29
2,1,3,2,5,2,0.001,-40.0,0.049293744594984146,0.855,0.09321340964840556,171,3298,29
2,1,3,2,5,2,0.001,-35.0,0.11024643320363164,0.85,0.19517795637198623,170,1372,30
2,1,3,2,5,2,0.001,-30.0,0.15654648956356737,0.825,0.26315789473684215,165,889,35
2,1,3,2,5,2,0.001,-25.0,0.1728395061728395,0.56,0.2641509433962264,112,536,88
2,1,3,2,5,2,0.001,-20.0,0.1532258064516129,0.38,0.21839080459770116,76,420,124
2,1,3,2,5,2,0.001,-15.0,0.06597222222222222,0.095,0.0778688524590164,19,269,181
2,1,3,2,5,2,0.001,-10.0,0.0,0.0,0.0,0,56,200
2,1,3,2,5,2,0.001,-5.0,1.0,0.0,0.0,0,0,200
2,1,3,2,5,2,0.001,0.0,1.0,0.0,0.0,0,0,200
2,1,3,2,5,2,0.0003,-9999.0,0.023310365049113033,0.795,0.045292693348525856,159,6662,41
2,1,3,2,5,2,0.0003,-40.0,0.04895320197044335,0.795,0.09222737819025523,159,3089,41
2,1,3,2,5,2,0.0003,-35.0,0.11236749116607773,0.795,0.19690402476780186,159,1256,41
2,1,3,2,5,2,0.0003,-30.0,0.1554192229038855,0.76,0.25806451612903225,152,826,48
2,1,3,2,5,2,0.0003,-25.0,0.17156105100463678,0.555,0.26210153482880755,111,536,89
2,1,3,2,5,2,0.0003,-20.0,0.1532258064516129,0.38,0.21839080459770116,76,420,124
2,1,3,2,5,2,0.0003,-15.0,0.06597222222222222,0.095,0.0778688524590164,19,269,181
2,1,3,2,5,2,0.0003,-10.0,0.0,0.0,0.0,0,56,200
2,1,3,2,5,2,0.0003,-5.0,1.0,0.0,0.0,0,0,200
2,1,3,2,5,2,0.0003,0.0,1.0,0.0,0.0,0,0,200
2,1,3,2,5,2,0.0001,-9999.0,0.02493723849372385,0.745,0.04825910931174089,149,5826,51
2,1,3,2,5,2,0.0001,-40.0,0.04831387808041505,0.745,0.0907429963459196,149,2935,51
2,1,3,2,5,2,0.0001,-35.0,0.1142638036809816,0.745,0.19813829787234044,149,1155,51
2,1,3,2,5,2,0.0001,-30.0,0.15468409586056645,0.71,0.25402504472271914,142,776,58
2,1,3,2,5,2,0.0001,-25.0,0.17027863777089783,0.55,0.26004728132387706,110,536,90
2,1,3,2,5,2,0.0001,-20.0,0.1532258064516129,0.38,0.21839080459770116,76,420,124
2,1,3,2,5,2,0.0001,-15.0,0.06597222222222222,0.095,0.0778688524590164,19,269,181
2,1,3,2,5,2,0.0001,-10.0,0.0,0.0,0.0,0,56,200
2,1,3,2,5,2,0.0001,-5.0,1.0,0.0,0.0,0,0,200
2,1,3,2,5,2,0.0001,0.0,1.0,0.0,0.0,0,0,200
2,1,3,2,5,2,3e-05,-9999.0,0.025247802506078176,0.675,0.048674959437533805,135,5212,65
2,1,3,2,5,2,3e-05,-40.0,0.04598092643051771,0.675,0.0860969387755102,135,2801,65
2,1,3,2,5,2,3e-05,-35.0,0.11316010058675607,0.675,0.19382627422828427,135,1058,65
2,1,3,2,5,2,3e-05,-30.0,0.15330188679245282,0.65,0.2480916030534351,130,718,70
2,1,3,2,5,2,3e-05,-25.0,0.1677115987460815,0.535,0.2553699284009547,107,531,93
2,1,3,2,5,2,3e-05,-20.0,0.1532258064516129,0.38,0.21839080459770116,76,420,124
2,1,3,2,5,2,3e-05,-15.0,0.06597222222222222,0.095,0.0778688524590164,19,269,181
2,1,3,2,5,2,3e-05,-10.0,0.0,0.0,0.0,0,56,200
2,1,3,2,5,2,3e-05,-5.0,1.0,0.0,0.0,0,0,200
2,1,3,2,5,2,3e-05,0.0,1.0,0.0,0.0,0,0,200
2,1,3,2,5,2,1e-05,-9999.0,0.026938775510204082,0.66,0.05176470588235295,132,4768,68
2,1,3,2,5,2,1e-05,-40.0,0.04702529390808693,0.66,0.08779514466245426,132,2675,68
2,1,3,2,5,2,1e-05,-35.0,0.11743772241992882,0.66,0.19939577039274928,132,992,68
2,1,3,2,5,2,1e-05,-30.0,0.15601965601965603,0.635,0.2504930966469428,127,687,73
2,1,3,2,5,2,1e-05,-25.0,0.16429699842022116,0.52,0.24969987995198079,104,529,96
2,1,3,2,5,2,1e-05,-20.0,0.1532258064516129,0.38,0.21839080459770116,76,420,124
2,1,3,2,5,2,1e-05,-15.0,0.06597222222222222,0.095,0.0778688524590164,19,269,181
2,1,3,2,5,2,1e-05,-10.0,0.0,0.0,0.0,0,56,200
2,1,3,2,5,2,1e-05,-5.0,1.0,0.0,0.0,0,0,200
2,1,3,2,5,2,1e-05,0.0,1.0,0.0,0.0,0,0,200
2,1,3,2,5,3,0.01,-9999.0,0.010624387054593004,0.975,0.021019726204592002,195,18159,5
2,1,3,2,5,3,0.01,-40.0,0.0484472049689441,0.975,0.09230769230769231,195,3830,5
2,1,3,2,5,3,0.01,-35.0,0.10551948051948051,0.975,0.1904296875,195,1653,5
2,1,3,2,5,3,0.01,-30.0,0.15939447907390916,0.895,0.27059712773998484,179,944,21
2,1,3,2,5,3,0.01,-25.0,0.1728395061728395,0.56,0.2641509433962264,112,536,88
2,1,3,2,5,3,0.01,-20.0,0.1532258064516129,0.38,0.21839080459770116,76,420,124
2,1,3,2,5,3,0.01,-15.0,0.06597222222222222,0.095,0.0778688524590164,19,269,181
2,1,3,2,5,3,0.01,-10.0,0.0,0.0,0.0,0,56,200
2,1,3,2,5,3,0.01,-5.0,1.0,0.0,0.0,0,0,200
2,1,3,2,5,3,0.01,0.0,1.0,0.0,0.0,0,0,200
2,1,3,2,5,3,0.003,-9999.0,0.01518056887184404,0.95,0.02988361119849009,190,12326,10
2,1,3,2,5,3,0.003,-40.0,0.051434759068760154,0.95,0.09758602978941965,190,3504,10
2,1,3,2,5,3,0.003,-35.0,0.11282660332541568,0.95,0.2016985138004246,190,1494,10
2,1,3,2,5,3,0.003,-30.0,0.16079494128274616,0.89,0.2723794950267789,178,929,22
2,1,3,2,5,3,0.003,-25.0,0.1728395061728395,0.56,0.2641509433962264,112,536,88
2,1,3,2,5,3,0.003,-20.0,0.1532258064516129,0.38,0.21839080459770116,76,420,124
2,1,3,2,5,3,0.003,-15.0,0.06597222222222222,0.095,0.0778688524590164,19,269,181
2,1,3,2,5,3,0.003,-10.0,0.0,0.0,0.0,0,56,200
2,1,3,2,5,3,0.003,-5.0,1.0,0.0,0.0,0,0,200
2,1,3,2,5,3,0.003,0.0,1.0,0.0,0.0,0,0,200
2,1,3,2,5,3,0.001,-9999.0,0.019321034821526036,0.885,0.037816472599081295,177,8984,23
2,1,3,2,5,3,0.001,-40.0,0.050528118755352555,0.885,0.0955981636510937,177,3326,23
2,1,3,2,5,3,0.001,-35.0,0.11139081183134046,0.885,0.19787590832867524,177,1412,23
2,1,3,2,5,3,0.001,-30.0,0.15944700460829492,0.865,0.269260700389105,173,912,27
2,1,3,2,5,3,0.001,-25.0,0.1728395061728395,0.56,0.2641509433962264,112,536,88
2,1,3,2,5,3,0.001,-20.0,0.1532258064516129,0.38,0.21839080459770116,76,420,124
2,1,3,2,5,3,0.001,-15.0,0.06597222222222222,0.095,0.0778688524590164,19,269,181
2,1,3,2,5,3,0.001,-10.0,0.0,0.0,0.0,0,56,200
2,1,3,2,5,3,0.001,-5.0,1.0,0.0,0.0,0,0,200
2,1,3,2,5,3,0.001,0.0,1.0,0.0,0.0,0,0,200
2,1,3,2,5,3,0.0003,-9999.0,0.022939677145284623,0.81,0.04461580831726797,162,6900,38
2,1,3,2,5,3,0.0003,-40.0,0.04897218863361548,0.81,0.09236031927023945,162,3146,38
2,1,3,2,5,3,0.0003,-35.0,0.1091644204851752,0.81,0.19239904988123518,162,1322,38
2,1,3,2,5,3,0.0003,-30.0,0.15594541910331383,0.8,0.26101141924959215,160,866,40
2,1,3,2,5,3,0.0003,-25.0,0.1728395061728395,0.56,0.2641509433962264,112,536,88
2,1,3,2,5,3,0.0003,-20.0,0.1532258064516129,0.38,0.21839080459770116,76,420,124
2,1,3,2,5,3,0.0003,-15.0,0.06597222222222222,0.095,0.0778688524590164,19,269,181
2,1,3,2,5,3,0.0003,-10.0,0.0,0.0,0.0,0,56,200
2,1,3,2,5,3,0.0003,-5.0,1.0,0.0,0.0,0,0,200
2,1,3,2,5,3,0.0003,0.0,1.0,0.0,0.0,0,0,200
2,1,3,2,5,3,0.0001,-9999.0,0.02453580901856764,0.74,0.04749679075738126,148,5884,52
2,1,3,2,5,3,0.0001,-40.0,0.047451106123757615,0.74,0.08918348900271166,148,2971,52
2,1,3,2,5,3,0.0001,-35.0,0.10906411201179071,0.74,0.1901091843288375,148,1209,52
2,1,3,2,5,3,0.0001,-30.0,0.15457413249211358,0.735,0.2554300608166811,147,804,53
2,1,3,2,5,3,0.0001,-25.0,0.17156105100463678,0.555,0.26210153482880755,111,536,89
2,1,3,2,5,3,0.0001,-20.0,0.1532258064516129,0.38,0.21839080459770116,76,420,124
2,1,3,2,5,3,0.0001,-15.0,0.06597222222222222,0.095,0.0778688524590164,19,269,181
2,1,3,2,5,3,0.0001,-10.0,0.0,0.0,0.0,0,56,200
2,1,3,2,5,3,0.0001,-5.0,1.0,0.0,0.0,0,0,200
2,1,3,2,5,3,0.0001,0.0,1.0,0.0,0.0,0,0,200
2,1,3,2,5,3,3e-05,-9999.0,0.02335139174294788,0.625,0.04502070952638214,125,5228,75
2,1,3,2,5,3,3e-05,-40.0,0.042545949625595644,0.625,0.07966857871255577,125,2813,75
2,1,3,2,5,3,3e-05,-35.0,0.1016260162601626,0.625,0.17482517482517482,125,1105,75
2,1,3,2,5,3,3e-05,-30.0,0.14027149321266968,0.62,0.2287822878228782,124,760,76
2,1,3,2,5,3,3e-05,-25.0,0.17054263565891473,0.55,0.2603550295857988,110,535,90
2,1,3,2,5,3,3e-05,-20.0,0.1532258064516129,0.38,0.21839080459770116,76,420,124
2,1,3,2,5,3,3e-05,-15.0,0.06597222222222222,0.095,0.0778688524590164,19,269,181
2,1,3,2,5,3,3e-05,-10.0,0.0,0.0,0.0,0,56,200
2,1,3,2,5,3,3e-05,-5.0,1.0,0.0,0.0,0,0,200
2,1,3,2,5,3,3e-05,0.0,1.0,0.0,0.0,0,0,200
2,1,3,2,5,3,1e-05,-9999.0,0.02401477832512315,0.585,0.04613564668769716,117,4755,83
2,1,3,2,5,3,1e-05,-40.0,0.042360608254887765,0.585,0.07900067521944633,117,2645,83
2,1,3,2,5,3,1e-05,-35.0,0.1052158273381295,0.585,0.17835365853658536,117,995,83
2,1,3,2,5,3,1e-05,-30.0,0.13975903614457832,0.58,0.22524271844660196,116,714,84
2,1,3,2,5,3,1e-05,-25.0,0.1677115987460815,0.535,0.2553699284009547,107,531,93
2,1,3,2,5,3,1e-05,-20.0,0.1532258064516129,0.38,0.21839080459770116,76,420,124
2,1,3,2,5,3,1e-05,-15.0,0.06597222222222222,0.095,0.0778688524590164,19,269,181
2,1,3,2,5,3,1e-05,-10.0,0.0,0.0,0.0,0,56,200
2,1,3,2,5,3,1e-05,-5.0,1.0,0.0,0.0,0,0,200
2,1,3,2,5,3,1e-05,0.0,1.0,0.0,0.0,0,0,200
2,1,5,1,5,2,0.01,-9999.0,0.011464454430233898,0.995,0.022667729809773322,199,17159,1
2,1,5,1,5,2,0.01,-40.0,0.04934292090255393,0.995,0.09402315142924642,199,3834,1
2,1,5,1,5,2,0.01,-35.0,0.10687432867883996,0.995,0.1930164888457808,199,1663,1
2,1,5,1,5,2,0.01,-30.0,0.16057091882247992,0.9,0.27252081756245267,180,941,20
2,1,5,1,5,2,0.01,-25.0,0.1728395061728395,0.56,0.2641509433962264,112,536,88
2,1,5,1,5,2,0.01,-20.0,0.1532258064516129,0.38,0.21839080459770116,76,420,124
2,1,5,1,5,2,0.01,-15.0,0.06597222222222222,0.095,0.0778688524590164,19,269,181
2,1,5,1,5,2,0.01,-10.0,0.0,0.0,0.0,0,56,200
2,1,5,1,5,2,0.01,-5.0,1.0,0.0,0.0,0,0,200
2,1,5,1,5,2,0.01,0.0,1.0,0.0,0.0,0,0,200
2,1,5,1,5,2,0.003,-9999.0,0.016453852086725514,0.96,0.032353188979695004,192,11477,8
2,1,5,1,5,2,0.003,-40.0,0.05132317562149158,0.96,0.09743719868053793,192,3549,8
2,1,5,1,5,2,0.003,-35.0,0.10989643268124281,0.955,0.19711042311661509,191,1547,9
2,1,5,1,5,2,0.003,-30.0,0.16007194244604317,0.89,0.27134146341463417,178,934,22
2,1,5,1,5,2,0.003,-25.0,0.1728395061728395,0.56,0.2641509433962264,112,536,88
2,1,5,1,5,2,0.003,-20.0,0.1532258064516129,0.38,0.21839080459770116,76,420,124
2,1,5,1,5,2,0.003,-15.0,0.06597222222222222,0.095,0.0778688524590164,19,269,181
2,1,5,1,5,2,0.003,-10.0,0.0,0.0,0.0,0,56,200
2,1,5,1,5,2,0.003,-5.0,1.0,0.0,0.0,0,0,200
2,1,5,1,5,2,0.003,0.0,1.0,0.0,0.0,0,0,200
2,1,5,1,5,2,0.001,-9999.0,0.021419619459952147,0.94,0.0418848167539267,188,8589,12
2,1,5,1,5,2,0.001,-40.0,0.053182461103253184,0.94,0.10066934404283802,188,3347,12
2,1,5,1,5,2,0.001,-35.0,0.11607697082557418,0.935,0.2065157371617891,187,1424,13
2,1,5,1,5,2,0.001,-30.0,0.1614678899082569,0.88,0.2728682170542636,176,914,24
2,1,5,1,5,2,0.001,-25.0,0.1728395061728395,0.56,0.2641509433962264,112,536,88
2,1,5,1,5,2,0.001,-20.0,0.1532258064516129,0.38,0.21839080459770116,76,420,124
2,1,5,1,5,2,0.001,-15.0,0.06597222222222222,0.095,0.0778688524590164,19,269,181
2,1,5,1,5,2,0.001,-10.0,0.0,0.0,0.0,0,56,200
2,1,5,1,5,2,0.001,-5.0,1.0,0.0,0.0,0,0,200
2,1,5,1,5,2,0.001,0.0,1.0,0.0,0.0,0,0,200
2,1,5,1,5,2,0.0003,-9999.0,0.0237996402379964,0.86,0.046317490238319645,172,7055,28
2,1,5,1,5,2,0.0003,-40.0,0.050872522922212365,0.86,0.09606255235967608,172,3209,28
2,1,5,1,5,2,0.0003,-35.0,0.1145344943067649,0.855,0.20200826934435914,171,1322,29
2,1,5,1,5,2,0.0003,-30.0,0.16054158607350097,0.83,0.26904376012965964,166,868,34
2,1,5,1,5,2,0.0003,-25.0,0.1728395061728395,0.56,0.2641509433962264,112,536,88
2,1,5,1,5,2,0.0003,-20.0,0.1532258064516129,0.38,0.21839080459770116,76,420,124
2,1,5,1,5,2,0.0003,-15.0,0.06597222222222222,0.095,0.0778688524590164,19,269,181
2,1,5,1,5,2,0.0003,-10.0,0.0,0.0,0.0,0,56,200
2,1,5,1,5,2,0.0003,-5.0,1.0,0.0,0.0,0,0,200
2,1,5,1,5,2,0.0003,0.0,1.0,0.0,0.0,0,0,200
2,1,5,1,5,2,0.0001,-9999.0,0.025283481458780264,0.825,0.04906333630686887,165,6361,35
2,1,5,1,5,2,0.0001,-40.0,0.05125815470643057,0.825,0.09651945013161743,165,3054,35
2,1,5,1,5,2,0.0001,-35.0,0.11849710982658959,0.82,0.20707070707070707,164,1220,36
2,1,5,1,5,2,0.0001,-30.0,0.16202270381836945,0.785,0.2686056458511548,157,812,43
2,1,5,1,5,2,0.0001,-25.0,0.17156105100463678,0.555,0.26210153482880755,111,536,89
2,1,5,1,5,2,0.0001,-20.0,0.1532258064516129,0.38,0.21839080459770116,76,420,124
2,1,5,1,5,2,0.0001,-15.0,0.06597222222222222,0.095,0.0778688524590164,19,269,181
2,1,5,1,5,2,0.0001,-10.0,0.0,0.0,0.0,0,56,200
2,1,5,1,5,2,0.0001,-5.0,1.0,0.0,0.0,0,0,200
2,1,5,1,5,2,0.0001,0.0,1.0,0.0,0.0,0,0,200
2,1,5,1,5,2,3e-05,-9999.0,0.026049700085689804,0.76,0.05037282518641259,152,5683,48
2,1,5,1,5,2,3e-05,-40.0,0.04960835509138381,0.76,0.09313725490196077,152,2912,48
2,1,5,1,5,2,3e-05,-35.0,0.11902897415818324,0.76,0.20582261340555177,152,1125,48
2,1,5,1,5,2,3e-05,-30.0,0.15977653631284916,0.715,0.26118721461187216,143,752,57
2,1,5,1,5,2,3e-05,-25.0,0.17107309486780714,0.55,0.2609727164887307,110,533,90
2,1,5,1,5,2,3e-05,-20.0,0.1532258064516129,0.38,0.21839080459770116,76,420,124
2,1,5,1,5,2,3e-05,-15.0,0.06597222222222222,0.095,0.0778688524590164,19,269,181
2,1,5,1,5,2,3e-05,-10.0,0.0,0.0,0.0,0,56,200
2,1,5,1,5,2,3e-05,-5.0,1.0,0.0,0.0,0,0,200
2,1,5,1,5,2,3e-05,0.0,1.0,0.0,0.0,0,0,200
2,1,5,1,5,2,1e-05,-9999.0,0.02647390161472024,0.705,0.051031487513572206,141,5185,59
2,1,5,1,5,2,1e-05,-40.0,0.047715736040609136,0.705,0.08938193343898572,141,2814,59
2,1,5,1,5,2,1e-05,-35.0,0.1175,0.705,0.2014285714285714,141,1059,59
2,1,5,1,5,2,1e-05,-30.0,0.16037735849056603,0.68,0.2595419847328244,136,712,64
2,1,5,1,5,2,1e-05,-25.0,0.1703125,0.545,0.25952380952380955,109,531,91
2,1,5,1,5,2,1e-05,-20.0,0.1532258064516129,0.38,0.21839080459770116,76,420,124
2,1,5,1,5,2,1e-05,-15.0,0.06597222222222222,0.095,0.0778688524590164,19,269,181
2,1,5,1,5,2,1e-05,-10.0,0.0,0.0,0.0,0,56,200
2,1,5,1,5,2,1e-05,-5.0,1.0,0.0,0.0,0,0,200
2,1,5,1,5,2,1e-05,0.0,1.0,0.0,0.0,0,0,200
2,1,5,1,5,3,0.01,-9999.0,0.011022927689594356,1.0,0.021805494984736152,200,17944,0
2,1,5,1,5,3,0.01,-40.0,0.048828125,1.0,0.0931098696461825,200,3896,0
2,1,5,1,5,3,0.01,-35.0,0.10517970401691332,0.995,0.19024856596558318,199,1693,1
2,1,5,1,5,3,0.01,-30.0,0.16,0.9,0.27169811320754716,180,945,20
2,1,5,1,5,3,0.01,-25.0,0.1728395061728395,0.56,0.2641509433962264,112,536,88
2,1,5,1,5,3,0.01,-20.0,0.1532258064516129,0.38,0.21839080459770116,76,420,124
2,1,5,1,5,3,0.01,-15.0,0.06597222222222222,0.095,0.0778688524590164,19,269,181
2,1,5,1,5,3,0.01,-10.0,0.0,0.0,0.0,0,56,200
2,1,5,1,5,3,0.01,-5.0,1.0,0.0,0.0,0,0,200
2,1,5,1,5,3,0.01,0.0,1.0,0.0,0.0,0,0,200
2,1,5,1,5,3,0.003,-9999.0,0.01563376894091237,0.975,0.030774086640890083,195,12278,5
2,1,5,1,5,3,0.003,-40.0,0.050518134715025906,0.975,0.0960591133004926,195,3665,5
2,1,5,1,5,3,0.003,-35.0,0.10851419031719532,0.975,0.19529293940911369,195,1602,5
2,1,5,1,5,3,0.003,-30.0,0.16010733452593917,0.895,0.27162367223065254,179,939,21
2,1,5,1,5,3,0.003,-25.0,0.1728395061728395,0.56,0.2641509433962264,112,536,88
2,1,5,1,5,3,0.003,-20.0,0.1532258064516129,0.38,0.21839080459770116,76,420,124
2,1,5,1,5,3,0.003,-15.0,0.06597222222222222,0.095,0.0778688524590164,19,269,181
2,1,5,1,5,3,0.003,-10.0,0.0,0.0,0.0,0,56,200
2,1,5,1,5,3,0.003,-5.0,1.0,0.0,0.0,0,0,200
2,1,5,1,5,3,0.003,0.0,1.0,0.0,0.0,0,0,200
2,1,5,1,5,3,0.001,-9999.0,0.020494013590766906,0.95,0.040122479146869394,190,9081,10
2,1,5,1,5,3,0.001,-40.0,0.0531766022949902,0.95,0.10071561091969256,190,3383,10
2,1,5,1,5,3,0.001,-35.0,0.11432009626955475,0.95,0.20408163265306123,190,1472,10
2,1,5,1,5,3,0.001,-30.0,0.161231884057971,0.89,0.27300613496932513,178,926,22
2,1,5,1,5,3,0.001,-25.0,0.1728395061728395,0.56,0.2641509433962264,112,536,88
2,1,5,1,5,3,0.001,-20.0,0.1532258064516129,0.38,0.21839080459770116,76,420,124
2,1,5,1,5,3,0.001,-15.0,0.06597222222222222,0.095,0.0778688524590164,19,269,181
2,1,5,1,5,3,0.001,-10.0,0.0,0.0,0.0,0,56,200
2,1,5,1,5,3,0.001,-5.0,1.0,0.0,0.0,0,0,200
2,1,5,1,5,3,0.001,0.0,1.0,0.0,0.0,0,0,200
2,1,5,1,5,3,0.0003,-9999.0,0.024360370168753403,0.895,0.047429782723900374,179,7169,21
2,1,5,1,5,3,0.0003,-40.0,0.05255431591309454,0.895,0.09927897947864671,179,3227,21
2,1,5,1,5,3,0.0003,-35.0,0.11548387096774193,0.895,0.20457142857142857,179,1371,21
2,1,5,1,5,3,0.0003,-30.0,0.16246498599439776,0.87,0.2738001573564123,174,897,26
2,1,5,1,5,3,0.0003,-25.0,0.1728395061728395,0.56,0.2641509433962264,112,536,88
2,1,5,1,5,3,0.0003,-20.0,0.1532258064516129,0.38,0.21839080459770116,76,420,124
2,1,5,1,5,3,0.0003,-15.0,0.06597222222222222,0.095,0.0778688524590164,19,269,181
2,1,5,1,5,3,0.0003,-10.0,0.0,0.0,0.0,0,56,200
2,1,5,1,5,3,0.0003,-5.0,1.0,0.0,0.0,0,0,200
2,1,5,1,5,3,0.0003,0.0,1.0,0.0,0.0,0,0,200
2,1,5,1,5,3,0.0001,-9999.0,0.025157232704402517,0.82,0.04881678821253163,164,6355,36
2,1,5,1,5,3,0.0001,-40.0,0.05030674846625767,0.82,0.09479768786127167,164,3096,36
2,1,5,1,5,3,0.0001,-35.0,0.11294765840220386,0.82,0.19854721549636806,164,1288,36
2,1,5,1,5,3,0.0001,-30.0,0.15913555992141454,0.81,0.2660098522167487,162,856,38
2,1,5,1,5,3,0.0001,-25.0,0.17156105100463678,0.555,0.26210153482880755,111,536,89
2,1,5,1,5,3,0.0001,-20.0,0.1532258064516129,0.38,0.21839080459770116,76,420,124
2,1,5,1,5,3,0.0001,-15.0,0.06597222222222222,0.095,0.0778688524590164,19,269,181
2,1,5,1,5,3,0.0001,-10.0,0.0,0.0,0.0,0,56,200
2,1,5,1,5,3,0.0001,-5.0,1.0,0.0,0.0,0,0,200
2,1,5,1,5,3,0.0001,0.0,1.0,0.0,0.0,0,0,200
2,1,5,1,5,3,3e-05,-9999.0,0.025894378194207836,0.76,0.050082372322899506,152,5718,48
2,1,5,1,5,3,3e-05,-40.0,0.0489060489060489,0.76,0.09189842805320435,152,2956,48
2,1,5,1,5,3,3e-05,-35.0,0.11360239162929746,0.76,0.19765929778933683,152,1186,48
2,1,5,1,5,3,3e-05,-30.0,0.15995762711864406,0.755,0.26398601398601396,151,793,49
2,1,5,1,5,3,3e-05,-25.0,0.17156105100463678,0.555,0.26210153482880755,111,536,89
2,1,5,1,5,3,3e-05,-20.0,0.1532258064516129,0.38,0.21839080459770116,76,420,124
2,1,5,1,5,3,3e-05,-15.0,0.06597222222222222,0.095,0.0778688524590164,19,269,181
2,1,5,1,5,3,3e-05,-10.0,0.0,0.0,0.0,0,56,200
2,1,5,1,5,3,3e-05,-5.0,1.0,0.0,0.0,0,0,200
2,1,5,1,5,3,3e-05,0.0,1.0,0.0,0.0,0,0,200
2,1,5,1,5,3,1e-05,-9999.0,0.02564582553350805,0.685,0.04944063514976543,137,5205,63
2,1,5,1,5,3,1e-05,-40.0,0.0462525320729237,0.685,0.08665401644528781,137,2825,63
2,1,5,1,5,3,1e-05,-35.0,0.11084142394822007,0.685,0.19080779944289694,137,1099,63
2,1,5,1,5,3,1e-05,-30.0,0.15384615384615385,0.68,0.25092250922509224,136,748,64
2,1,5,1,5,3,1e-05,-25.0,0.17107309486780714,0.55,0.2609727164887307,110,533,90
2,1,5,1,5,3,1e-05,-20.0,0.1532258064516129,0.38,0.21839080459770116,76,420,124
2,1,5,1,5,3,1e-05,-15.0,0.06597222222222222,0.095,0.0778688524590164,19,269,181
2,1,5,1,5,3,1e-05,-10.0,0.0,0.0,0.0,0,56,200
2,1,5,1,5,3,1e-05,-5.0,1.0,0.0,0.0,0,0,200
2,1,5,1,5,3,1e-05,0.0,1.0,0.0,0.0,0,0,200
2,1,5,2,5,2,0.01,-9999.0,0.011166945840312675,1.0,0.022087244616234125,200,17710,0
2,1,5,2,5,2,0.01,-40.0,0.04748338081671415,1.0,0.09066183136899367,200,4012,0
2,1,5,2,5,2,0.01,-35.0,0.10337662337662337,0.995,0.18729411764705878,199,1726,1
2,1,5,2,5,2,0.01,-30.0,0.1601423487544484,0.9,0.2719033232628399,180,944,20
2,1,5,2,5,2,0.01,-25.0,0.1728395061728395,0.56,0.2641509433962264,112,536,88
2,1,5,2,5,2,0.01,-20.0,0.1532258064516129,0.38,0.21839080459770116,76,420,124
2,1,5,2,5,2,0.01,-15.0,0.06597222222222222,0.095,0.0778688524590164,19,269,181
2,1,5,2,5,2,0.01,-10.0,0.0,0.0,0.0,0,56,200
2,1,5,2,5,2,0.01,-5.0,1.0,0.0,0.0,0,0,200
2,1,5,2,5,2,0.01,0.0,1.0,0.0,0.0,0,0,200
2,1,5,2,5,2,0.003,-9999.0,0.016111796136457048,0.98,0.03170238576627578,196,11969,4
2,1,5,2,5,2,0.003,-40.0,0.050659085034892734,0.98,0.09633816662570656,196,3673,4
2,1,5,2,5,2,0.003,-35.0,0.10822749861954721,0.98,0.1949278965688712,196,1615,4
2,1,5,2,5,2,0.003,-30.0,0.15967885816235505,0.895,0.2710068130204391,179,942,21
2,1,5,2,5,2,0.003,-25.0,0.1728395061728395,0.56,0.2641509433962264,112,536,88
2,1,5,2,5,2,0.003,-20.0,0.1532258064516129,0.38,0.21839080459770116,76,420,124
2,1,5,2,5,2,0.003,-15.0,0.06597222222222222,0.095,0.0778688524590164,19,269,181
2,1,5,2,5,2,0.003,-10.0,0.0,0.0,0.0,0,56,200
2,1,5,2,5,2,0.003,-5.0,1.0,0.0,0.0,0,0,200
2,1,5,2,5,2,0.003,0.0,1.0,0.0,0.0,0,0,200
2,1,5,2,5,2,0.001,-9999.0,0.020660712364145056,0.96,0.04045085852733594,192,9101,8
2,1,5,2,5,2,0.001,-40.0,0.05243036592026215,0.96,0.09943034697048163,192,3470,8
2,1,5,2,5,2,0.001,-35.0,0.1124190700412007,0.955,0.20115850447604,191,1508,9
2,1,5,2,5,2,0.001,-30.0,0.16050495942290352,0.89,0.27196333078686025,178,931,22
2,1,5,2,5,2,0.001,-25.0,0.1728395061728395,0.56,0.2641509433962264,112,536,88
2,1,5,2,5,2,0.001,-20.0,0.1532258064516129,0.38,0.21839080459770116,76,420,124
2,1,5,2,5,2,0.001,-15.0,0.06597222222222222,0.095,0.0778688524590164,19,269,181
2,1,5,2,5,2,0.001,-10.0,0.0,0.0,0.0,0,56,200
2,1,5,2,5,2,0.001,-5.0,1.0,0.0,0.0,0,0,200
2,1,5,2,5,2,0.001,0.0,1.0,0.0,0.0,0,0,200
2,1,5,2,5,2,0.0003,-9999.0,0.023803329864724245,0.915,0.04639959432048681,183,7505,17
2,1,5,2,5,2,0.0003,-40.0,0.052032982655672445,0.915,0.09846650524616626,183,3334,17
2,1,5,2,5,2,0.0003,-35.0,0.11353711790393013,0.91,0.20188574597892403,182,1421,18
2,1,5,2,5,2,0.0003,-30.0,0.16069788797061524,0.875,0.2715283165244376,175,914,25
2,1,5,2,5,2,0.0003,-25.0,0.1728395061728395,0.56,0.2641509433962264,112,536,88
2,1,5,2,5,2,0.0003,-20.0,0.1532258064516129,0.38,0.21839080459770116,76,420,124
2,1,5,2,5,2,0.0003,-15.0,0.06597222222222222,0.095,0.0778688524590164,19,269,181
2,1,5,2,5,2,0.0003,-10.0,0.0,0.0,0.0,0,56,200
2,1,5,2,5,2,0.0003,-5.0,1.0,0.0,0.0,0,0,200
2,1,5,2,5,2,0.0003,0.0,1.0,0.0,0.0,0,0,200
2,1,5,2,5,2,0.0001,-9999.0,0.024358790657687347,0.85,0.04736035659562613,170,6809,30
2,1,5,2,5,2,0.0001,-40.0,0.050029429075927015,0.85,0.09449694274596998,170,3228,30
2,1,5,2,5,2,0.0001,-35.0,0.1114040870138431,0.845,0.1968549796156086,169,1348,31
2,1,5,2,5,2,0.0001,-30.0,0.15723873441994246,0.82,0.2638777152051488,164,879,36
2,1,5,2,5,2,0.0001,-25.0,0.1728395061728395,0.56,0.2641509433962264,112,536,88
2,1,5,2,5,2,0.0001,-20.0,0.1532258064516129,0.38,0.21839080459770116,76,420,124
2,1,5,2,5,2,0.0001,-15.0,0.06597222222222222,0.095,0.0778688524590164,19,269,181
2,1,5,2,5,2,0.0001,-10.0,0.0,0.0,0.0,0,56,200
2,1,5,2,5,2,0.0001,-5.0,1.0,0.0,0.0,0,0,200
2,1,5,2,5,2,0.0001,0.0,1.0,0.0,0.0,0,0,200
2,1,5,2,5,2,3e-05,-9999.0,0.025926515031016385,0.815,0.0502543548635733,163,6124,37
2,1,5,2,5,2,3e-05,-40.0,0.05026210299105766,0.815,0.09468486784780715,163,3080,37
2,1,5,2,5,2,3e-05,-35.0,0.11519434628975266,0.815,0.20185758513931887,163,1252,37
2,1,5,2,5,2,3e-05,-30.0,0.15853658536585366,0.78,0.26351351351351354,156,828,44
2,1,5,2,5,2,3e-05,-25.0,0.17156105100463678,0.555,0.26210153482880755,111,536,89
2,1,5,2,5,2,3e-05,-20.0,0.1532258064516129,0.38,0.21839080459770116,76,420,124
2,1,5,2,5,2,3e-05,-15.0,0.06597222222222222,0.095,0.0778688524590164,19,269,181
2,1,5,2,5,2,3e-05,-10.0,0.0,0.0,0.0,0,56,200
2,1,5,2,5,2,3e-05,-5.0,1.0,0.0,0.0,0,0,200
2,1,5,2,5,2,3e-05,0.0,1.0,0.0,0.0,0,0,200
2,1,5,2,5,2,1e-05,-9999.0,0.02701289647960962,0.775,0.05220613001010442,155,5583,45
2,1,5,2,5,2,1e-05,-40.0,0.04990341274951706,0.775,0.09376890502117362,155,2951,45
2,1,5,2,5,2,1e-05,-35.0,0.11769172361427487,0.775,0.2043506921555702,155,1162,45
2,1,5,2,5,2,1e-05,-30.0,0.15675675675675677,0.725,0.2577777777777778,145,780,55
2,1,5,2,5,2,1e-05,-25.0,0.17027863777089783,0.55,0.26004728132387706,110,536,90
2,1,5,2,5,2,1e-05,-20.0,0.1532258064516129,0.38,0.21839080459770116,76,420,124
2,1,5,2,5,2,1e-05,-15.0,0.06597222222222222,0.095,0.0778688524590164,19,269,181
2,1,5,2,5,2,1e-05,-10.0,0.0,0.0,0.0,0,56,200
2,1,5,2,5,2,1e-05,-5.0,1.0,0.0,0.0,0,0,200
2,1,5,2,5,2,1e-05,0.0,1.0,0.0,0.0,0,0,200
2,1,5,2,5,3,0.01,-9999.0,0.010752688172043012,1.0,0.021276595744680854,200,18400,0
2,1,5,2,5,3,0.01,-40.0,0.046739892498247254,1.0,0.08930564858227284,200,4079,0
2,1,5,2,5,3,0.01,-35.0,0.10220852593733949,0.995,0.18537494177922684,199,1748,1
2,1,5,2,5,3,0.01,-30.0,0.15985790408525755,0.9,0.2714932126696833,180,946,20
2,1,5,2,5,3,0.01,-25.0,0.1728395061728395,0.56,0.2641509433962264,112,536,88
2,1,5,2,5,3,0.01,-20.0,0.1532258064516129,0.38,0.21839080459770116,76,420,124
2,1,5,2,5,3,0.01,-15.0,0.06597222222222222,0.095,0.0778688524590164,19,269,181
2,1,5,2,5,3,0.01,-10.0,0.0,0.0,0.0,0,56,200
2,1,5,2,5,3,0.01,-5.0,1.0,0.0,0.0,0,0,200
2,1,5,2,5,3,0.01,0.0,1.0,0.0,0.0,0,0,200
2,1,5,2,5,3,0.003,-9999.0,0.015394184419219406,0.99,0.03031694993109784,198,12664,2
2,1,5,2,5,3,0.003,-40.0,0.049899193548387094,0.99,0.09500959692898274,198,3770,2
2,1,5,2,5,3,0.003,-35.0,0.10650887573964497,0.99,0.19232637202525496,198,1661,2
2,1,5,2,5,3,0.003,-30.0,0.16028495102404275,0.9,0.27210884353741494,180,943,20
2,1,5,2,5,3,0.003,-25.0,0.1728395061728395,0.56,0.2641509433962264,112,536,88
2,1,5,2,5,3,0.003,-20.0,0.1532258064516129,0.38,0.21839080459770116,76,420,124
2,1,5,2,5,3,0.003,-15.0,0.06597222222222222,0.095,0.0778688524590164,19,269,181
2,1,5,2,5,3,0.003,-10.0,0.0,0.0,0.0,0,56,200
2,1,5,2,5,3,0.003,-5.0,1.0,0.0,0.0,0,0,200
2,1,5,2,5,3,0.003,0.0,1.0,0.0,0.0,0,0,200
2,1,5,2,5,3,0.001,-9999.0,0.019654007574982087,0.96,0.03851941017153176,192,9577,8
2,1,5,2,5,3,0.001,-40.0,0.05121365697519339,0.96,0.09723980754621424,192,3557,8
2,1,5,2,5,3,0.001,-35.0,0.10896708286038592,0.96,0.19571865443425077,192,1570,8
2,1,5,2,5,3,0.001,-30.0,0.1592128801431127,0.89,0.2701062215477997,178,940,22
2,1,5,2,5,3,0.001,-25.0,0.1728395061728395,0.56,0.2641509433962264,112,536,88
2,1,5,2,5,3,0.001,-20.0,0.1532258064516129,0.38,0.21839080459770116,76,420,124
2,1,5,2,5,3,0.001,-15.0,0.06597222222222222,0.095,0.0778688524590164,19,269,181
2,1,5,2,5,3,0.001,-10.0,0.0,0.0,0.0,0,56,200
2,1,5,2,5,3,0.001,-5.0,1.0,0.0,0.0,0,0,200
2,1,5,2,5,3,0.001,0.0,1.0,0.0,0.0,0,0,200
2,1,5,2,5,3,0.0003,-9999.0,0.024102564102564103,0.94,0.04700000000000001,188,7612,12
2,1,5,2,5,3,0.0003,-40.0,0.05313736574335783,0.94,0.10058855002675228,188,3350,12
2,1,5,2,5,3,0.0003,-35.0,0.11407766990291263,0.94,0.20346320346320346,188,1460,12
2,1,5,2,5,3,0.0003,-30.0,0.16061705989110708,0.885,0.271889400921659,177,925,23
2,1,5,2,5,3,0.0003,-25.0,0.1728395061728395,0.56,0.2641509433962264,112,536,88
2,1,5,2,5,3,0.0003,-20.0,0.1532258064516129,0.38,0.21839080459770116,76,420,124
2,1,5,2,5,3,0.0003,-15.0,0.06597222222222222,0.095,0.0778688524590164,19,269,181
2,1,5,2,5,3,0.0003,-10.0,0.0,0.0,0.0,0,56,200
2,1,5,2,5,3,0.0003,-5.0,1.0,0.0,0.0,0,0,200
2,1,5,2,5,3,0.0003,0.0,1.0,0.0,0.0,0,0,200
2,1,5,2,5,3,0.0001,-9999.0,0.02527646129541864,0.88,0.04914142119223789,176,6787,24
2,1,5,2,5,3,0.0001,-40.0,0.05143191116306254,0.88,0.09718387631143016,176,3246,24
2,1,5,2,5,3,0.0001,-35.0,0.11267605633802817,0.88,0.19977298524404086,176,1386,24
2,1,5,2,5,3,0.0001,-30.0,0.1601489757914339,0.86,0.2700156985871271,172,902,28
2,1,5,2,5,3,0.0001,-25.0,0.1728395061728395,0.56,0.2641509433962264,112,536,88
2,1,5,2,5,3,0.0001,-20.0,0.1532258064516129,0.38,0.21839080459770116,76,420,124
2,1,5,2,5,3,0.0001,-15.0,0.06597222222222222,0.095,0.0778688524590164,19,269,181
2,1,5,2,5,3,0.0001,-10.0,0.0,0.0,0.0,0,56,200
2,1,5,2,5,3,0.0001,-5.0,1.0,0.0,0.0,0,0,200
2,1,5,2,5,3,0.0001,0.0,1.0,0.0,0.0,0,0,200
2,1,5,2,5,3,3e-05,-9999.0,0.025750394944707742,0.815,0.04992343032159265,163,6167,37
2,1,5,2,5,3,3e-05,-40.0,0.04951397326852977,0.815,0.09335624284077892,163,3129,37
2,1,5,2,5,3,3e-05,-35.0,0.11020960108181203,0.815,0.19416319237641455,163,1316,37
2,1,5,2,5,3,3e-05,-30.0,0.15692007797270954,0.805,0.2626427406199021,161,865,39
2,1,5,2,5,3,3e-05,-25.0,0.1728395061728395,0.56,0.2641509433962264,112,536,88
2,1,5,2,5,3,3e-05,-20.0,0.1532258064516129,0.38,0.21839080459770116,76,420,124
2,1,5,2,5,3,3e-05,-15.0,0.06597222222222222,0.095,0.0778688524590164,19,269,181
2,1,5,2,5,3,3e-05,-10.0,0.0,0.0,0.0,0,56,200
2,1,5,2,5,3,3e-05,-5.0,1.0,0.0,0.0,0,0,200
2,1,5,2,5,3,3e-05,0.0,1.0,0.0,0.0,0,0,200
2,1,5,2,5,3,1e-05,-9999.0,0.026374762971901396,0.765,0.050991501416430586,153,5648,47
2,1,5,2,5,3,1e-05,-40.0,0.04844838505383154,0.765,0.09112567004169149,153,3005,47
2,1,5,2,5,3,1e-05,-35.0,0.110310021629416,0.765,0.1928166351606805,153,1234,47
2,1,5,2,5,3,1e-05,-30.0,0.15621788283658788,0.76,0.2591645353793691,152,821,48
2,1,5,2,5,3,1e-05,-25.0,0.17156105100463678,0.555,0.26210153482880755,111,536,89
2,1,5,2,5,3,1e-05,-20.0,0.1532258064516129,0.38,0.21839080459770116,76,420,124
2,1,5,2,5,3,1e-05,-15.0,0.06597222222222222,0.095,0.0778688524590164,19,269,181
2,1,5,2,5,3,1e-05,-10.0,0.0,0.0,0.0,0,56,200
2,1,5,2,5,3,1e-05,-5.0,1.0,0.0,0.0,0,0,200
2,1,5,2,5,3,1e-05,0.0,1.0,0.0,0.0,0,0,200
3,1,1,1,5,2,0.01,-9999.0,0.009456853107696136,0.76,0.018681251152215323,152,15921,48
3,1,1,1,5,2,0.01,-40.0,0.04139433551198257,0.76,0.07851239669421489,152,3520,48
3,1,1,1,5,2,0.01,-35.0,0.10570236439499305,0.76,0.1855921855921856,152,1286,48
3,1,1,1,5,2,0.01,-30.0,0.15311510031678988,0.725,0.2528334786399303,145,802,55
3,1,1,1,5,2,0.01,-25.0,0.17027863777089783,0.55,0.26004728132387706,110,536,90
3,1,1,1,5,2,0.01,-20.0,0.1532258064516129,0.38,0.21839080459770116,76,420,124
3,1,1,1,5,2,0.01,-15.0,0.06597222222222222,0.095,0.0778688524590164,19,269,181
3,1,1,1,5,2,0.01,-10.0,0.0,0.0,0.0,0,56,200
3,1,1,1,5,2,0.01,-5.0,1.0,0.0,0.0,0,0,200
3,1,1,1,5,2,0.01,0.0,1.0,0.0,0.0,0,0,200
3,1,1,1,5,2,0.003,-9999.0,0.01231595518103528,0.665,0.024184016728793528,133,10666,67
3,1,1,1,5,2,0.003,-40.0,0.03991596638655462,0.665,0.0753114382785957,133,3199,67
3,1,1,1,5,2,0.003,-35.0,0.10699919549477072,0.665,0.18433818433818436,133,1110,67
3,1,1,1,5,2,0.003,-30.0,0.15256257449344457,0.64,0.24639076034648702,128,711,72
3,1,1,1,5,2,0.003,-25.0,0.1650943396226415,0.525,0.2511961722488038,105,531,95
3,1,1,1,5,2,0.003,-20.0,0.1532258064516129,0.38,0.21839080459770116,76,420,124
3,1,1,1,5,2,0.003,-15.0,0.06597222222222222,0.095,0.0778688524590164,19,269,181
3,1,1,1,5,2,0.003,-10.0,0.0,0.0,0.0,0,56,200
3,1,1,1,5,2,0.003,-5.0,1.0,0.0,0.0,0,0,200
3,1,1,1,5,2,0.003,0.0,1.0,0.0,0.0,0,0,200
3,1,1,1,5,2,0.001,-9999.0,0.01652559451833938,0.615,0.03218631427449955,123,7320,77
3,1,1,1,5,2,0.001,-40.0,0.04215215901302262,0.615,0.07889672867222579,123,2795,77
3,1,1,1,5,2,0.001,-35.0,0.1111111111111111,0.615,0.18821729150726854,123,984,77
3,1,1,1,5,2,0.001,-30.0,0.1556122448979592,0.61,0.24796747967479674,122,662,78
3,1,1,1,5,2,0.001,-25.0,0.16293929712460065,0.51,0.2469733656174334,102,524,98
3,1,1,1,5,2,0.001,-20.0,0.1532258064516129,0.38,0.21839080459770116,76,420,124
3,1,1,1,5,2,0.001,-15.0,0.06597222222222222,0.095,0.0778688524590164,19,269,181
3,1,1,1,5,2,0.001,-10.0,0.0,0.0,0.0,0,56,200
3,1,1,1,5,2,0.001,-5.0,1.0,0.0,0.0,0,0,200
3,1,1,1,5,2,0.001,0.0,1.0,0.0,0.0,0,0,200
3,1,1,1,5,2,0.0003,-9999.0,0.02198890649762282,0.555,0.04230182926829268,111,4937,89
3,1,1,1,5,2,0.0003,-40.0,0.04307334109429569,0.555,0.07994238386748288,111,2466,89
3,1,1,1,5,2,0.0003,-35.0,0.11708860759493671,0.555,0.19337979094076657,111,837,89
3,1,1,1,5,2,0.0003,-30.0,0.14945652173913043,0.55,0.23504273504273507,110,626,90
3,1,1,1,5,2,0.0003,-25.0,0.16071428571428573,0.495,0.24264705882352944,99,517,101
3,1,1,1,5,2,0.0003,-20.0,0.15182186234817813,0.375,0.21613832853025933,75,419,125
3,1,1,1,5,2,0.0003,-15.0,0.06597222222222222,0.095,0.0778688524590164,19,269,181
3,1,1,1,5,2,0.0003,-10.0,0.0,0.0,0.0,0,56,200
3,1,1,1,5,2,0.0003,-5.0,1.0,0.0,0.0,0,0,200
3,1,1,1,5,2,0.0003,0.0,1.0,0.0,0.0,0,0,200
3,1,1,1,5,2,0.0001,-9999.0,0.026857887874837026,0.515,0.05105328376703841,103,3732,97
3,1,1,1,5,2,0.0001,-40.0,0.04466608846487424,0.515,0.08220271348762968,103,2203,97
3,1,1,1,5,2,0.0001,-35.0,0.1271604938271605,0.515,0.20396039603960395,103,707,97
3,1,1,1,5,2,0.0001,-30.0,0.14739884393063585,0.51,0.22869955156950675,102,590,98
3,1,1,1,5,2,0.0001,-25.0,0.15485996705107083,0.47,0.2329615861214374,94,513,106
3,1,1,1,5,2,0.0001,-20.0,0.14754098360655737,0.36,0.20930232558139533,72,416,128
3,1,1,1,5,2,0.0001,-15.0,0.06597222222222222,0.095,0.0778688524590164,19,269,181
3,1,1,1,5,2,0.0001,-10.0,0.0,0.0,0.0,0,56,200
3,1,1,1,5,2,0.0001,-5.0,1.0,0.0,0.0,0,0,200
3,1,1,1,5,2,0.0001,0.0,1.0,0.0,0.0,0,0,200
3,1,1,1,5,2,3e-05,-9999.0,0.030697674418604652,0.495,0.0578102189781022,99,3126,101
3,1,1,1,5,2,3e-05,-40.0,0.04632662611137108,0.495,0.0847240051347882,99,2038,101
3,1,1,1,5,2,3e-05,-35.0,0.1346938775510204,0.495,0.21176470588235297,99,636,101
3,1,1,1,5,2,3e-05,-30.0,0.15123456790123457,0.49,0.23113207547169812,98,550,102
3,1,1,1,5,2,3e-05,-25.0,0.15604026845637584,0.465,0.23366834170854275,93,503,107
3,1,1,1,5,2,3e-05,-20.0,0.14814814814814814,0.36,0.2099125364431487,72,414,128
3,1,1,1,5,2,3e-05,-15.0,0.06597222222222222,0.095,0.0778688524590164,19,269,181
3,1,1,1,5,2,3e-05,-10.0,0.0,0.0,0.0,0,56,200
3,1,1,1,5,2,3e-05,-5.0,1.0,0.0,0.0,0,0,200
3,1,1,1,5,2,3e-05,0.0,1.0,0.0,0.0,0,0,200
3,1,1,1,5,2,1e-05,-9999.0,0.03277545327754533,0.47,0.06127770534550197,94,2774,106
3,1,1,1,5,2,1e-05,-40.0,0.04639684106614018,0.47,0.08445642407906559,94,1932,106
3,1,1,1,5,2,1e-05,-35.0,0.13722627737226278,0.47,0.21242937853107344,94,591,106
3,1,1,1,5,2,1e-05,-30.0,0.15309446254071662,0.47,0.23095823095823095,94,520,106
3,1,1,1,5,2,1e-05,-25.0,0.15292096219931273,0.445,0.2276214833759591,89,493,111
3,1,1,1,5,2,1e-05,-20.0,0.1419624217118998,0.34,0.20029455081001474,68,411,132
3,1,1,1,5,2,1e-05,-15.0,0.06597222222222222,0.095,0.0778688524590164,19,269,181
3,1,1,1,5,2,1e-05,-10.0,0.0,0.0,0.0,0,56,200
3,1,1,1,5,2,1e-05,-5.0,1.0,0.0,0.0,0,0,200
3,1,1,1,5,2,1e-05,0.0,1.0,0.0,0.0,0,0,200
3,1,1,1,5,3,0.01,-9999.0,0.00909912624284423,0.755,0.017981542125632625,151,16444,49
3,1,1,1,5,3,0.01,-40.0,0.040700808625336926,0.755,0.07723785166240409,151,3559,49
3,1,1,1,5,3,0.01,-35.0,0.10141034251175285,0.755,0.17880402605091772,151,1338,49
3,1,1,1,5,3,0.01,-30.0,0.1523517382413088,0.745,0.2529711375212224,149,829,51
3,1,1,1,5,3,0.01,-25.0,0.17156105100463678,0.555,0.26210153482880755,111,536,89
3,1,1,1,5,3,0.01,-20.0,0.1532258064516129,0.38,0.21839080459770116,76,420,124
3,1,1,1,5,3,0.01,-15.0,0.06597222222222222,0.095,0.0778688524590164,19,269,181
3,1,1,1,5,3,0.01,-10.0,0.0,0.0,0.0,0,56,200
3,1,1,1,5,3,0.01,-5.0,1.0,0.0,0.0,0,0,200
3,1,1,1,5,3,0.01,0.0,1.0,0.0,0.0,0,0,200
3,1,1,1,5,3,0.003,-9999.0,0.010251954821894005,0.59,0.020153714773697696,118,11392,82
3,1,1,1,5,3,0.003,-40.0,0.0354035403540354,0.59,0.06679875459949051,118,3215,82
3,1,1,1,5,3,0.003,-35.0,0.09493161705551086,0.59,0.1635481635481635,118,1125,82
3,1,1,1,5,3,0.003,-30.0,0.1357308584686775,0.585,0.22033898305084745,117,745,83
3,1,1,1,5,3,0.003,-25.0,0.1669266770670827,0.535,0.25445897740784784,107,534,93
3,1,1,1,5,3,0.003,-20.0,0.1532258064516129,0.38,0.21839080459770116,76,420,124
3,1,1,1,5,3,0.003,-15.0,0.06597222222222222,0.095,0.0778688524590164,19,269,181
3,1,1,1,5,3,0.003,-10.0,0.0,0.0,0.0,0,56,200
3,1,1,1,5,3,0.003,-5.0,1.0,0.0,0.0,0,0,200
3,1,1,1,5,3,0.003,0.0,1.0,0.0,0.0,0,0,200
3,1,1,1,5,3,0.001,-9999.0,0.014004213657206593,0.565,0.02733099528358931,113,7956,87
3,1,1,1,5,3,0.001,-40.0,0.03840924541128484,0.565,0.07192870782940802,113,2829,87
3,1,1,1,5,3,0.001,-35.0,0.10414746543778802,0.565,0.17587548638132294,113,972,87
3,1,1,1,5,3,0.001,-30.0,0.14017521902377972,0.56,0.22422422422422422,112,687,88
3,1,1,1,5,3,0.001,-25.0,0.1648177496038035,0.52,0.2503008423586041,104,527,96
3,1,1,1,5,3,0.001,-20.0,0.1532258064516129,0.38,0.21839080459770116,76,420,124
3,1,1,1,5,3,0.001,-15.0,0.06597222222222222,0.095,0.0778688524590164,19,269,181
3,1,1,1,5,3,0.001,-10.0,0.0,0.0,0.0,0,56,200
3,1,1,1,5,3,0.001,-5.0,1.0,0.0,0.0,0,0,200
3,1,1,1,5,3,0.001,0.0,1.0,0.0,0.0,0,0,200
3,1,1,1,5,3,0.0003,-9999.0,0.018888289260658393,0.525,0.03646466400416739,105,5454,95
3,1,1,1,5,3,0.0003,-40.0,0.04054054054054054,0.525,0.07526881720430108,105,2485,95
3,1,1,1,5,3,0.0003,-35.0,0.11146496815286625,0.525,0.18388791593695272,105,837,95
3,1,1,1,5,3,0.0003,-30.0,0.14092140921409213,0.52,0.22174840085287847,104,634,96
3,1,1,1,5,3,0.0003,-25.0,0.15916398713826366,0.495,0.24087591240875914,99,523,101
3,1,1,1,5,3,0.0003,-20.0,0.1532258064516129,0.38,0.21839080459770116,76,420,124
3,1,1,1,5,3,0.0003,-15.0,0.06597222222222222,0.095,0.0778688524590164,19,269,181
3,1,1,1,5,3,0.0003,-10.0,0.0,0.0,0.0,0,56,200
3,1,1,1,5,3,0.0003,-5.0,1.0,0.0,0.0,0,0,200
3,1,1,1,5,3,0.0003,0.0,1.0,0.0,0.0,0,0,200
3,1,1,1,5,3,0.0001,-9999.0,0.02456225680933852,0.505,0.046846011131725415,101,4011,99
3,1,1,1,5,3,0.0001,-40.0,0.04277848369335027,0.505,0.07887543928153065,101,2260,99
3,1,1,1,5,3,0.0001,-35.0,0.12317073170731707,0.505,0.1980392156862745,101,719,99
3,1,1,1,5,3,0.0001,-30.0,0.14347202295552366,0.5,0.2229654403567447,100,597,100
3,1,1,1,5,3,0.0001,-25.0,0.15548281505728315,0.475,0.2342786683107275,95,516,105
3,1,1,1,5,3,0.0001,-20.0,0.15040650406504066,0.37,0.21387283236994223,74,418,126
3,1,1,1,5,3,0.0001,-15.0,0.06597222222222222,0.095,0.0778688524590164,19,269,181
3,1,1,1,5,3,0.0001,-10.0,0.0,0.0,0.0,0,56,200
3,1,1,1,5,3,0.0001,-5.0,1.0,0.0,0.0,0,0,200
3,1,1,1,5,3,0.0001,0.0,1.0,0.0,0.0,0,0,200
3,1,1,1,5,3,3e-05,-9999.0,0.02912332838038633,0.49,0.054978962131837304,98,3267,102
3,1,1,1,5,3,3e-05,-40.0,0.045182111572153065,0.49,0.08273533136344449,98,2071,102
3,1,1,1,5,3,3e-05,-35.0,0.13119143239625167,0.49,0.20696937697993664,98,649,102
3,1,1,1,5,3,3e-05,-30.0,0.14786585365853658,0.485,0.22663551401869161,97,559,103
3,1,1,1,5,3,3e-05,-25.0,0.15282392026578073,0.46,0.22942643391521195,92,510,108
3,1,1,1,5,3,3e-05,-20.0,0.1457905544147844,0.355,0.2066957787481805,71,416,129
3,1,1,1,5,3,3e-05,-15.0,0.06597222222222222,0.095,0.0778688524590164,19,269,181
3,1,1,1,5,3,3e-05,-10.0,0.0,0.0,0.0,0,56,200
3,1,1,1,5,3,3e-05,-5.0,1.0,0.0,0.0,0,0,200
3,1,1,1,5,3,3e-05,0.0,1.0,0.0,0.0,0,0,200
3,1,1,1,5,3,1e-05,-9999.0,0.03290366350067843,0.485,0.06162642947903431,97,2851,103
3,1,1,1,5,3,1e-05,-40.0,0.04743276283618582,0.485,0.08641425389755011,97,1948,103
3,1,1,1,5,3,1e-05,-35.0,0.1375886524822695,0.485,0.2143646408839779,97,608,103
3,1,1,1,5,3,1e-05,-30.0,0.1523809523809524,0.48,0.23132530120481928,96,534,104
3,1,1,1,5,3,1e-05,-25.0,0.15345699831365936,0.455,0.22950819672131148,91,502,109
3,1,1,1,5,3,1e-05,-20.0,0.1446280991735537,0.35,0.2046783625730994,70,414,130
3,1,1,1,5,3,1e-05,-15.0,0.06597222222222222,0.095,0.0778688524590164,19,269,181
3,1,1,1,5,3,1e-05,-10.0,0.0,0.0,0.0,0,56,200
3,1,1,1,5,3,1e-05,-5.0,1.0,0.0,0.0,0,0,200
3,1,1,1,5,3,1e-05,0.0,1.0,0.0,0.0,0,0,200
3,1,1,2,5,2,0.01,-9999.0,0.010214264749046081,0.87,0.020191470844212356,174,16861,26
3,1,1,2,5,2,0.01,-40.0,0.046031746031746035,0.87,0.08743718592964825,174,3606,26
3,1,1,2,5,2,0.01,-35.0,0.10752019888129273,0.865,0.19126589275843006,173,1436,27
3,1,1,2,5,2,0.01,-30.0,0.15774647887323945,0.84,0.2656126482213439,168,897,32
3,1,1,2,5,2,0.01,-25.0,0.1728395061728395,0.56,0.2641509433962264,112,536,88
3,1,1,2,5,2,0.01,-20.0,0.1532258064516129,0.38,0.21839080459770116,76,420,124
3,1,1,2,5,2,0.01,-15.0,0.06597222222222222,0.095,0.0778688524590164,19,269,181
3,1,1,2,5,2,0.01,-10.0,0.0,0.0,0.0,0,56,200
3,1,1,2,5,2,0.01,-5.0,1.0,0.0,0.0,0,0,200
3,1,1,2,5,2,0.01,0.0,1.0,0.0,0.0,0,0,200
3,1,1,2,5,2,0.003,-9999.0,0.013530872655647855,0.79,0.026606045297634082,158,11519,42
3,1,1,2,5,2,0.003,-40.0,0.04591688462656204,0.79,0.08678934358692666,158,3283,42
3,1,1,2,5,2,0.003,-35.0,0.1111111111111111,0.79,0.1948212083847102,158,1264,42
3,1,1,2,5,2,0.003,-30.0,0.15447991761071062,0.75,0.25619128949615716,150,821,50
3,1,1,2,5,2,0.003,-25.0,0.17156105100463678,0.555,0.26210153482880755,111,536,89
3,1,1,2,5,2,0.003,-20.0,0.1532258064516129,0.38,0.21839080459770116,76,420,124
3,1,1,2,5,2,0.003,-15.0,0.06597222222222222,0.095,0.0778688524590164,19,269,181
3,1,1,2,5,2,0.003,-10.0,0.0,0.0,0.0,0,56,200
3,1,1,2,5,2,0.003,-5.0,1.0,0.0,0.0,0,0,200
3,1,1,2,5,2,0.003,0.0,1.0,0.0,0.0,0,0,200
3,1,1,2,5,2,0.001,-9999.0,0.01662281750777326,0.695,0.03246904928754963,139,8223,61
3,1,1,2,5,2,0.001,-40.0,0.04383475244402397,0.695,0.08246811035301096,139,3032,61
3,1,1,2,5,2,0.001,-35.0,0.10996835443037975,0.695,0.18989071038251365,139,1125,61
3,1,1,2,5,2,0.001,-30.0,0.14994363021420518,0.665,0.2447102115915363,133,754,67
3,1,1,2,5,2,0.001,-25.0,0.16822429906542055,0.54,0.25653206650831356,108,534,92
3,1,1,2,5,2,0.001,-20.0,0.1532258064516129,0.38,0.21839080459770116,76,420,124
3,1,1,2,5,2,0.001,-15.0,0.06597222222222222,0.095,0.0778688524590164,19,269,181
3,1,1,2,5,2,0.001,-10.0,0.0,0.0,0.0,0,56,200
3,1,1,2,5,2,0.001,-5.0,1.0,0.0,0.0,0,0,200
3,1,1,2,5,2,0.001,0.0,1.0,0.0,0.0,0,0,200
3,1,1,2,5,2,0.0003,-9999.0,0.02220726783310902,0.66,0.04296875,132,5812,68
3,1,1,2,5,2,0.0003,-40.0,0.04586518415566365,0.66,0.08576998050682261,132,2746,68
3,1,1,2,5,2,0.0003,-35.0,0.11870503597122302,0.66,0.20121951219512194,132,980,68
3,1,1,2,5,2,0.0003,-30.0,0.15450121654501217,0.635,0.24853228962818005,127,695,73
3,1,1,2,5,2,0.0003,-25.0,0.16455696202531644,0.52,0.25,104,528,96
3,1,1,2,5,2,0.0003,-20.0,0.1532258064516129,0.38,0.21839080459770116,76,420,124
3,1,1,2,5,2,0.0003,-15.0,0.06597222222222222,0.095,0.0778688524590164,19,269,181
3,1,1,2,5,2,0.0003,-10.0,0.0,0.0,0.0,0,56,200
3,1,1,2,5,2,0.0003,-5.0,1.0,0.0,0.0,0,0,200
3,1,1,2,5,2,0.0003,0.0,1.0,0.0,0.0,0,0,200
3,1,1,2,5,2,0.0001,-9999.0,0.025678804462218482,0.61,0.04928297313674006,122,4629,78
3,1,1,2,5,2,0.0001,-40.0,0.04637020144431775,0.61,0.08618862592723418,122,2509,78
3,1,1,2,5,2,0.0001,-35.0,0.12043435340572557,0.61,0.20115416323165702,122,891,78
3,1,1,2,5,2,0.0001,-30.0,0.1545338441890166,0.605,0.2461851475076297,121,662,79
3,1,1,2,5,2,0.0001,-25.0,0.16346153846153846,0.51,0.2475728155339806,102,522,98
3,1,1,2,5,2,0.0001,-20.0,0.1532258064516129,0.38,0.21839080459770116,76,420,124
3,1,1,2,5,2,0.0001,-15.0,0.06597222222222222,0.095,0.0778688524590164,19,269,181
3,1,1,2,5,2,0.0001,-10.0,0.0,0.0,0.0,0,56,200
3,1,1,2,5,2,0.0001,-5.0,1.0,0.0,0.0,0,0,200
3,1,1,2,5,2,0.0001,0.0,1.0,0.0,0.0,0,0,200
3,1,1,2,5,2,3e-05,-9999.0,0.027921917469730665,0.565,0.05321403343536614,113,3934,87
3,1,1,2,5,2,3e-05,-40.0,0.04657873042044518,0.565,0.08606245239908607,113,2313,87
3,1,1,2,5,2,3e-05,-35.0,0.12322791712104689,0.565,0.20232766338406444,113,804,87
3,1,1,2,5,2,3e-05,-30.0,0.15135135135135136,0.56,0.23829787234042554,112,628,88
3,1,1,2,5,2,3e-05,-25.0,0.16019417475728157,0.495,0.24205378973105138,99,519,101
3,1,1,2,5,2,3e-05,-20.0,0.15182186234817813,0.375,0.21613832853025933,75,419,125
3,1,1,2,5,2,3e-05,-15.0,0.06597222222222222,0.095,0.0778688524590164,19,269,181
3,1,1,2,5,2,3e-05,-10.0,0.0,0.0,0.0,0,56,200
3,1,1,2,5,2,3e-05,-5.0,1.0,0.0,0.0,0,0,200
3,1,1,2,5,2,3e-05,0.0,1.0,0.0,0.0,0,0,200
3,1,1,2,5,2,1e-05,-9999.0,0.029621503017004936,0.54,0.056162246489859596,108,3538,92
3,1,1,2,5,2,1e-05,-40.0,0.047079337401918046,0.54,0.08660785886126704,108,2186,92
3,1,1,2,5,2,1e-05,-35.0,0.1299638989169675,0.54,0.20950533462657614,108,723,92
3,1,1,2,5,2,1e-05,-30.0,0.15134370579915135,0.535,0.23594266813671447,107,600,93
3,1,1,2,5,2,1e-05,-25.0,0.16065573770491803,0.49,0.2419753086419753,98,512,102
3,1,1,2,5,2,1e-05,-20.0,0.15274949083503056,0.375,0.21707670043415345,75,416,125
3,1,1,2,5,2,1e-05,-15.0,0.06597222222222222,0.095,0.0778688524590164,19,269,181
3,1,1,2,5,2,1e-05,-10.0,0.0,0.0,0.0,0,56,200
3,1,1,2,5,2,1e-05,-5.0,1.0,0.0,0.0,0,0,200
3,1,1,2,5,2,1e-05,0.0,1.0,0.0,0.0,0,0,200
3,1,1,2,5,3,0.01,-9999.0,0.010397029420165666,0.91,0.020559164077944083,182,17323,18
3,1,1,2,5,3,0.01,-40.0,0.047731445056386046,0.91,0.09070520807376027,182,3631,18
3,1,1,2,5,3,0.01,-35.0,0.11016949152542373,0.91,0.19654427645788336,182,1470,18
3,1,1,2,5,3,0.01,-30.0,0.16025641025641027,0.875,0.2708978328173374,175,917,25
3,1,1,2,5,3,0.01,-25.0,0.1728395061728395,0.56,0.2641509433962264,112,536,88
3,1,1,2,5,3,0.01,-20.0,0.1532258064516129,0.38,0.21839080459770116,76,420,124
3,1,1,2,5,3,0.01,-15.0,0.06597222222222222,0.095,0.0778688524590164,19,269,181
3,1,1,2,5,3,0.01,-10.0,0.0,0.0,0.0,0,56,200
3,1,1,2,5,3,0.01,-5.0,1.0,0.0,0.0,0,0,200
3,1,1,2,5,3,0.01,0.0,1.0,0.0,0.0,0,0,200
3,1,1,2,5,3,0.003,-9999.0,0.012676624949535729,0.785,0.02495033770361542,157,12228,43
3,1,1,2,5,3,0.003,-40.0,0.044895624821275376,0.785,0.08493373005139301,157,3340,43
3,1,1,2,5,3,0.003,-35.0,0.10702113156100886,0.785,0.18836232753449308,157,1310,43
3,1,1,2,5,3,0.003,-30.0,0.15515515515515516,0.775,0.2585487906588824,155,844,45
3,1,1,2,5,3,0.003,-25.0,0.1728395061728395,0.56,0.2641509433962264,112,536,88
3,1,1,2,5,3,0.003,-20.0,0.1532258064516129,0.38,0.21839080459770116,76,420,124
3,1,1,2,5,3,0.003,-15.0,0.06597222222222222,0.095,0.0778688524590164,19,269,181
3,1,1,2,5,3,0.003,-10.0,0.0,0.0,0.0,0,56,200
3,1,1,2,5,3,0.003,-5.0,1.0,0.0,0.0,0,0,200
3,1,1,2,5,3,0.003,0.0,1.0,0.0,0.0,0,0,200
3,1,1,2,5,3,0.001,-9999.0,0.014776670771297436,0.66,0.02890616445855688,132,8801,68
3,1,1,2,5,3,0.001,-40.0,0.04125,0.66,0.07764705882352942,132,3068,68
3,1,1,2,5,3,0.001,-35.0,0.10138248847926268,0.66,0.17576564580559256,132,1170,68
3,1,1,2,5,3,0.001,-30.0,0.1425462459194777,0.655,0.23413762287756926,131,788,69
3,1,1,2,5,3,0.001,-25.0,0.17054263565891473,0.55,0.2603550295857988,110,535,90
3,1,1,2,5,3,0.001,-20.0,0.1532258064516129,0.38,0.21839080459770116,76,420,124
3,1,1,2,5,3,0.001,-15.0,0.06597222222222222,0.095,0.0778688524590164,19,269,181
3,1,1,2,5,3,0.001,-10.0,0.0,0.0,0.0,0,56,200
3,1,1,2,5,3,0.001,-5.0,1.0,0.0,0.0,0,0,200
3,1,1,2,5,3,0.001,0.0,1.0,0.0,0.0,0,0,200
3,1,1,2,5,3,0.0003,-9999.0,0.018073235895018074,0.575,0.03504494895627,115,6248,85
3,1,1,2,5,3,0.0003,-40.0,0.039792387543252594,0.575,0.07443365695792879,115,2775,85
3,1,1,2,5,3,0.0003,-35.0,0.10332434860736747,0.575,0.17517136329017516,115,998,85
3,1,1,2,5,3,0.0003,-30.0,0.1357142857142857,0.57,0.21923076923076923,114,726,86
3,1,1,2,5,3,0.0003,-25.0,0.16483516483516483,0.525,0.25089605734767023,105,532,95
3,1,1,2,5,3,0.0003,-20.0,0.1532258064516129,0.38,0.21839080459770116,76,420,124
3,1,1,2,5,3,0.0003,-15.0,0.06597222222222222,0.095,0.0778688524590164,19,269,181
3,1,1,2,5,3,0.0003,-10.0,0.0,0.0,0.0,0,56,200
3,1,1,2,5,3,0.0003,-5.0,1.0,0.0,0.0,0,0,200
3,1,1,2,5,3,0.0003,0.0,1.0,0.0,0.0,0,0,200
3,1,1,2,5,3,0.0001,-9999.0,0.022718052738336714,0.56,0.04366471734892788,112,4818,88
3,1,1,2,5,3,0.0001,-40.0,0.042879019908116385,0.56,0.07965860597439545,112,2500,88
3,1,1,2,5,3,0.0001,-35.0,0.11301715438950555,0.56,0.18807724601175482,112,879,88
3,1,1,2,5,3,0.0001,-30.0,0.13962264150943396,0.555,0.22311557788944725,111,684,89
3,1,1,2,5,3,0.0001,-25.0,0.16375198728139906,0.515,0.24849215922798554,103,526,97
3,1,1,2,5,3,0.0001,-20.0,0.1532258064516129,0.38,0.21839080459770116,76,420,124
3,1,1,2,5,3,0.0001,-15.0,0.06597222222222222,0.095,0.0778688524590164,19,269,181
3,1,1,2,5,3,0.0001,-10.0,0.0,0.0,0.0,0,56,200
3,1,1,2,5,3,0.0001,-5.0,1.0,0.0,0.0,0,0,200
3,1,1,2,5,3,0.0001,0.0,1.0,0.0,0.0,0,0,200
3,1,1,2,5,3,3e-05,-9999.0,0.025803310613437196,0.53,0.04921077065923862,106,4002,94
3,1,1,2,5,3,3e-05,-40.0,0.04412989175686927,0.53,0.08147578785549577,106,2296,94
3,1,1,2,5,3,3e-05,-35.0,0.11830357142857142,0.53,0.19343065693430658,106,790,94
3,1,1,2,5,3,3e-05,-30.0,0.14018691588785046,0.525,0.22128556375131714,105,644,95
3,1,1,2,5,3,3e-05,-25.0,0.16051364365971107,0.5,0.24301336573511542,100,523,100
3,1,1,2,5,3,3e-05,-20.0,0.1532258064516129,0.38,0.21839080459770116,76,420,124
3,1,1,2,5,3,3e-05,-15.0,0.06597222222222222,0.095,0.0778688524590164,19,269,181
3,1,1,2,5,3,3e-05,-10.0,0.0,0.0,0.0,0,56,200
3,1,1,2,5,3,3e-05,-5.0,1.0,0.0,0.0,0,0,200
3,1,1,2,5,3,3e-05,0.0,1.0,0.0,0.0,0,0,200
3,1,1,2,5,3,1e-05,-9999.0,0.027922255680262797,0.51,0.05294575655333507,102,3551,98
3,1,1,2,5,3,1e-05,-40.0,0.04495372410753636,0.51,0.08262454434993925,102,2167,98
3,1,1,2,5,3,1e-05,-35.0,0.12469437652811736,0.51,0.20039292730844796,102,716,98
3,1,1,2,5,3,1e-05,-30.0,0.1426553672316384,0.505,0.22246696035242292,101,607,99
3,1,1,2,5,3,1e-05,-25.0,0.1563517915309446,0.48,0.23587223587223588,96,518,104
3,1,1,2,5,3,1e-05,-20.0,0.15182186234817813,0.375,0.21613832853025933,75,419,125
3,1,1,2,5,3,1e-05,-15.0,0.06597222222222222,0.095,0.0778688524590164,19,269,181
3,1,1,2,5,3,1e-05,-10.0,0.0,0.0,0.0,0,56,200
3,1,1,2,5,3,1e-05,-5.0,1.0,0.0,0.0,0,0,200
3,1,1,2,5,3,1e-05,0.0,1.0,0.0,0.0,0,0,200
3,1,2,1,5,2,0.01,-9999.0,0.010783782155551539,0.895,0.021310792309066014,179,16420,21
3,1,2,1,5,2,0.01,-40.0,0.047593725073118855,0.895,0.09038121686442818,179,3582,21
3,1,2,1,5,2,0.01,-35.0,0.11166875784190715,0.89,0.19843924191750276,178,1416,22
3,1,2,1,5,2,0.01,-30.0,0.16198501872659177,0.865,0.27287066246056785,173,895,27
3,1,2,1,5,2,0.01,-25.0,0.1728395061728395,0.56,0.2641509433962264,112,536,88
3,1,2,1,5,2,0.01,-20.0,0.1532258064516129,0.38,0.21839080459770116,76,420,124
3,1,2,1,5,2,0.01,-15.0,0.06597222222222222,0.095,0.0778688524590164,19,269,181
3,1,2,1,5,2,0.01,-10.0,0.0,0.0,0.0,0,56,200
3,1,2,1,5,2,0.01,-5.0,1.0,0.0,0.0,0,0,200
3,1,2,1,5,2,0.01,0.0,1.0,0.0,0.0,0,0,200
3,1,2,1,5,2,0.003,-9999.0,0.014343707713125846,0.795,0.02817899867080195,159,10926,41
3,1,2,1,5,2,0.003,-40.0,0.046875,0.795,0.08853006681514478,159,3233,41
3,1,2,1,5,2,0.003,-35.0,0.11365260900643316,0.795,0.19887429643527205,159,1240,41
3,1,2,1,5,2,0.003,-30.0,0.1566390041493776,0.755,0.25945017182130586,151,813,49
3,1,2,1,5,2,0.003,-25.0,0.17156105100463678,0.555,0.26210153482880755,111,536,89
3,1,2,1,5,2,0.003,-20.0,0.1532258064516129,0.38,0.21839080459770116,76,420,124
3,1,2,1,5,2,0.003,-15.0,0.06597222222222222,0.095,0.0778688524590164,19,269,181
3,1,2,1,5,2,0.003,-10.0,0.0,0.0,0.0,0,56,200
3,1,2,1,5,2,0.003,-5.0,1.0,0.0,0.0,0,0,200
3,1,2,1,5,2,0.003,0.0,1.0,0.0,0.0,0,0,200
3,1,2,1,5,2,0.001,-9999.0,0.018091476621225632,0.71,0.035283886197043104,142,7707,58
3,1,2,1,5,2,0.001,-40.0,0.0454109370003198,0.71,0.08536218815749924,142,2985,58
3,1,2,1,5,2,0.001,-35.0,0.116107931316435,0.71,0.1995783555867885,142,1081,58
3,1,2,1,5,2,0.001,-30.0,0.1574074074074074,0.68,0.2556390977443609,136,728,64
3,1,2,1,5,2,0.001,-25.0,0.16901408450704225,0.54,0.2574493444576877,108,531,92
3,1,2,1,5,2,0.001,-20.0,0.1532258064516129,0.38,0.21839080459770116,76,420,124
3,1,2,1,5,2,0.001,-15.0,0.06597222222222222,0.095,0.0778688524590164,19,269,181
3,1,2,1,5,2,0.001,-10.0,0.0,0.0,0.0,0,56,200
3,1,2,1,5,2,0.001,-5.0,1.0,0.0,0.0,0,0,200
3,1,2,1,5,2,0.001,0.0,1.0,0.0,0.0,0,0,200
3,1,2,1,5,2,0.0003,-9999.0,0.023425022182786158,0.66,0.04524421593830334,132,5503,68
3,1,2,1,5,2,0.0003,-40.0,0.04633204633204633,0.66,0.0865857658248606,132,2717,68
3,1,2,1,5,2,0.0003,-35.0,0.11945701357466064,0.66,0.20229885057471267,132,973,68
3,1,2,1,5,2,0.0003,-30.0,0.15698393077873918,0.635,0.25173439048562934,127,682,73
3,1,2,1,5,2,0.0003,-25.0,0.16429699842022116,0.52,0.24969987995198079,104,529,96
3,1,2,1,5,2,0.0003,-20.0,0.1532258064516129,0.38,0.21839080459770116,76,420,124
3,1,2,1,5,2,0.0003,-15.0,0.06597222222222222,0.095,0.0778688524590164,19,269,181
3,1,2,1,5,2,0.0003,-10.0,0.0,0.0,0.0,0,56,200
3,1,2,1,5,2,0.0003,-5.0,1.0,0.0,0.0,0,0,200
3,1,2,1,5,2,0.0003,0.0,1.0,0.0,0.0,0,0,200
3,1,2,1,5,2,0.0001,-9999.0,0.026109106346847804,0.615,0.0500916310323763,123,4588,77
3,1,2,1,5,2,0.0001,-40.0,0.0466262319939348,0.615,0.08668076109936575,123,2515,77
3,1,2,1,5,2,0.0001,-35.0,0.1201171875,0.615,0.20098039215686272,123,901,77
3,1,2,1,5,2,0.0001,-30.0,0.15501905972045743,0.61,0.24721377912867276,122,665,78
3,1,2,1,5,2,0.0001,-25.0,0.1632,0.51,0.2472727272727273,102,523,98
3,1,2,1,5,2,0.0001,-20.0,0.1532258064516129,0.38,0.21839080459770116,76,420,124
3,1,2,1,5,2,0.0001,-15.0,0.06597222222222222,0.095,0.0778688524590164,19,269,181
3,1,2,1,5,2,0.0001,-10.0,0.0,0.0,0.0,0,56,200
3,1,2,1,5,2,0.0001,-5.0,1.0,0.0,0.0,0,0,200
3,1,2,1,5,2,0.0001,0.0,1.0,0.0,0.0,0,0,200
3,1,2,1,5,2,3e-05,-9999.0,0.02782523797900903,0.57,0.05306027461019315,114,3983,86
3,1,2,1,5,2,3e-05,-40.0,0.04660670482420278,0.57,0.08616780045351474,114,2332,86
3,1,2,1,5,2,3e-05,-35.0,0.12258064516129032,0.57,0.20176991150442478,114,816,86
3,1,2,1,5,2,3e-05,-30.0,0.1524966261808367,0.565,0.24017003188097766,113,628,87
3,1,2,1,5,2,3e-05,-25.0,0.1596774193548387,0.495,0.24146341463414633,99,521,101
3,1,2,1,5,2,3e-05,-20.0,0.15182186234817813,0.375,0.21613832853025933,75,419,125
3,1,2,1,5,2,3e-05,-15.0,0.06597222222222222,0.095,0.0778688524590164,19,269,181
3,1,2,1,5,2,3e-05,-10.0,0.0,0.0,0.0,0,56,200
3,1,2,1,5,2,3e-05,-5.0,1.0,0.0,0.0,0,0,200
3,1,2,1,5,2,3e-05,0.0,1.0,0.0,0.0,0,0,200
3,1,2,1,5,2,1e-05,-9999.0,0.02924451665312754,0.54,0.055484202414590296,108,3585,92
3,1,2,1,5,2,1e-05,-40.0,0.046531667384747954,0.54,0.08568028560095199,108,2213,92
3,1,2,1,5,2,1e-05,-35.0,0.127208480565371,0.54,0.20591039084842705,108,741,92
3,1,2,1,5,2,1e-05,-30.0,0.1494413407821229,0.535,0.2336244541484716,107,609,93
3,1,2,1,5,2,1e-05,-25.0,0.16065573770491803,0.49,0.2419753086419753,98,512,102
3,1,2,1,5,2,1e-05,-20.0,0.15274949083503056,0.375,0.21707670043415345,75,416,125
3,1,2,1,5,2,1e-05,-15.0,0.06597222222222222,0.095,0.0778688524590164,19,269,181
3,1,2,1,5,2,1e-05,-10.0,0.0,0.0,0.0,0,56,200
3,1,2,1,5,2,1e-05,-5.0,1.0,0.0,0.0,0,0,200
3,1,2,1,5,2,1e-05,0.0,1.0,0.0,0.0,0,0,200
3,1,2,1,5,3,0.01,-9999.0,0.01075393826658141,0.925,0.02126070217778544,185,17018,15
3,1,2,1,5,3,0.01,-40.0,0.04860746190225959,0.925,0.09236145781328008,185,3621,15
3,1,2,1,5,3,0.01,-35.0,0.11185006045949214,0.925,0.19956850053937433,185,1469,15
3,1,2,1,5,3,0.01,-30.0,0.16102470265324795,0.88,0.2722351121423047,176,917,24
3,1,2,1,5,3,0.01,-25.0,0.1728395061728395,0.56,0.2641509433962264,112,536,88
3,1,2,1,5,3,0.01,-20.0,0.1532258064516129,0.38,0.21839080459770116,76,420,124
3,1,2,1,5,3,0.01,-15.0,0.06597222222222222,0.095,0.0778688524590164,19,269,181
3,1,2,1,5,3,0.01,-10.0,0.0,0.0,0.0,0,56,200
3,1,2,1,5,3,0.01,-5.0,1.0,0.0,0.0,0,0,200
3,1,2,1,5,3,0.01,0.0,1.0,0.0,0.0,0,0,200
3,1,2,1,5,3,0.003,-9999.0,0.013515782404298187,0.805,0.02658520475561427,161,11751,39
3,1,2,1,5,3,0.003,-40.0,0.04625107727664464,0.805,0.08747622928552024,161,3320,39
3,1,2,1,5,3,0.003,-35.0,0.10974778459441036,0.805,0.1931613677264547,161,1306,39
3,1,2,1,5,3,0.003,-30.0,0.1582089552238806,0.795,0.26390041493775934,159,846,41
3,1,2,1,5,3,0.003,-25.0,0.1728395061728395,0.56,0.2641509433962264,112,536,88
3,1,2,1,5,3,0.003,-20.0,0.1532258064516129,0.38,0.21839080459770116,76,420,124
3,1,2,1,5,3,0.003,-15.0,0.06597222222222222,0.095,0.0778688524590164,19,269,181
3,1,2,1,5,3,0.003,-10.0,0.0,0.0,0.0,0,56,200
3,1,2,1,5,3,0.003,-5.0,1.0,0.0,0.0,0,0,200
3,1,2,1,5,3,0.003,0.0,1.0,0.0,0.0,0,0,200
3,1,2,1,5,3,0.001,-9999.0,0.01619718309859155,0.69,0.03165137614678899,138,8382,62
3,1,2,1,5,3,0.001,-40.0,0.04339622641509434,0.69,0.0816568047337278,138,3042,62
3,1,2,1,5,3,0.001,-35.0,0.10705973622963538,0.69,0.18535930154466085,138,1151,62
3,1,2,1,5,3,0.001,-30.0,0.14989059080962802,0.685,0.24596050269299824,137,777,63
3,1,2,1,5,3,0.001,-25.0,0.17027863777089783,0.55,0.26004728132387706,110,536,90
3,1,2,1,5,3,0.001,-20.0,0.1532258064516129,0.38,0.21839080459770116,76,420,124
3,1,2,1,5,3,0.001,-15.0,0.06597222222222222,0.095,0.0778688524590164,19,269,181
3,1,2,1,5,3,0.001,-10.0,0.0,0.0,0.0,0,56,200
3,1,2,1,5,3,0.001,-5.0,1.0,0.0,0.0,0,0,200
3,1,2,1,5,3,0.001,0.0,1.0,0.0,0.0,0,0,200
3,1,2,1,5,3,0.0003,-9999.0,0.019230769230769232,0.58,0.03722721437740693,116,5916,84
3,1,2,1,5,3,0.0003,-40.0,0.04048865619546248,0.58,0.07569331158238173,116,2749,84
3,1,2,1,5,3,0.0003,-35.0,0.10478771454381211,0.58,0.17750573833205815,116,991,84
3,1,2,1,5,3,0.0003,-30.0,0.13905683192261184,0.575,0.22395326192794543,115,712,85
3,1,2,1,5,3,0.0003,-25.0,0.1664050235478807,0.53,0.2532855436081243,106,531,94
3,1,2,1,5,3,0.0003,-20.0,0.1532258064516129,0.38,0.21839080459770116,76,420,124
3,1,2,1,5,3,0.0003,-15.0,0.06597222222222222,0.095,0.0778688524590164,19,269,181
3,1,2,1,5,3,0.0003,-10.0,0.0,0.0,0.0,0,56,200
3,1,2,1,5,3,0.0003,-5.0,1.0,0.0,0.0,0,0,200
3,1,2,1,5,3,0.0003,0.0,1.0,0.0,0.0,0,0,200
3,1,2,1,5,3,0.0001,-9999.0,0.023429400787891352,0.565,0.04499303205255823,113,4710,87
3,1,2,1,5,3,0.0001,-40.0,0.043278437380314054,0.565,0.08039843472073996,113,2498,87
3,1,2,1,5,3,0.0001,-35.0,0.1135678391959799,0.565,0.18912133891213392,113,882,87
3,1,2,1,5,3,0.0001,-30.0,0.1415929203539823,0.56,0.22603430877901112,112,679,88
3,1,2,1,5,3,0.0001,-25.0,0.1648177496038035,0.52,0.2503008423586041,104,527,96
3,1,2,1,5,3,0.0001,-20.0,0.1532258064516129,0.38,0.21839080459770116,76,420,124
3,1,2,1,5,3,0.0001,-15.0,0.06597222222222222,0.095,0.0778688524590164,19,269,181
3,1,2,1,5,3,0.0001,-10.0,0.0,0.0,0.0,0,56,200
3,1,2,1,5,3,0.0001,-5.0,1.0,0.0,0.0,0,0,200
3,1,2,1,5,3,0.0001,0.0,1.0,0.0,0.0,0,0,200
3,1,2,1,5,3,3e-05,-9999.0,0.02589545014520813,0.535,0.04939981532779317,107,4025,93
3,1,2,1,5,3,3e-05,-40.0,0.0443064182194617,0.535,0.08183556405353729,107,2308,93
3,1,2,1,5,3,3e-05,-35.0,0.11745334796926454,0.535,0.19261926192619264,107,804,93
3,1,2,1,5,3,3e-05,-30.0,0.1402116402116402,0.53,0.2217573221757322,106,650,94
3,1,2,1,5,3,3e-05,-25.0,0.16051364365971107,0.5,0.24301336573511542,100,523,100
3,1,2,1,5,3,3e-05,-20.0,0.1532258064516129,0.38,0.21839080459770116,76,420,124
3,1,2,1,5,3,3e-05,-15.0,0.06597222222222222,0.095,0.0778688524590164,19,269,181
3,1,2,1,5,3,3e-05,-10.0,0.0,0.0,0.0,0,56,200
3,1,2,1,5,3,3e-05,-5.0,1.0,0.0,0.0,0,0,200
3,1,2,1,5,3,3e-05,0.0,1.0,0.0,0.0,0,0,200
3,1,2,1,5,3,1e-05,-9999.0,0.02747104767034743,0.51,0.05213391259902887,102,3611,98
3,1,2,1,5,3,1e-05,-40.0,0.04450261780104712,0.51,0.08186195826645265,102,2190,98
3,1,2,1,5,3,1e-05,-35.0,0.12289156626506025,0.51,0.19805825242718447,102,728,98
3,1,2,1,5,3,1e-05,-30.0,0.14145658263305322,0.505,0.2210065645514223,101,613,99
3,1,2,1,5,3,1e-05,-25.0,0.15609756097560976,0.48,0.23558282208588957,96,519,104
3,1,2,1,5,3,1e-05,-20.0,0.15182186234817813,0.375,0.21613832853025933,75,419,125
3,1,2,1,5,3,1e-05,-15.0,0.06597222222222222,0.095,0.0778688524590164,19,269,181
3,1,2,1,5,3,1e-05,-10.0,0.0,0.0,0.0,0,56,200
3,1,2,1,5,3,1e-05,-5.0,1.0,0.0,0.0,0,0,200
3,1,2,1,5,3,1e-05,0.0,1.0,0.0,0.0,0,0,200
3,1,2,2,5,2,0.01,-9999.0,0.011041462993846684,0.96,0.02183182670987549,192,17197,8
3,1,2,2,5,2,0.01,-40.0,0.04998698255662588,0.96,0.09502598366740905,192,3649,8
3,1,2,2,5,2,0.01,-35.0,0.11169590643274854,0.955,0.2,191,1519,9
3,1,2,2,5,2,0.01,-30.0,0.16036036036036036,0.89,0.2717557251908397,178,932,22
3,1,2,2,5,2,0.01,-25.0,0.1728395061728395,0.56,0.2641509433962264,112,536,88
3,1,2,2,5,2,0.01,-20.0,0.1532258064516129,0.38,0.21839080459770116,76,420,124
3,1,2,2,5,2,0.01,-15.0,0.06597222222222222,0.095,0.0778688524590164,19,269,181
3,1,2,2,5,2,0.01,-10.0,0.0,0.0,0.0,0,56,200
3,1,2,2,5,2,0.01,-5.0,1.0,0.0,0.0,0,0,200
3,1,2,2,5,2,0.01,0.0,1.0,0.0,0.0,0,0,200
3,1,2,2,5,2,0.003,-9999.0,0.014674875600910854,0.87,0.02886290121920876,174,11683,26
3,1,2,2,5,2,0.003,-40.0,0.04865771812080537,0.87,0.09216101694915255,174,3402,26
3,1,2,2,5,2,0.003,-35.0,0.1112540192926045,0.865,0.19715099715099718,173,1382,27
3,1,2,2,5,2,0.003,-30.0,0.1583411875589067,0.84,0.2664551942902459,168,893,32
3,1,2,2,5,2,0.003,-25.0,0.1728395061728395,0.56,0.2641509433962264,112,536,88
3,1,2,2,5,2,0.003,-20.0,0.1532258064516129,0.38,0.21839080459770116,76,420,124
3,1,2,2,5,2,0.003,-15.0,0.06597222222222222,0.095,0.0778688524590164,19,269,181
3,1,2,2,5,2,0.003,-10.0,0.0,0.0,0.0,0,56,200
3,1,2,2,5,2,0.003,-5.0,1.0,0.0,0.0,0,0,200
3,1,2,2,5,2,0.003,0.0,1.0,0.0,0.0,0,0,200
3,1,2,2,5,2,0.001,-9999.0,0.01861764021410286,0.8,0.03638844666818285,160,8434,40
3,1,2,2,5,2,0.001,-40.0,0.04817825956037338,0.8,0.09088327179778471,160,3161,40
3,1,2,2,5,2,0.001,-35.0,0.11291460832745237,0.8,0.19789734075448362,160,1257,40
3,1,2,2,5,2,0.001,-30.0,0.15548780487804878,0.765,0.25844594594594594,153,831,47
3,1,2,2,5,2,0.001,-25.0,0.17156105100463678,0.555,0.26210153482880755,111,536,89
3,1,2,2,5,2,0.001,-20.0,0.1532258064516129,0.38,0.21839080459770116,76,420,124
3,1,2,2,5,2,0.001,-15.0,0.06597222222222222,0.095,0.0778688524590164,19,269,181
3,1,2,2,5,2,0.001,-10.0,0.0,0.0,0.0,0,56,200
3,1,2,2,5,2,0.001,-5.0,1.0,0.0,0.0,0,0,200
3,1,2,2,5,2,0.001,0.0,1.0,0.0,0.0,0,0,200
3,1,2,2,5,2,0.0003,-9999.0,0.022568093385214007,0.725,0.04377358490566037,145,6280,55
3,1,2,2,5,2,0.0003,-40.0,0.04723127035830619,0.725,0.08868501529051986,145,2925,55
3,1,2,2,5,2,0.0003,-35.0,0.11381475667189953,0.725,0.19674355495251017,145,1129,55
3,1,2,2,5,2,0.0003,-30.0,0.1539313399778516,0.695,0.2520398912058024,139,764,61
3,1,2,2,5,2,0.0003,-25.0,0.16951788491446346,0.545,0.2586002372479241,109,534,91
3,1,2,2,5,2,0.0003,-20.0,0.1532258064516129,0.38,0.21839080459770116,76,420,124
3,1,2,2,5,2,0.0003,-15.0,0.06597222222222222,0.095,0.0778688524590164,19,269,181
3,1,2,2,5,2,0.0003,-10.0,0.0,0.0,0.0,0,56,200
3,1,2,2,5,2,0.0003,-5.0,1.0,0.0,0.0,0,0,200
3,1,2,2,5,2,0.0003,0.0,1.0,0.0,0.0,0,0,200
3,1,2,2,5,2,0.0001,-9999.0,0.02470957034851558,0.67,0.04766139071669927,134,5289,66
3,1,2,2,5,2,0.0001,-40.0,0.04625474628926476,0.67,0.08653535679690023,134,2763,66
3,1,2,2,5,2,0.0001,-35.0,0.11433447098976109,0.67,0.19533527696793002,134,1038,66
3,1,2,2,5,2,0.0001,-30.0,0.1524822695035461,0.645,0.24665391969407266,129,717,71
3,1,2,2,5,2,0.0001,-25.0,0.1650943396226415,0.525,0.2511961722488038,105,531,95
3,1,2,2,5,2,0.0001,-20.0,0.1532258064516129,0.38,0.21839080459770116,76,420,124
3,1,2,2,5,2,0.0001,-15.0,0.06597222222222222,0.095,0.0778688524590164,19,269,181
3,1,2,2,5,2,0.0001,-10.0,0.0,0.0,0.0,0,56,200
3,1,2,2,5,2,0.0001,-5.0,1.0,0.0,0.0,0,0,200
3,1,2,2,5,2,0.0001,0.0,1.0,0.0,0.0,0,0,200
3,1,2,2,5,2,3e-05,-9999.0,0.026769039219755136,0.645,0.05140466228332337,129,4690,71
3,1,2,2,5,2,3e-05,-40.0,0.04737421961072347,0.645,0.08826548067054397,129,2594,71
3,1,2,2,5,2,3e-05,-35.0,0.12,0.645,0.20235294117647057,129,946,71
3,1,2,2,5,2,3e-05,-30.0,0.1565217391304348,0.63,0.25074626865671645,126,679,74
3,1,2,2,5,2,3e-05,-25.0,0.1634920634920635,0.515,0.24819277108433738,103,527,97
3,1,2,2,5,2,3e-05,-20.0,0.1532258064516129,0.38,0.21839080459770116,76,420,124
3,1,2,2,5,2,3e-05,-15.0,0.06597222222222222,0.095,0.0778688524590164,19,269,181
3,1,2,2,5,2,3e-05,-10.0,0.0,0.0,0.0,0,56,200
3,1,2,2,5,2,3e-05,-5.0,1.0,0.0,0.0,0,0,200
3,1,2,2,5,2,3e-05,0.0,1.0,0.0,0.0,0,0,200
3,1,2,2,5,2,1e-05,-9999.0,0.028020211299954065,0.61,0.05357927097057532,122,4232,78
3,1,2,2,5,2,1e-05,-40.0,0.04719535783365571,0.61,0.08761220825852784,122,2463,78
3,1,2,2,5,2,1e-05,-35.0,0.12139303482587065,0.61,0.2024896265560166,122,883,78
3,1,2,2,5,2,1e-05,-30.0,0.15532734274711169,0.605,0.24719101123595508,121,658,79
3,1,2,2,5,2,1e-05,-25.0,0.16346153846153846,0.51,0.2475728155339806,102,522,98
3,1,2,2,5,2,1e-05,-20.0,0.1532258064516129,0.38,0.21839080459770116,76,420,124
3,1,2,2,5,2,1e-05,-15.0,0.06597222222222222,0.095,0.0778688524590164,19,269,181
3,1,2,2,5,2,1e-05,-10.0,0.0,0.0,0.0,0,56,200
3,1,2,2,5,2,1e-05,-5.0,1.0,0.0,0.0,0,0,200
3,1,2,2,5,2,1e-05,0.0,1.0,0.0,0.0,0,0,200
3,1,2,2,5,3,0.01,-9999.0,0.010695782964737341,0.96,0.021155859181312325,192,17759,8
3,1,2,2,5,3,0.01,-40.0,0.04895461499235084,0.96,0.09315866084425038,192,3730,8
3,1,2,2,5,3,0.01,-35.0,0.1087202718006795,0.96,0.19532044760935913,192,1574,8
3,1,2,2,5,3,0.01,-30.0,0.1602506714413608,0.895,0.2718299164768413,179,938,21
3,1,2,2,5,3,0.01,-25.0,0.1728395061728395,0.56,0.2641509433962264,112,536,88
3,1,2,2,5,3,0.01,-20.0,0.1532258064516129,0.38,0.21839080459770116,76,420,124
3,1,2,2,5,3,0.01,-15.0,0.06597222222222222,0.095,0.0778688524590164,19,269,181
3,1,2,2,5,3,0.01,-10.0,0.0,0.0,0.0,0,56,200
3,1,2,2,5,3,0.01,-5.0,1.0,0.0,0.0,0,0,200
3,1,2,2,5,3,0.01,0.0,1.0,0.0,0.0,0,0,200
3,1,2,2,5,3,0.003,-9999.0,0.014511141067322179,0.915,0.028569198345172117,183,12428,17
3,1,2,2,5,3,0.003,-40.0,0.050510626552580734,0.915,0.09573633272299241,183,3440,17
3,1,2,2,5,3,0.003,-35.0,0.11366459627329192,0.915,0.2022099447513812,183,1427,17
3,1,2,2,5,3,0.003,-30.0,0.16055045871559634,0.875,0.2713178294573643,175,915,25
3,1,2,2,5,3,0.003,-25.0,0.1728395061728395,0.56,0.2641509433962264,112,536,88
3,1,2,2,5,3,0.003,-20.0,0.1532258064516129,0.38,0.21839080459770116,76,420,124
3,1,2,2,5,3,0.003,-15.0,0.06597222222222222,0.095,0.0778688524590164,19,269,181
3,1,2,2,5,3,0.003,-10.0,0.0,0.0,0.0,0,56,200
3,1,2,2,5,3,0.003,-5.0,1.0,0.0,0.0,0,0,200
3,1,2,2,5,3,0.003,0.0,1.0,0.0,0.0,0,0,200
3,1,2,2,5,3,0.001,-9999.0,0.0177598605360645,0.815,0.03476220942631691,163,9015,37
3,1,2,2,5,3,0.001,-40.0,0.04815361890694239,0.815,0.09093444909344492,163,3222,37
3,1,2,2,5,3,0.001,-35.0,0.1100607697501688,0.815,0.19393218322427128,163,1318,37
3,1,2,2,5,3,0.001,-30.0,0.15707317073170732,0.805,0.26285714285714284,161,864,39
3,1,2,2,5,3,0.001,-25.0,0.1728395061728395,0.56,0.2641509433962264,112,536,88
3,1,2,2,5,3,0.001,-20.0,0.1532258064516129,0.38,0.21839080459770116,76,420,124
3,1,2,2,5,3,0.001,-15.0,0.06597222222222222,0.095,0.0778688524590164,19,269,181
3,1,2,2,5,3,0.001,-10.0,0.0,0.0,0.0,0,56,200
3,1,2,2,5,3,0.001,-5.0,1.0,0.0,0.0,0,0,200
3,1,2,2,5,3,0.001,0.0,1.0,0.0,0.0,0,0,200
3,1,2,2,5,3,0.0003,-9999.0,0.021035598705501618,0.715,0.040868819662760784,143,6655,57
3,1,2,2,5,3,0.0003,-40.0,0.045862732520846695,0.715,0.0861965039180229,143,2975,57
3,1,2,2,5,3,0.0003,-35.0,0.10784313725490197,0.715,0.1874180865006553,143,1183,57
3,1,2,2,5,3,0.0003,-30.0,0.15058324496288442,0.71,0.24846894138232722,142,801,58
3,1,2,2,5,3,0.0003,-25.0,0.17027863777089783,0.55,0.26004728132387706,110,536,90
3,1,2,2,5,3,0.0003,-20.0,0.1532258064516129,0.38,0.21839080459770116,76,420,124
3,1,2,2,5,3,0.0003,-15.0,0.06597222222222222,0.095,0.0778688524590164,19,269,181
3,1,2,2,5,3,0.0003,-10.0,0.0,0.0,0.0,0,56,200
3,1,2,2,5,3,0.0003,-5.0,1.0,0.0,0.0,0,0,200
3,1,2,2,5,3,0.0003,0.0,1.0,0.0,0.0,0,0,200
3,1,2,2,5,3,0.0001,-9999.0,0.02211346746420156,0.61,0.04267972712961344,122,5395,78
3,1,2,2,5,3,0.0001,-40.0,0.04233171408743928,0.61,0.07916937053861128,122,2760,78
3,1,2,2,5,3,0.0001,-35.0,0.10321489001692047,0.61,0.17655571635311143,122,1060,78
3,1,2,2,5,3,0.0001,-30.0,0.1395617070357555,0.605,0.22680412371134018,121,746,79
3,1,2,2,5,3,0.0001,-25.0,0.16822429906542055,0.54,0.25653206650831356,108,534,92
3,1,2,2,5,3,0.0001,-20.0,0.1532258064516129,0.38,0.21839080459770116,76,420,124
3,1,2,2,5,3,0.0001,-15.0,0.06597222222222222,0.095,0.0778688524590164,19,269,181
3,1,2,2,5,3,0.0001,-10.0,0.0,0.0,0.0,0,56,200
3,1,2,2,5,3,0.0001,-5.0,1.0,0.0,0.0,0,0,200
3,1,2,2,5,3,0.0001,0.0,1.0,0.0,0.0,0,0,200
3,1,2,2,5,3,3e-05,-9999.0,0.023779724655819776,0.57,0.045654785742891474,114,4680,86
3,1,2,2,5,3,3e-05,-40.0,0.0425531914893617,0.57,0.07919416464050018,114,2565,86
3,1,2,2,5,3,3e-05,-35.0,0.10694183864915573,0.57,0.18009478672985782,114,952,86
3,1,2,2,5,3,3e-05,-30.0,0.1378048780487805,0.565,0.2215686274509804,113,707,87
3,1,2,2,5,3,3e-05,-25.0,0.16535433070866143,0.525,0.25149700598802394,105,530,95
3,1,2,2,5,3,3e-05,-20.0,0.1532258064516129,0.38,0.21839080459770116,76,420,124
3,1,2,2,5,3,3e-05,-15.0,0.06597222222222222,0.095,0.0778688524590164,19,269,181
3,1,2,2,5,3,3e-05,-10.0,0.0,0.0,0.0,0,56,200
3,1,2,2,5,3,3e-05,-5.0,1.0,0.0,0.0,0,0,200
3,1,2,2,5,3,3e-05,0.0,1.0,0.0,0.0,0,0,200
3,1,2,2,5,3,1e-05,-9999.0,0.025842178126442086,0.56,0.0494044993383326,112,4222,88
3,1,2,2,5,3,1e-05,-40.0,0.04418145956607495,0.56,0.08190127970749542,112,2423,88
3,1,2,2,5,3,1e-05,-35.0,0.11405295315682282,0.56,0.18950930626057527,112,870,88
3,1,2,2,5,3,1e-05,-30.0,0.14050632911392405,0.555,0.22424242424242424,111,679,89
3,1,2,2,5,3,1e-05,-25.0,0.1634920634920635,0.515,0.24819277108433738,103,527,97
3,1,2,2,5,3,1e-05,-20.0,0.1532258064516129,0.38,0.21839080459770116,76,420,124
3,1,2,2,5,3,1e-05,-15.0,0.06597222222222222,0.095,0.0778688524590164,19,269,181
3,1,2,2,5,3,1e-05,-10.0,0.0,0.0,0.0,0,56,200
3,1,2,2,5,3,1e-05,-5.0,1.0,0.0,0.0,0,0,200
3,1,2,2,5,3,1e-05,0.0,1.0,0.0,0.0,0,0,200
3,1,3,1,5,2,0.01,-9999.0,0.011243851018973999,0.96,0.022227367446168093,192,16884,8
3,1,3,1,5,2,0.01,-40.0,0.05001302422505861,0.96,0.09507303788066351,192,3647,8
3,1,3,1,5,2,0.01,-35.0,0.11137026239067055,0.955,0.1994778067885117,191,1524,9
3,1,3,1,5,2,0.01,-30.0,0.16079494128274616,0.89,0.2723794950267789,178,929,22
3,1,3,1,5,2,0.01,-25.0,0.1728395061728395,0.56,0.2641509433962264,112,536,88
3,1,3,1,5,2,0.01,-20.0,0.1532258064516129,0.38,0.21839080459770116,76,420,124
3,1,3,1,5,2,0.01,-15.0,0.06597222222222222,0.095,0.0778688524590164,19,269,181
3,1,3,1,5,2,0.01,-10.0,0.0,0.0,0.0,0,56,200
3,1,3,1,5,2,0.01,-5.0,1.0,0.0,0.0,0,0,200
3,1,3,1,5,2,0.01,0.0,1.0,0.0,0.0,0,0,200
3,1,3,1,5,2,0.003,-9999.0,0.015482855143456964,0.885,0.030433287482806055,177,11255,23
3,1,3,1,5,2,0.003,-40.0,0.049775028121484814,0.885,0.09424920127795527,177,3379,23
3,1,3,1,5,2,0.003,-35.0,0.11421155094094744,0.88,0.20218265364732912,176,1365,24
3,1,3,1,5,2,0.003,-30.0,0.16223908918406071,0.855,0.27272727272727276,171,883,29
3,1,3,1,5,2,0.003,-25.0,0.1728395061728395,0.56,0.2641509433962264,112,536,88
3,1,3,1,5,2,0.003,-20.0,0.1532258064516129,0.38,0.21839080459770116,76,420,124
3,1,3,1,5,2,0.003,-15.0,0.06597222222222222,0.095,0.0778688524590164,19,269,181
3,1,3,1,5,2,0.003,-10.0,0.0,0.0,0.0,0,56,200
3,1,3,1,5,2,0.003,-5.0,1.0,0.0,0.0,0,0,200
3,1,3,1,5,2,0.003,0.0,1.0,0.0,0.0,0,0,200
3,1,3,1,5,2,0.001,-9999.0,0.019605470168219775,0.81,0.038284296348812474,162,8101,38
3,1,3,1,5,2,0.001,-40.0,0.04943545926151968,0.81,0.09318377911993098,162,3115,38
3,1,3,1,5,2,0.001,-35.0,0.11579699785561115,0.81,0.2026266416510319,162,1237,38
3,1,3,1,5,2,0.001,-30.0,0.15816326530612246,0.775,0.2627118644067797,155,825,45
3,1,3,1,5,2,0.001,-25.0,0.17156105100463678,0.555,0.26210153482880755,111,536,89
3,1,3,1,5,2,0.001,-20.0,0.1532258064516129,0.38,0.21839080459770116,76,420,124
3,1,3,1,5,2,0.001,-15.0,0.06597222222222222,0.095,0.0778688524590164,19,269,181
3,1,3,1,5,2,0.001,-10.0,0.0,0.0,0.0,0,56,200
3,1,3,1,5,2,0.001,-5.0,1.0,0.0,0.0,0,0,200
3,1,3,1,5,2,0.001,0.0,1.0,0.0,0.0,0,0,200
3,1,3,1,5,2,0.0003,-9999.0,0.02363839642229676,0.74,0.04581334158798947,148,6113,52
3,1,3,1,5,2,0.0003,-40.0,0.048893293690122235,0.74,0.09172606135729781,148,2879,52
3,1,3,1,5,2,0.0003,-35.0,0.11887550200803212,0.74,0.20484429065743945,148,1097,52
3,1,3,1,5,2,0.0003,-30.0,0.16081540203850508,0.71,0.26223453370267774,142,741,58
3,1,3,1,5,2,0.0003,-25.0,0.17133956386292834,0.55,0.26128266033254155,110,532,90
3,1,3,1,5,2,0.0003,-20.0,0.1532258064516129,0.38,0.21839080459770116,76,420,124
3,1,3,1,5,2,0.0003,-15.0,0.06597222222222222,0.095,0.0778688524590164,19,269,181
3,1,3,1,5,2,0.0003,-10.0,0.0,0.0,0.0,0,56,200
3,1,3,1,5,2,0.0003,-5.0,1.0,0.0,0.0,0,0,200
3,1,3,1,5,2,0.0003,0.0,1.0,0.0,0.0,0,0,200
3,1,3,1,5,2,0.0001,-9999.0,0.024916943521594685,0.675,0.048059807760768965,135,5283,65
3,1,3,1,5,2,0.0001,-40.0,0.046632124352331605,0.675,0.08723747980613894,135,2760,65
3,1,3,1,5,2,0.0001,-35.0,0.11617900172117039,0.675,0.19823788546255508,135,1027,65
3,1,3,1,5,2,0.0001,-30.0,0.15531660692951016,0.65,0.25072324011571845,130,707,70
3,1,3,1,5,2,0.0001,-25.0,0.1664050235478807,0.53,0.2532855436081243,106,531,94
3,1,3,1,5,2,0.0001,-20.0,0.1532258064516129,0.38,0.21839080459770116,76,420,124
3,1,3,1,5,2,0.0001,-15.0,0.06597222222222222,0.095,0.0778688524590164,19,269,181
3,1,3,1,5,2,0.0001,-10.0,0.0,0.0,0.0,0,56,200
3,1,3,1,5,2,0.0001,-5.0,1.0,0.0,0.0,0,0,200
3,1,3,1,5,2,0.0001,0.0,1.0,0.0,0.0,0,0,200
3,1,3,1,5,2,3e-05,-9999.0,0.02704376548307184,0.655,0.05194290245836637,131,4713,69
3,1,3,1,5,2,3e-05,-40.0,0.0480029314767314,0.655,0.0894503243427791,131,2598,69
3,1,3,1,5,2,3e-05,-35.0,0.12208760484622554,0.655,0.2058130400628437,131,942,69
3,1,3,1,5,2,3e-05,-30.0,0.15789473684210525,0.63,0.2525050100200401,126,672,74
3,1,3,1,5,2,3e-05,-25.0,0.1634920634920635,0.515,0.24819277108433738,103,527,97
3,1,3,1,5,2,3e-05,-20.0,0.1532258064516129,0.38,0.21839080459770116,76,420,124
3,1,3,1,5,2,3e-05,-15.0,0.06597222222222222,0.095,0.0778688524590164,19,269,181
3,1,3,1,5,2,3e-05,-10.0,0.0,0.0,0.0,0,56,200
3,1,3,1,5,2,3e-05,-5.0,1.0,0.0,0.0,0,0,200
3,1,3,1,5,2,3e-05,0.0,1.0,0.0,0.0,0,0,200
3,1,3,1,5,2,1e-05,-9999.0,0.027784103848781598,0.61,0.05314746242648661,122,4269,78
3,1,3,1,5,2,1e-05,-40.0,0.04686899731079524,0.61,0.08704958972529434,122,2481,78
3,1,3,1,5,2,1e-05,-35.0,0.119960668633235,0.61,0.20049301561216104,122,895,78
3,1,3,1,5,2,1e-05,-30.0,0.1545338441890166,0.605,0.2461851475076297,121,662,79
3,1,3,1,5,2,1e-05,-25.0,0.1632,0.51,0.2472727272727273,102,523,98
3,1,3,1,5,2,1e-05,-20.0,0.1532258064516129,0.38,0.21839080459770116,76,420,124
3,1,3,1,5,2,1e-05,-15.0,0.06597222222222222,0.095,0.0778688524590164,19,269,181
3,1,3,1,5,2,1e-05,-10.0,0.0,0.0,0.0,0,56,200
3,1,3,1,5,2,1e-05,-5.0,1.0,0.0,0.0,0,0,200
3,1,3,1,5,2,1e-05,0.0,1.0,0.0,0.0,0,0,200
3,1,3,1,5,3,0.01,-9999.0,0.010868953088922679,0.965,0.021495795511499695,193,17564,7
3,1,3,1,5,3,0.01,-40.0,0.04913441955193483,0.965,0.0935077519379845,193,3735,7
3,1,3,1,5,3,0.01,-35.0,0.10922467458970006,0.965,0.19623792577529234,193,1574,7
3,1,3,1,5,3,0.01,-30.0,0.16053811659192826,0.895,0.27224334600760464,179,936,21
3,1,3,1,5,3,0.01,-25.0,0.1728395061728395,0.56,0.2641509433962264,112,536,88
3,1,3,1,5,3,0.01,-20.0,0.1532258064516129,0.38,0.21839080459770116,76,420,124
3,1,3,1,5,3,0.01,-15.0,0.06597222222222222,0.095,0.0778688524590164,19,269,181
3,1,3,1,5,3,0.01,-10.0,0.0,0.0,0.0,0,56,200
3,1,3,1,5,3,0.01,-5.0,1.0,0.0,0.0,0,0,200
3,1,3,1,5,3,0.01,0.0,1.0,0.0,0.0,0,0,200
3,1,3,1,5,3,0.003,-9999.0,0.015028996161071633,0.92,0.029574861367837338,184,12059,16
3,1,3,1,5,3,0.003,-40.0,0.051040221914008324,0.92,0.09671484888304863,184,3421,16
3,1,3,1,5,3,0.003,-35.0,0.11565053425518541,0.92,0.20547180346175323,184,1407,16
3,1,3,1,5,3,0.003,-30.0,0.1609935602575897,0.875,0.27195027195027205,175,912,25
3,1,3,1,5,3,0.003,-25.0,0.1728395061728395,0.56,0.2641509433962264,112,536,88
3,1,3,1,5,3,0.003,-20.0,0.1532258064516129,0.38,0.21839080459770116,76,420,124
3,1,3,1,5,3,0.003,-15.0,0.06597222222222222,0.095,0.0778688524590164,19,269,181
3,1,3,1,5,3,0.003,-10.0,0.0,0.0,0.0,0,56,200
3,1,3,1,5,3,0.003,-5.0,1.0,0.0,0.0,0,0,200
3,1,3,1,5,3,0.003,0.0,1.0,0.0,0.0,0,0,200
3,1,3,1,5,3,0.001,-9999.0,0.018578988852606688,0.825,0.036339610175090846,165,8716,35
3,1,3,1,5,3,0.001,-40.0,0.04922434367541766,0.825,0.09290540540540541,165,3187,35
3,1,3,1,5,3,0.001,-35.0,0.11316872427983539,0.825,0.19903498190591074,165,1293,35
3,1,3,1,5,3,0.001,-30.0,0.15980392156862744,0.815,0.2672131147540983,163,857,37
3,1,3,1,5,3,0.001,-25.0,0.1728395061728395,0.56,0.2641509433962264,112,536,88
3,1,3,1,5,3,0.001,-20.0,0.1532258064516129,0.38,0.21839080459770116,76,420,124
3,1,3,1,5,3,0.001,-15.0,0.06597222222222222,0.095,0.0778688524590164,19,269,181
3,1,3,1,5,3,0.001,-10.0,0.0,0.0,0.0,0,56,200
3,1,3,1,5,3,0.001,-5.0,1.0,0.0,0.0,0,0,200
3,1,3,1,5,3,0.001,0.0,1.0,0.0,0.0,0,0,200
3,1,3,1,5,3,0.0003,-9999.0,0.022208792869013446,0.735,0.0431148262208535,147,6472,53
3,1,3,1,5,3,0.0003,-40.0,0.04751131221719457,0.735,0.08925318761384335,147,2947,53
3,1,3,1,5,3,0.0003,-35.0,0.1125574272588055,0.735,0.1952191235059761,147,1159,53
3,1,3,1,5,3,0.0003,-30.0,0.15715823466092574,0.73,0.25863596102745795,146,783,54
3,1,3,1,5,3,0.0003,-25.0,0.17027863777089783,0.55,0.26004728132387706,110,536,90
3,1,3,1,5,3,0.0003,-20.0,0.1532258064516129,0.38,0.21839080459770116,76,420,124
3,1,3,1,5,3,0.0003,-15.0,0.06597222222222222,0.095,0.0778688524590164,19,269,181
3,1,3,1,5,3,0.0003,-10.0,0.0,0.0,0.0,0,56,200
3,1,3,1,5,3,0.0003,-5.0,1.0,0.0,0.0,0,0,200
3,1,3,1,5,3,0.0003,0.0,1.0,0.0,0.0,0,0,200
3,1,3,1,5,3,0.0001,-9999.0,0.022897966660560543,0.625,0.04417741650468281,125,5334,75
3,1,3,1,5,3,0.0001,-40.0,0.04352367688022284,0.625,0.08138020833333334,125,2747,75
3,1,3,1,5,3,0.0001,-35.0,0.10702054794520548,0.625,0.1827485380116959,125,1043,75
3,1,3,1,5,3,0.0001,-30.0,0.14571092831962398,0.62,0.23596574690770697,124,727,76
3,1,3,1,5,3,0.0001,-25.0,0.1703125,0.545,0.25952380952380955,109,531,91
3,1,3,1,5,3,0.0001,-20.0,0.1532258064516129,0.38,0.21839080459770116,76,420,124
3,1,3,1,5,3,0.0001,-15.0,0.06597222222222222,0.095,0.0778688524590164,19,269,181
3,1,3,1,5,3,0.0001,-10.0,0.0,0.0,0.0,0,56,200
3,1,3,1,5,3,0.0001,-5.0,1.0,0.0,0.0,0,0,200
3,1,3,1,5,3,0.0001,0.0,1.0,0.0,0.0,0,0,200
3,1,3,1,5,3,3e-05,-9999.0,0.023824321524756577,0.575,0.04575293415555998,115,4712,85
3,1,3,1,5,3,3e-05,-40.0,0.042798660215854115,0.575,0.0796674748874264,115,2572,85
3,1,3,1,5,3,3e-05,-35.0,0.10828625235404897,0.575,0.18225039619651348,115,947,85
3,1,3,1,5,3,3e-05,-30.0,0.14074074074074075,0.57,0.22574257425742578,114,696,86
3,1,3,1,5,3,3e-05,-25.0,0.16535433070866143,0.525,0.25149700598802394,105,530,95
3,1,3,1,5,3,3e-05,-20.0,0.1532258064516129,0.38,0.21839080459770116,76,420,124
3,1,3,1,5,3,3e-05,-15.0,0.06597222222222222,0.095,0.0778688524590164,19,269,181
3,1,3,1,5,3,3e-05,-10.0,0.0,0.0,0.0,0,56,200
3,1,3,1,5,3,3e-05,-5.0,1.0,0.0,0.0,0,0,200
3,1,3,1,5,3,3e-05,0.0,1.0,0.0,0.0,0,0,200
3,1,3,1,5,3,1e-05,-9999.0,0.02565277141548328,0.56,0.049058256679807274,112,4254,88
3,1,3,1,5,3,1e-05,-40.0,0.04393879952922715,0.56,0.08148417606402328,112,2437,88
3,1,3,1,5,3,1e-05,-35.0,0.11347517730496454,0.56,0.18871103622577928,112,875,88
3,1,3,1,5,3,1e-05,-30.0,0.14068441064638784,0.555,0.224469160768453,111,678,89
3,1,3,1,5,3,1e-05,-25.0,0.1634920634920635,0.515,0.24819277108433738,103,527,97
3,1,3,1,5,3,1e-05,-20.0,0.1532258064516129,0.38,0.21839080459770116,76,420,124
3,1,3,1,5,3,1e-05,-15.0,0.06597222222222222,0.095,0.0778688524590164,19,269,181
3,1,3,1,5,3,1e-05,-10.0,0.0,0.0,0.0,0,56,200
3,1,3,1,5,3,1e-05,-5.0,1.0,0.0,0.0,0,0,200
3,1,3,1,5,3,1e-05,0.0,1.0,0.0,0.0,0,0,200
3,1,3,2,5,2,0.01,-9999.0,0.011074697705955476,0.98,0.021901888479159685,196,17502,4
3,1,3,2,5,2,0.01,-40.0,0.04965796807702052,0.98,0.09452616349168072,196,3751,4
3,1,3,2,5,2,0.01,-35.0,0.10834715312327253,0.98,0.1951219512195122,196,1613,4
3,1,3,2,5,2,0.01,-30.0,0.15967885816235505,0.895,0.2710068130204391,179,942,21
3,1,3,2,5,2,0.01,-25.0,0.1728395061728395,0.56,0.2641509433962264,112,536,88
3,1,3,2,5,2,0.01,-20.0,0.1532258064516129,0.38,0.21839080459770116,76,420,124
3,1,3,2,5,2,0.01,-15.0,0.06597222222222222,0.095,0.0778688524590164,19,269,181
3,1,3,2,5,2,0.01,-10.0,0.0,0.0,0.0,0,56,200
3,1,3,2,5,2,0.01,-5.0,1.0,0.0,0.0,0,0,200
3,1,3,2,5,2,0.01,0.0,1.0,0.0,0.0,0,0,200
3,1,3,2,5,2,0.003,-9999.0,0.015837292656497456,0.95,0.031155202098876768,190,11807,10
3,1,3,2,5,2,0.003,-40.0,0.05178522758244753,0.95,0.09821659343499611,190,3479,10
3,1,3,2,5,2,0.003,-35.0,0.1134453781512605,0.945,0.20257234726688103,189,1477,11
3,1,3,2,5,2,0.003,-30.0,0.16047144152311876,0.885,0.27168073676132004,177,926,23
3,1,3,2,5,2,0.003,-25.0,0.1728395061728395,0.56,0.2641509433962264,112,536,88
3,1,3,2,5,2,0.003,-20.0,0.1532258064516129,0.38,0.21839080459770116,76,420,124
3,1,3,2,5,2,0.003,-15.0,0.06597222222222222,0.095,0.0778688524590164,19,269,181
3,1,3,2,5,2,0.003,-10.0,0.0,0.0,0.0,0,56,200
3,1,3,2,5,2,0.003,-5.0,1.0,0.0,0.0,0,0,200
3,1,3,2,5,2,0.003,0.0,1.0,0.0,0.0,0,0,200
3,1,3,2,5,2,0.001,-9999.0,0.019747235387045814,0.875,0.03862282056941073,175,8687,25
3,1,3,2,5,2,0.001,-40.0,0.05054881571346043,0.875,0.09557618787547789,175,3287,25
3,1,3,2,5,2,0.001,-35.0,0.11254851228978008,0.87,0.1993127147766323,174,1372,26
3,1,3,2,5,2,0.001,-30.0,0.15958451369216242,0.845,0.2684670373312152,169,890,31
3,1,3,2,5,2,0.001,-25.0,0.1728395061728395,0.56,0.2641509433962264,112,536,88
3,1,3,2,5,2,0.001,-20.0,0.1532258064516129,0.38,0.21839080459770116,76,420,124
3,1,3,2,5,2,0.001,-15.0,0.06597222222222222,0.095,0.0778688524590164,19,269,181
3,1,3,2,5,2,0.001,-10.0,0.0,0.0,0.0,0,56,200
3,1,3,2,5,2,0.001,-5.0,1.0,0.0,0.0,0,0,200
3,1,3,2,5,2,0.001,0.0,1.0,0.0,0.0,0,0,200
3,1,3,2,5,2,0.0003,-9999.0,0.023427331887201735,0.81,0.045537596626844694,162,6753,38
3,1,3,2,5,2,0.0003,-40.0,0.05012376237623763,0.81,0.09440559440559441,162,3070,38
3,1,3,2,5,2,0.0003,-35.0,0.11440677966101695,0.81,0.2004950495049505,162,1254,38
3,1,3,2,5,2,0.0003,-30.0,0.15736040609137056,0.775,0.26160337552742613,155,830,45
3,1,3,2,5,2,0.0003,-25.0,0.17156105100463678,0.555,0.26210153482880755,111,536,89
3,1,3,2,5,2,0.0003,-20.0,0.1532258064516129,0.38,0.21839080459770116,76,420,124
3,1,3,2,5,2,0.0003,-15.0,0.06597222222222222,0.095,0.0778688524590164,19,269,181
3,1,3,2,5,2,0.0003,-10.0,0.0,0.0,0.0,0,56,200
3,1,3,2,5,2,0.0003,-5.0,1.0,0.0,0.0,0,0,200
3,1,3,2,5,2,0.0003,0.0,1.0,0.0,0.0,0,0,200
3,1,3,2,5,2,0.0001,-9999.0,0.024838549428713365,0.75,0.048084628946946636,150,5889,50
3,1,3,2,5,2,0.0001,-40.0,0.04865390853065196,0.75,0.09137983551629607,150,2933,50
3,1,3,2,5,2,0.0001,-35.0,0.11503067484662577,0.75,0.19946808510638298,150,1154,50
3,1,3,2,5,2,0.0001,-30.0,0.15301724137931033,0.71,0.2517730496453901,142,786,58
3,1,3,2,5,2,0.0001,-25.0,0.17054263565891473,0.55,0.2603550295857988,110,535,90
3,1,3,2,5,2,0.0001,-20.0,0.1532258064516129,0.38,0.21839080459770116,76,420,124
3,1,3,2,5,2,0.0001,-15.0,0.06597222222222222,0.095,0.0778688524590164,19,269,181
3,1,3,2,5,2,0.0001,-10.0,0.0,0.0,0.0,0,56,200
3,1,3,2,5,2,0.0001,-5.0,1.0,0.0,0.0,0,0,200
3,1,3,2,5,2,0.0001,0.0,1.0,0.0,0.0,0,0,200
3,1,3,2,5,2,3e-05,-9999.0,0.025870091196724364,0.695,0.04988336623003769,139,5234,61
3,1,3,2,5,2,3e-05,-40.0,0.04729499829874107,0.695,0.08856323669958586,139,2800,61
3,1,3,2,5,2,3e-05,-35.0,0.11592994161801501,0.695,0.19871336669049322,139,1060,61
3,1,3,2,5,2,3e-05,-30.0,0.1548311990686845,0.665,0.25118035882908407,133,726,67
3,1,3,2,5,2,3e-05,-25.0,0.16901408450704225,0.54,0.2574493444576877,108,531,92
3,1,3,2,5,2,3e-05,-20.0,0.1532258064516129,0.38,0.21839080459770116,76,420,124
3,1,3,2,5,2,3e-05,-15.0,0.06597222222222222,0.095,0.0778688524590164,19,269,181
3,1,3,2,5,2,3e-05,-10.0,0.0,0.0,0.0,0,56,200
3,1,3,2,5,2,3e-05,-5.0,1.0,0.0,0.0,0,0,200
3,1,3,2,5,2,3e-05,0.0,1.0,0.0,0.0,0,0,200
3,1,3,2,5,2,1e-05,-9999.0,0.027163997567403203,0.67,0.05221118254432106,134,4799,66
3,1,3,2,5,2,1e-05,-40.0,0.04770380918476326,0.67,0.08906613492854769,134,2675,66
3,1,3,2,5,2,1e-05,-35.0,0.11911111111111111,0.67,0.20226415094339625,134,991,66
3,1,3,2,5,2,1e-05,-30.0,0.15655339805825244,0.645,0.251953125,129,695,71
3,1,3,2,5,2,1e-05,-25.0,0.16535433070866143,0.525,0.25149700598802394,105,530,95
3,1,3,2,5,2,1e-05,-20.0,0.1532258064516129,0.38,0.21839080459770116,76,420,124
3,1,3,2,5,2,1e-05,-15.0,0.06597222222222222,0.095,0.0778688524590164,19,269,181
3,1,3,2,5,2,1e-05,-10.0,0.0,0.0,0.0,0,56,200
3,1,3,2,5,2,1e-05,-5.0,1.0,0.0,0.0,0,0,200
3,1,3,2,5,2,1e-05,0.0,1.0,0.0,0.0,0,0,200
3,1,3,2,5,3,0.01,-9999.0,0.01075502444323737,0.99,0.02127888232133262,198,18212,2
3,1,3,2,5,3,0.01,-40.0,0.048985650667986144,0.99,0.09335219236209334,198,3844,2
3,1,3,2,5,3,0.01,-35.0,0.10685375067458176,0.99,0.19288845591816856,198,1655,2
3,1,3,2,5,3,0.01,-30.0,0.16042780748663102,0.9,0.27231467473524956,180,942,20
3,1,3,2,5,3,0.01,-25.0,0.1728395061728395,0.56,0.2641509433962264,112,536,88
3,1,3,2,5,3,0.01,-20.0,0.1532258064516129,0.38,0.21839080459770116,76,420,124
3,1,3,2,5,3,0.01,-15.0,0.06597222222222222,0.095,0.0778688524590164,19,269,181
3,1,3,2,5,3,0.01,-10.0,0.0,0.0,0.0,0,56,200
3,1,3,2,5,3,0.01,-5.0,1.0,0.0,0.0,0,0,200
3,1,3,2,5,3,0.01,0.0,1.0,0.0,0.0,0,0,200
3,1,3,2,5,3,0.003,-9999.0,0.014999214700801004,0.955,0.029534560074222976,191,12543,9
3,1,3,2,5,3,0.003,-40.0,0.05141318977119785,0.955,0.09757343550447,191,3524,9
3,1,3,2,5,3,0.003,-35.0,0.1117612638970158,0.955,0.20010476689366158,191,1518,9
3,1,3,2,5,3,0.003,-30.0,0.16050495942290352,0.89,0.27196333078686025,178,931,22
3,1,3,2,5,3,0.003,-25.0,0.1728395061728395,0.56,0.2641509433962264,112,536,88
3,1,3,2,5,3,0.003,-20.0,0.1532258064516129,0.38,0.21839080459770116,76,420,124
3,1,3,2,5,3,0.003,-15.0,0.06597222222222222,0.095,0.0778688524590164,19,269,181
3,1,3,2,5,3,0.003,-10.0,0.0,0.0,0.0,0,56,200
3,1,3,2,5,3,0.003,-5.0,1.0,0.0,0.0,0,0,200
3,1,3,2,5,3,0.003,0.0,1.0,0.0,0.0,0,0,200
3,1,3,2,5,3,0.001,-9999.0,0.019461873870041477,0.915,0.03811308965948141,183,9220,17
3,1,3,2,5,3,0.001,-40.0,0.05201819215463331,0.915,0.09844002151694459,183,3335,17
3,1,3,2,5,3,0.001,-35.0,0.11408977556109726,0.915,0.20288248337028825,183,1421,17
3,1,3,2,5,3,0.001,-30.0,0.16055045871559634,0.875,0.2713178294573643,175,915,25
3,1,3,2,5,3,0.001,-25.0,0.1728395061728395,0.56,0.2641509433962264,112,536,88
3,1,3,2,5,3,0.001,-20.0,0.1532258064516129,0.38,0.21839080459770116,76,420,124
3,1,3,2,5,3,0.001,-15.0,0.06597222222222222,0.095,0.0778688524590164,19,269,181
3,1,3,2,5,3,0.001,-10.0,0.0,0.0,0.0,0,56,200
3,1,3,2,5,3,0.001,-5.0,1.0,0.0,0.0,0,0,200
3,1,3,2,5,3,0.001,0.0,1.0,0.0,0.0,0,0,200
3,1,3,2,5,3,0.0003,-9999.0,0.022903942254303165,0.825,0.04457050243111832,165,7039,35
3,1,3,2,5,3,0.0003,-40.0,0.05007587253414264,0.825,0.0944206008583691,165,3130,35
3,1,3,2,5,3,0.0003,-35.0,0.11141120864280891,0.825,0.1963117192147531,165,1316,35
3,1,3,2,5,3,0.0003,-30.0,0.15809893307468478,0.815,0.264825345247766,163,868,37
3,1,3,2,5,3,0.0003,-25.0,0.1728395061728395,0.56,0.2641509433962264,112,536,88
3,1,3,2,5,3,0.0003,-20.0,0.1532258064516129,0.38,0.21839080459770116,76,420,124
3,1,3,2,5,3,0.0003,-15.0,0.06597222222222222,0.095,0.0778688524590164,19,269,181
3,1,3,2,5,3,0.0003,-10.0,0.0,0.0,0.0,0,56,200
3,1,3,2,5,3,0.0003,-5.0,1.0,0.0,0.0,0,0,200
3,1,3,2,5,3,0.0003,0.0,1.0,0.0,0.0,0,0,200
3,1,3,2,5,3,0.0001,-9999.0,0.024586133420750698,0.75,0.047611490239644505,150,5951,50
3,1,3,2,5,3,0.0001,-40.0,0.04816955684007707,0.75,0.09052504526252264,150,2964,50
3,1,3,2,5,3,0.0001,-35.0,0.10989010989010989,0.75,0.19169329073482427,150,1215,50
3,1,3,2,5,3,0.0001,-30.0,0.15472481827622014,0.745,0.25623387790197766,149,814,51
3,1,3,2,5,3,0.0001,-25.0,0.17156105100463678,0.555,0.26210153482880755,111,536,89
3,1,3,2,5,3,0.0001,-20.0,0.1532258064516129,0.38,0.21839080459770116,76,420,124
3,1,3,2,5,3,0.0001,-15.0,0.06597222222222222,0.095,0.0778688524590164,19,269,181
3,1,3,2,5,3,0.0001,-10.0,0.0,0.0,0.0,0,56,200
3,1,3,2,5,3,0.0001,-5.0,1.0,0.0,0.0,0,0,200
3,1,3,2,5,3,0.0001,0.0,1.0,0.0,0.0,0,0,200
3,1,3,2,5,3,3e-05,-9999.0,0.024091919940696812,0.65,0.04646175839885633,130,5266,70
3,1,3,2,5,3,3e-05,-40.0,0.04430811179277437,0.65,0.08296107211231653,130,2804,70
3,1,3,2,5,3,3e-05,-35.0,0.10569105691056911,0.65,0.18181818181818182,130,1100,70
3,1,3,2,5,3,3e-05,-30.0,0.1444568868980963,0.645,0.23604757548032937,129,764,71
3,1,3,2,5,3,3e-05,-25.0,0.17054263565891473,0.55,0.2603550295857988,110,535,90
3,1,3,2,5,3,3e-05,-20.0,0.1532258064516129,0.38,0.21839080459770116,76,420,124
3,1,3,2,5,3,3e-05,-15.0,0.06597222222222222,0.095,0.0778688524590164,19,269,181
3,1,3,2,5,3,3e-05,-10.0,0.0,0.0,0.0,0,56,200
3,1,3,2,5,3,3e-05,-5.0,1.0,0.0,0.0,0,0,200
3,1,3,2,5,3,3e-05,0.0,1.0,0.0,0.0,0,0,200
3,1,3,2,5,3,1e-05,-9999.0,0.024236252545824847,0.595,0.04657534246575342,119,4791,81
3,1,3,2,5,3,1e-05,-40.0,0.04292929292929293,0.595,0.0800807537012113,119,2653,81
3,1,3,2,5,3,1e-05,-35.0,0.10596616206589493,0.595,0.1798941798941799,119,1004,81
3,1,3,2,5,3,1e-05,-30.0,0.14081145584725538,0.59,0.22736030828516376,118,720,82
3,1,3,2,5,3,1e-05,-25.0,0.16901408450704225,0.54,0.2574493444576877,108,531,92
3,1,3,2,5,3,1e-05,-20.0,0.1532258064516129,0.38,0.21839080459770116,76,420,124
3,1,3,2,5,3,1e-05,-15.0,0.06597222222222222,0.095,0.0778688524590164,19,269,181
3,1,3,2,5,3,1e-05,-10.0,0.0,0.0,0.0,0,56,200
3,1,3,2,5,3,1e-05,-5.0,1.0,0.0,0.0,0,0,200
3,1,3,2,5,3,1e-05,0.0,1.0,0.0,0.0,0,0,200
3,1,5,1,5,2,0.01,-9999.0,0.01135132051793965,0.995,0.022446562517624495,199,17332,1
3,1,5,1,5,2,0.01,-40.0,0.04912367316711923,0.995,0.09362502940484592,199,3852,1
3,1,5,1,5,2,0.01,-35.0,0.10641711229946524,0.995,0.1922705314009662,199,1671,1
3,1,5,1,5,2,0.01,-30.0,0.16057091882247992,0.9,0.27252081756245267,180,941,20
3,1,5,1,5,2,0.01,-25.0,0.1728395061728395,0.56,0.2641509433962264,112,536,88
3,1,5,1,5,2,0.01,-20.0,0.1532258064516129,0.38,0.21839080459770116,76,420,124
3,1,5,1,5,2,0.01,-15.0,0.06597222222222222,0.095,0.0778688524590164,19,269,181
3,1,5,1,5,2,0.01,-10.0,0.0,0.0,0.0,0,56,200
3,1,5,1,5,2,0.01,-5.0,1.0,0.0,0.0,0,0,200
3,1,5,1,5,2,0.01,0.0,1.0,0.0,0.0,0,0,200
3,1,5,1,5,2,0.003,-9999.0,0.016231593038821955,0.97,0.03192890059249506,194,11758,6
3,1,5,1,5,2,0.003,-40.0,0.05144523998939273,0.97,0.09770838579702845,194,3577,6
3,1,5,1,5,2,0.003,-35.0,0.11041548093340922,0.97,0.19826264690853349,194,1563,6
3,1,5,1,5,2,0.003,-30.0,0.1606822262118492,0.895,0.2724505327245053,179,935,21
3,1,5,1,5,2,0.003,-25.0,0.1728395061728395,0.56,0.2641509433962264,112,536,88
3,1,5,1,5,2,0.003,-20.0,0.1532258064516129,0.38,0.21839080459770116,76,420,124
3,1,5,1,5,2,0.003,-15.0,0.06597222222222222,0.095,0.0778688524590164,19,269,181
3,1,5,1,5,2,0.003,-10.0,0.0,0.0,0.0,0,56,200
3,1,5,1,5,2,0.003,-5.0,1.0,0.0,0.0,0,0,200
3,1,5,1,5,2,0.003,0.0,1.0,0.0,0.0,0,0,200
3,1,5,1,5,2,0.001,-9999.0,0.021087680355160933,0.95,0.04125950054288817,190,8820,10
3,1,5,1,5,2,0.001,-40.0,0.05349099099099099,0.95,0.10127931769722814,190,3362,10
3,1,5,1,5,2,0.001,-35.0,0.11616472034419176,0.945,0.20689655172413796,189,1438,11
3,1,5,1,5,2,0.001,-30.0,0.16179159049360145,0.885,0.2735703245749614,177,917,23
3,1,5,1,5,2,0.001,-25.0,0.1728395061728395,0.56,0.2641509433962264,112,536,88
3,1,5,1,5,2,0.001,-20.0,0.1532258064516129,0.38,0.21839080459770116,76,420,124
3,1,5,1,5,2,0.001,-15.0,0.06597222222222222,0.095,0.0778688524590164,19,269,181
3,1,5,1,5,2,0.001,-10.0,0.0,0.0,0.0,0,56,200
3,1,5,1,5,2,0.001,-5.0,1.0,0.0,0.0,0,0,200
3,1,5,1,5,2,0.001,0.0,1.0,0.0,0.0,0,0,200
3,1,5,1,5,2,0.0003,-9999.0,0.024081464153020503,0.875,0.04687290745948841,175,7092,25
3,1,5,1,5,2,0.0003,-40.0,0.05183649289099526,0.875,0.09787472035794184,175,3201,25
3,1,5,1,5,2,0.0003,-35.0,0.11553784860557768,0.87,0.20398593200468934,174,1332,26
3,1,5,1,5,2,0.0003,-30.0,0.1625,0.845,0.2725806451612903,169,871,31
3,1,5,1,5,2,0.0003,-25.0,0.1728395061728395,0.56,0.2641509433962264,112,536,88
3,1,5,1,5,2,0.0003,-20.0,0.1532258064516129,0.38,0.21839080459770116,76,420,124
3,1,5,1,5,2,0.0003,-15.0,0.06597222222222222,0.095,0.0778688524590164,19,269,181
3,1,5,1,5,2,0.0003,-10.0,0.0,0.0,0.0,0,56,200
3,1,5,1,5,2,0.0003,-5.0,1.0,0.0,0.0,0,0,200
3,1,5,1,5,2,0.0003,0.0,1.0,0.0,0.0,0,0,200
3,1,5,1,5,2,0.0001,-9999.0,0.025156273822229,0.825,0.04882379050155349,165,6394,35
3,1,5,1,5,2,0.0001,-40.0,0.051305970149253734,0.825,0.09660421545667448,165,3051,35
3,1,5,1,5,2,0.0001,-35.0,0.11777301927194861,0.825,0.2061211742660837,165,1236,35
3,1,5,1,5,2,0.0001,-30.0,0.16093117408906882,0.795,0.2676767676767677,159,829,41
3,1,5,1,5,2,0.0001,-25.0,0.17156105100463678,0.555,0.26210153482880755,111,536,89
3,1,5,1,5,2,0.0001,-20.0,0.1532258064516129,0.38,0.21839080459770116,76,420,124
3,1,5,1,5,2,0.0001,-15.0,0.06597222222222222,0.095,0.0778688524590164,19,269,181
3,1,5,1,5,2,0.0001,-10.0,0.0,0.0,0.0,0,56,200
3,1,5,1,5,2,0.0001,-5.0,1.0,0.0,0.0,0,0,200
3,1,5,1,5,2,0.0001,0.0,1.0,0.0,0.0,0,0,200
3,1,5,1,5,2,3e-05,-9999.0,0.026270897304674173,0.77,0.05080831408775982,154,5708,46
3,1,5,1,5,2,3e-05,-40.0,0.050293925538863485,0.77,0.0944206008583691,154,2908,46
3,1,5,1,5,2,3e-05,-35.0,0.1203125,0.77,0.2081081081081081,154,1126,46
3,1,5,1,5,2,3e-05,-30.0,0.16153846153846155,0.735,0.2648648648648649,147,763,53
3,1,5,1,5,2,3e-05,-25.0,0.17107309486780714,0.55,0.2609727164887307,110,533,90
3,1,5,1,5,2,3e-05,-20.0,0.1532258064516129,0.38,0.21839080459770116,76,420,124
3,1,5,1,5,2,3e-05,-15.0,0.06597222222222222,0.095,0.0778688524590164,19,269,181
3,1,5,1,5,2,3e-05,-10.0,0.0,0.0,0.0,0,56,200
3,1,5,1,5,2,3e-05,-5.0,1.0,0.0,0.0,0,0,200
3,1,5,1,5,2,3e-05,0.0,1.0,0.0,0.0,0,0,200
3,1,5,1,5,2,1e-05,-9999.0,0.027001687605475343,0.72,0.052051328393276704,144,5189,56
3,1,5,1,5,2,1e-05,-40.0,0.04878048780487805,0.72,0.0913705583756345,144,2808,56
3,1,5,1,5,2,1e-05,-35.0,0.11950207468879669,0.72,0.20498220640569395,144,1061,56
3,1,5,1,5,2,1e-05,-30.0,0.16102683780630106,0.69,0.261116367076632,138,719,62
3,1,5,1,5,2,1e-05,-25.0,0.1703125,0.545,0.25952380952380955,109,531,91
3,1,5,1,5,2,1e-05,-20.0,0.1532258064516129,0.38,0.21839080459770116,76,420,124
3,1,5,1,5,2,1e-05,-15.0,0.06597222222222222,0.095,0.0778688524590164,19,269,181
3,1,5,1,5,2,1e-05,-10.0,0.0,0.0,0.0,0,56,200
3,1,5,1,5,2,1e-05,-5.0,1.0,0.0,0.0,0,0,200
3,1,5,1,5,2,1e-05,0.0,1.0,0.0,0.0,0,0,200
3,1,5,1,5,3,0.01,-9999.0,0.010930156301235108,1.0,0.021623959346956427,200,18098,0
3,1,5,1,5,3,0.01,-40.0,0.04849660523763336,1.0,0.09250693802035151,200,3924,0
3,1,5,1,5,3,0.01,-35.0,0.10451680672268908,0.995,0.18916349809885932,199,1705,1
3,1,5,1,5,3,0.01,-30.0,0.16,0.9,0.27169811320754716,180,945,20
3,1,5,1,5,3,0.01,-25.0,0.1728395061728395,0.56,0.2641509433962264,112,536,88
3,1,5,1,5,3,0.01,-20.0,0.1532258064516129,0.38,0.21839080459770116,76,420,124
3,1,5,1,5,3,0.01,-15.0,0.06597222222222222,0.095,0.0778688524590164,19,269,181
3,1,5,1,5,3,0.01,-10.0,0.0,0.0,0.0,0,56,200
3,1,5,1,5,3,0.01,-5.0,1.0,0.0,0.0,0,0,200
3,1,5,1,5,3,0.01,0.0,1.0,0.0,0.0,0,0,200
3,1,5,1,5,3,0.003,-9999.0,0.015335011009751494,0.975,0.030195106844224214,195,12521,5
3,1,5,1,5,3,0.003,-40.0,0.050557428052890846,0.975,0.09613014542765591,195,3662,5
3,1,5,1,5,3,0.003,-35.0,0.10875627440044618,0.975,0.19568489713999,195,1598,5
3,1,5,1,5,3,0.003,-30.0,0.1602506714413608,0.895,0.2718299164768413,179,938,21
3,1,5,1,5,3,0.003,-25.0,0.1728395061728395,0.56,0.2641509433962264,112,536,88
3,1,5,1,5,3,0.003,-20.0,0.1532258064516129,0.38,0.21839080459770116,76,420,124
3,1,5,1,5,3,0.003,-15.0,0.06597222222222222,0.095,0.0778688524590164,19,269,181
3,1,5,1,5,3,0.003,-10.0,0.0,0.0,0.0,0,56,200
3,1,5,1,5,3,0.003,-5.0,1.0,0.0,0.0,0,0,200
3,1,5,1,5,3,0.003,0.0,1.0,0.0,0.0,0,0,200
3,1,5,1,5,3,0.001,-9999.0,0.020088346655448043,0.955,0.03934899052327977,191,9317,9
3,1,5,1,5,3,0.001,-40.0,0.05304082199389058,0.955,0.10049986845566956,191,3410,9
3,1,5,1,5,3,0.001,-35.0,0.11335311572700296,0.955,0.20265251989389918,191,1494,9
3,1,5,1,5,3,0.001,-30.0,0.1609403254972875,0.89,0.2725880551301684,178,928,22
3,1,5,1,5,3,0.001,-25.0,0.1728395061728395,0.56,0.2641509433962264,112,536,88
3,1,5,1,5,3,0.001,-20.0,0.1532258064516129,0.38,0.21839080459770116,76,420,124
3,1,5,1,5,3,0.001,-15.0,0.06597222222222222,0.095,0.0778688524590164,19,269,181
3,1,5,1,5,3,0.001,-10.0,0.0,0.0,0.0,0,56,200
3,1,5,1,5,3,0.001,-5.0,1.0,0.0,0.0,0,0,200
3,1,5,1,5,3,0.001,0.0,1.0,0.0,0.0,0,0,200
3,1,5,1,5,3,0.0003,-9999.0,0.02451768488745981,0.915,0.04775574112734865,183,7281,17
3,1,5,1,5,3,0.0003,-40.0,0.0536185174333431,0.915,0.1013008580127318,183,3230,17
3,1,5,1,5,3,0.0003,-35.0,0.11708253358925144,0.915,0.20760068065796938,183,1380,17
3,1,5,1,5,3,0.0003,-30.0,0.16279069767441862,0.875,0.2745098039215686,175,900,25
3,1,5,1,5,3,0.0003,-25.0,0.1728395061728395,0.56,0.2641509433962264,112,536,88
3,1,5,1,5,3,0.0003,-20.0,0.1532258064516129,0.38,0.21839080459770116,76,420,124
3,1,5,1,5,3,0.0003,-15.0,0.06597222222222222,0.095,0.0778688524590164,19,269,181
3,1,5,1,5,3,0.0003,-10.0,0.0,0.0,0.0,0,56,200
3,1,5,1,5,3,0.0003,-5.0,1.0,0.0,0.0,0,0,200
3,1,5,1,5,3,0.0003,0.0,1.0,0.0,0.0,0,0,200
3,1,5,1,5,3,0.0001,-9999.0,0.025856793145654835,0.845,0.05017814726840855,169,6367,31
3,1,5,1,5,3,0.0001,-40.0,0.0519360786724032,0.845,0.09785755645628258,169,3085,31
3,1,5,1,5,3,0.0001,-35.0,0.11591220850480109,0.845,0.20386007237635703,169,1289,31
3,1,5,1,5,3,0.0001,-30.0,0.1626095423563778,0.835,0.2722086389568052,167,860,33
3,1,5,1,5,3,0.0001,-25.0,0.1728395061728395,0.56,0.2641509433962264,112,536,88
3,1,5,1,5,3,0.0001,-20.0,0.1532258064516129,0.38,0.21839080459770116,76,420,124
3,1,5,1,5,3,0.0001,-15.0,0.06597222222222222,0.095,0.0778688524590164,19,269,181
3,1,5,1,5,3,0.0001,-10.0,0.0,0.0,0.0,0,56,200
3,1,5,1,5,3,0.0001,-5.0,1.0,0.0,0.0,0,0,200
3,1,5,1,5,3,0.0001,0.0,1.0,0.0,0.0,0,0,200
3,1,5,1,5,3,3e-05,-9999.0,0.02647208552519939,0.78,0.051206302314130966,156,5737,44
3,1,5,1,5,3,3e-05,-40.0,0.05029013539651837,0.78,0.09448818897637795,156,2946,44
3,1,5,1,5,3,3e-05,-35.0,0.1156412157153447,0.78,0.20142027114267272,156,1193,44
3,1,5,1,5,3,3e-05,-30.0,0.16058394160583941,0.77,0.2657463330457291,154,805,46
3,1,5,1,5,3,3e-05,-25.0,0.17156105100463678,0.555,0.26210153482880755,111,536,89
3,1,5,1,5,3,3e-05,-20.0,0.1532258064516129,0.38,0.21839080459770116,76,420,124
3,1,5,1,5,3,3e-05,-15.0,0.06597222222222222,0.095,0.0778688524590164,19,269,181
3,1,5,1,5,3,3e-05,-10.0,0.0,0.0,0.0,0,56,200
3,1,5,1,5,3,3e-05,-5.0,1.0,0.0,0.0,0,0,200
3,1,5,1,5,3,3e-05,0.0,1.0,0.0,0.0,0,0,200
3,1,5,1,5,3,1e-05,-9999.0,0.026286353467561523,0.705,0.05068296189791517,141,5223,59
3,1,5,1,5,3,1e-05,-40.0,0.04773188896411645,0.705,0.08941027266962588,141,2813,59
3,1,5,1,5,3,1e-05,-35.0,0.11417004048582996,0.705,0.1965156794425087,141,1094,59
3,1,5,1,5,3,1e-05,-30.0,0.15625,0.7,0.25547445255474455,140,756,60
3,1,5,1,5,3,1e-05,-25.0,0.17107309486780714,0.55,0.2609727164887307,110,533,90
3,1,5,1,5,3,1e-05,-20.0,0.1532258064516129,0.38,0.21839080459770116,76,420,124
3,1,5,1,5,3,1e-05,-15.0,0.06597222222222222,0.095,0.0778688524590164,19,269,181
3,1,5,1,5,3,1e-05,-10.0,0.0,0.0,0.0,0,56,200
3,1,5,1,5,3,1e-05,-5.0,1.0,0.0,0.0,0,0,200
3,1,5,1,5,3,1e-05,0.0,1.0,0.0,0.0,0,0,200
3,1,5,2,5,2,0.01,-9999.0,0.01104728236853734,1.0,0.021853146853146856,200,17904,0
3,1,5,2,5,2,0.01,-40.0,0.04719207173194903,1.0,0.09013068949977468,200,4038,0
3,1,5,2,5,2,0.01,-35.0,0.10278925619834711,0.995,0.18632958801498128,199,1737,1
3,1,5,2,5,2,0.01,-30.0,0.1601423487544484,0.9,0.2719033232628399,180,944,20
3,1,5,2,5,2,0.01,-25.0,0.1728395061728395,0.56,0.2641509433962264,112,536,88
3,1,5,2,5,2,0.01,-20.0,0.1532258064516129,0.38,0.21839080459770116,76,420,124
3,1,5,2,5,2,0.01,-15.0,0.06597222222222222,0.095,0.0778688524590164,19,269,181
3,1,5,2,5,2,0.01,-10.0,0.0,0.0,0.0,0,56,200
3,1,5,2,5,2,0.01,-5.0,1.0,0.0,0.0,0,0,200
3,1,5,2,5,2,0.01,0.0,1.0,0.0,0.0,0,0,200
3,1,5,2,5,2,0.003,-9999.0,0.01606230226332441,0.99,0.03161171868763471,198,12129,2
3,1,5,2,5,2,0.003,-40.0,0.05093902752765629,0.99,0.09689258624908247,198,3689,2
3,1,5,2,5,2,0.003,-35.0,0.10873146622734761,0.99,0.1959426026719446,198,1623,2
3,1,5,2,5,2,0.003,-30.0,0.16057091882247992,0.9,0.27252081756245267,180,941,20
3,1,5,2,5,2,0.003,-25.0,0.1728395061728395,0.56,0.2641509433962264,112,536,88
3,1,5,2,5,2,0.003,-20.0,0.1532258064516129,0.38,0.21839080459770116,76,420,124
3,1,5,2,5,2,0.003,-15.0,0.06597222222222222,0.095,0.0778688524590164,19,269,181
3,1,5,2,5,2,0.003,-10.0,0.0,0.0,0.0,0,56,200
3,1,5,2,5,2,0.003,-5.0,1.0,0.0,0.0,0,0,200
3,1,5,2,5,2,0.003,0.0,1.0,0.0,0.0,0,0,200
3,1,5,2,5,2,0.001,-9999.0,0.02026813047608994,0.96,0.039698128812157556,192,9281,8
3,1,5,2,5,2,0.001,-40.0,0.052145573058120585,0.96,0.0989180834621329,192,3490,8
3,1,5,2,5,2,0.001,-35.0,0.11091753774680604,0.955,0.1987513007284079,191,1531,9
3,1,5,2,5,2,0.001,-30.0,0.16036036036036036,0.89,0.2717557251908397,178,932,22
3,1,5,2,5,2,0.001,-25.0,0.1728395061728395,0.56,0.2641509433962264,112,536,88
3,1,5,2,5,2,0.001,-20.0,0.1532258064516129,0.38,0.21839080459770116,76,420,124
3,1,5,2,5,2,0.001,-15.0,0.06597222222222222,0.095,0.0778688524590164,19,269,181
3,1,5,2,5,2,0.001,-10.0,0.0,0.0,0.0,0,56,200
3,1,5,2,5,2,0.001,-5.0,1.0,0.0,0.0,0,0,200
3,1,5,2,5,2,0.001,0.0,1.0,0.0,0.0,0,0,200
3,1,5,2,5,2,0.0003,-9999.0,0.024264326277749097,0.94,0.047307498741821837,188,7560,12
3,1,5,2,5,2,0.0003,-40.0,0.05337876206700738,0.94,0.10102095647501343,188,3334,12
3,1,5,2,5,2,0.0003,-35.0,0.11600496277915633,0.935,0.20640176600441498,187,1425,13
3,1,5,2,5,2,0.0003,-30.0,0.16117216117216118,0.88,0.27244582043343657,176,916,24
3,1,5,2,5,2,0.0003,-25.0,0.1728395061728395,0.56,0.2641509433962264,112,536,88
3,1,5,2,5,2,0.0003,-20.0,0.1532258064516129,0.38,0.21839080459770116,76,420,124
3,1,5,2,5,2,0.0003,-15.0,0.06597222222222222,0.095,0.0778688524590164,19,269,181
3,1,5,2,5,2,0.0003,-10.0,0.0,0.0,0.0,0,56,200
3,1,5,2,5,2,0.0003,-5.0,1.0,0.0,0.0,0,0,200
3,1,5,2,5,2,0.0003,0.0,1.0,0.0,0.0,0,0,200
3,1,5,2,5,2,0.0001,-9999.0,0.024853592343950865,0.87,0.04832662130259686,174,6827,26
3,1,5,2,5,2,0.0001,-40.0,0.05128205128205128,0.87,0.09685499582521569,174,3219,26
3,1,5,2,5,2,0.0001,-35.0,0.11366622864651774,0.865,0.20092915214866433,173,1349,27
3,1,5,2,5,2,0.0001,-30.0,0.16076555023923444,0.84,0.26987951807228916,168,877,32
3,1,5,2,5,2,0.0001,-25.0,0.1728395061728395,0.56,0.2641509433962264,112,536,88
3,1,5,2,5,2,0.0001,-20.0,0.1532258064516129,0.38,0.21839080459770116,76,420,124
3,1,5,2,5,2,0.0001,-15.0,0.06597222222222222,0.095,0.0778688524590164,19,269,181
3,1,5,2,5,2,0.0001,-10.0,0.0,0.0,0.0,0,56,200
3,1,5,2,5,2,0.0001,-5.0,1.0,0.0,0.0,0,0,200
3,1,5,2,5,2,0.0001,0.0,1.0,0.0,0.0,0,0,200
3,1,5,2,5,2,3e-05,-9999.0,0.025892011367224504,0.82,0.05019895928986838,164,6170,36
3,1,5,2,5,2,3e-05,-40.0,0.05083694978301302,0.82,0.09573847051955633,164,3062,36
3,1,5,2,5,2,3e-05,-35.0,0.11549295774647887,0.82,0.20246913580246914,164,1256,36
3,1,5,2,5,2,3e-05,-30.0,0.1577889447236181,0.785,0.26276150627615064,157,838,43
3,1,5,2,5,2,3e-05,-25.0,0.17156105100463678,0.555,0.26210153482880755,111,536,89
3,1,5,2,5,2,3e-05,-20.0,0.1532258064516129,0.38,0.21839080459770116,76,420,124
3,1,5,2,5,2,3e-05,-15.0,0.06597222222222222,0.095,0.0778688524590164,19,269,181
3,1,5,2,5,2,3e-05,-10.0,0.0,0.0,0.0,0,56,200
3,1,5,2,5,2,3e-05,-5.0,1.0,0.0,0.0,0,0,200
3,1,5,2,5,2,3e-05,0.0,1.0,0.0,0.0,0,0,200
3,1,5,2,5,2,1e-05,-9999.0,0.02689571403782752,0.775,0.051987254737548214,155,5608,45
3,1,5,2,5,2,1e-05,-40.0,0.04988735114258127,0.775,0.0937405503477472,155,2952,45
3,1,5,2,5,2,1e-05,-35.0,0.11706948640483383,0.775,0.20341207349081364,155,1169,45
3,1,5,2,5,2,1e-05,-30.0,0.1569459172852598,0.74,0.25896762904636916,148,795,52
3,1,5,2,5,2,1e-05,-25.0,0.17027863777089783,0.55,0.26004728132387706,110,536,90
3,1,5,2,5,2,1e-05,-20.0,0.1532258064516129,0.38,0.21839080459770116,76,420,124
3,1,5,2,5,2,1e-05,-15.0,0.06597222222222222,0.095,0.0778688524590164,19,269,181
3,1,5,2,5,2,1e-05,-10.0,0.0,0.0,0.0,0,56,200
3,1,5,2,5,2,1e-05,-5.0,1.0,0.0,0.0,0,0,200
3,1,5,2,5,2,1e-05,0.0,1.0,0.0,0.0,0,0,200
3,1,5,2,5,3,0.01,-9999.0,0.010660980810234541,1.0,0.021097046413502112,200,18560,0
3,1,5,2,5,3,0.01,-40.0,0.04640371229698376,1.0,0.08869179600886917,200,4110,0
3,1,5,2,5,3,0.01,-35.0,0.10184237461617196,0.995,0.18477251624883936,199,1755,1
3,1,5,2,5,3,0.01,-30.0,0.15985790408525755,0.9,0.2714932126696833,180,946,20
3,1,5,2,5,3,0.01,-25.0,0.1728395061728395,0.56,0.2641509433962264,112,536,88
3,1,5,2,5,3,0.01,-20.0,0.1532258064516129,0.38,0.21839080459770116,76,420,124
3,1,5,2,5,3,0.01,-15.0,0.06597222222222222,0.095,0.0778688524590164,19,269,181
3,1,5,2,5,3,0.01,-10.0,0.0,0.0,0.0,0,56,200
3,1,5,2,5,3,0.01,-5.0,1.0,0.0,0.0,0,0,200
3,1,5,2,5,3,0.01,0.0,1.0,0.0,0.0,0,0,200
3,1,5,2,5,3,0.003,-9999.0,0.015131830340084066,0.99,0.029808054196462177,198,12887,2
3,1,5,2,5,3,0.003,-40.0,0.04971127290986693,0.99,0.09466889792015298,198,3785,2
3,1,5,2,5,3,0.003,-35.0,0.10628019323671498,0.99,0.19195346582646633,198,1665,2
3,1,5,2,5,3,0.003,-30.0,0.16028495102404275,0.9,0.27210884353741494,180,943,20
3,1,5,2,5,3,0.003,-25.0,0.1728395061728395,0.56,0.2641509433962264,112,536,88
3,1,5,2,5,3,0.003,-20.0,0.1532258064516129,0.38,0.21839080459770116,76,420,124
3,1,5,2,5,3,0.003,-15.0,0.06597222222222222,0.095,0.0778688524590164,19,269,181
3,1,5,2,5,3,0.003,-10.0,0.0,0.0,0.0,0,56,200
3,1,5,2,5,3,0.003,-5.0,1.0,0.0,0.0,0,0,200
3,1,5,2,5,3,0.003,0.0,1.0,0.0,0.0,0,0,200
3,1,5,2,5,3,0.001,-9999.0,0.019570453633079084,0.975,0.038370720188902,195,9769,5
3,1,5,2,5,3,0.001,-40.0,0.052,0.975,0.09873417721518987,195,3555,5
3,1,5,2,5,3,0.001,-35.0,0.11054421768707483,0.975,0.1985743380855397,195,1569,5
3,1,5,2,5,3,0.001,-30.0,0.16010733452593917,0.895,0.27162367223065254,179,939,21
3,1,5,2,5,3,0.001,-25.0,0.1728395061728395,0.56,0.2641509433962264,112,536,88
3,1,5,2,5,3,0.001,-20.0,0.1532258064516129,0.38,0.21839080459770116,76,420,124
3,1,5,2,5,3,0.001,-15.0,0.06597222222222222,0.095,0.0778688524590164,19,269,181
3,1,5,2,5,3,0.001,-10.0,0.0,0.0,0.0,0,56,200
3,1,5,2,5,3,0.001,-5.0,1.0,0.0,0.0,0,0,200
3,1,5,2,5,3,0.001,0.0,1.0,0.0,0.0,0,0,200
3,1,5,2,5,3,0.0003,-9999.0,0.024097905627050213,0.955,0.047009598818606946,191,7735,9
3,1,5,2,5,3,0.0003,-40.0,0.05366676032593425,0.955,0.10162277201383346,191,3368,9
3,1,5,2,5,3,0.0003,-35.0,0.1145083932853717,0.955,0.2044967880085653,191,1477,9
3,1,5,2,5,3,0.0003,-30.0,0.1609403254972875,0.89,0.2725880551301684,178,928,22
3,1,5,2,5,3,0.0003,-25.0,0.1728395061728395,0.56,0.2641509433962264,112,536,88
3,1,5,2,5,3,0.0003,-20.0,0.1532258064516129,0.38,0.21839080459770116,76,420,124
3,1,5,2,5,3,0.0003,-15.0,0.06597222222222222,0.095,0.0778688524590164,19,269,181
3,1,5,2,5,3,0.0003,-10.0,0.0,0.0,0.0,0,56,200
3,1,5,2,5,3,0.0003,-5.0,1.0,0.0,0.0,0,0,200
3,1,5,2,5,3,0.0003,0.0,1.0,0.0,0.0,0,0,200
3,1,5,2,5,3,0.0001,-9999.0,0.02594238211265587,0.905,0.050438902048209555,181,6796,19
3,1,5,2,5,3,0.0001,-40.0,0.05297044190810653,0.905,0.10008294166436274,181,3236,19
3,1,5,2,5,3,0.0001,-35.0,0.11492063492063492,0.905,0.203943661971831,181,1394,19
3,1,5,2,5,3,0.0001,-30.0,0.16111111111111112,0.87,0.271875,174,906,26
3,1,5,2,5,3,0.0001,-25.0,0.1728395061728395,0.56,0.2641509433962264,112,536,88
3,1,5,2,5,3,0.0001,-20.0,0.1532258064516129,0.38,0.21839080459770116,76,420,124
3,1,5,2,5,3,0.0001,-15.0,0.06597222222222222,0.095,0.0778688524590164,19,269,181
3,1,5,2,5,3,0.0001,-10.0,0.0,0.0,0.0,0,56,200
3,1,5,2,5,3,0.0001,-5.0,1.0,0.0,0.0,0,0,200
3,1,5,2,5,3,0.0001,0.0,1.0,0.0,0.0,0,0,200
3,1,5,2,5,3,3e-05,-9999.0,0.026336539977921465,0.835,0.051062528665341694,167,6174,33
3,1,5,2,5,3,3e-05,-40.0,0.05111723293541475,0.835,0.09633689068358813,167,3100,33
3,1,5,2,5,3,3e-05,-35.0,0.11283783783783784,0.835,0.1988095238095238,167,1313,33
3,1,5,2,5,3,3e-05,-30.0,0.15926640926640925,0.825,0.2669902912621359,165,871,35
3,1,5,2,5,3,3e-05,-25.0,0.1728395061728395,0.56,0.2641509433962264,112,536,88
3,1,5,2,5,3,3e-05,-20.0,0.1532258064516129,0.38,0.21839080459770116,76,420,124
3,1,5,2,5,3,3e-05,-15.0,0.06597222222222222,0.095,0.0778688524590164,19,269,181
3,1,5,2,5,3,3e-05,-10.0,0.0,0.0,0.0,0,56,200
3,1,5,2,5,3,3e-05,-5.0,1.0,0.0,0.0,0,0,200
3,1,5,2,5,3,3e-05,0.0,1.0,0.0,0.0,0,0,200
3,1,5,2,5,3,1e-05,-9999.0,0.027189812424711753,0.79,0.05257028780568957,158,5653,42
3,1,5,2,5,3,1e-05,-40.0,0.05020654591674611,0.79,0.09441290708096803,158,2989,42
3,1,5,2,5,3,1e-05,-35.0,0.11366906474820145,0.79,0.19874213836477989,158,1232,42
3,1,5,2,5,3,1e-05,-30.0,0.15869786368260427,0.78,0.26373626373626374,156,827,44
3,1,5,2,5,3,1e-05,-25.0,0.17156105100463678,0.555,0.26210153482880755,111,536,89
3,1,5,2,5,3,1e-05,-20.0,0.1532258064516129,0.38,0.21839080459770116,76,420,124
3,1,5,2,5,3,1e-05,-15.0,0.06597222222222222,0.095,0.0778688524590164,19,269,181
3,1,5,2,5,3,1e-05,-10.0,0.0,0.0,0.0,0,56,200
3,1,5,2,5,3,1e-05,-5.0,1.0,0.0,0.0,0,0,200
3,1,5,2,5,3,1e-05,0.0,1.0,0.0,0.0,0,0,200
