Time,Range,Angle,X,Y,Velocity
0,,,,,
1,,,,,
2,293.210064895923,2.92,-37.24599611688865,14.571150902105856,0.0
3,292.82857899311796,2.85,-36.90105131862231,14.177063685146706,0.0
4,,,,,
5,,,,,
6,,,,,
7,,,,,
8,,,,,
9,,,,,
10,,,,,
11,,,,,
12,,,,,
13,,,,,
14,,,,,
15,,,,,
16,,,,,
17,,,,,
18,,,,,
19,288.02185661777503,3.13,-31.89684017441948,15.011534184705347,0.0
20,287.716667895531,3.14,-31.583474208177563,15.02465802638796,0.0
