Time (s),| Total Complex Impulse Response total | (W),Phase( Total Complex Impulse Response total ) (rad)
1.60335003e-06,2.39595433e-14,3.08110595
1.60589502e-06,1.61281971e-13,-1.64521074
1.79931499e-06,1.75019427e-16,-2.72021341
1.90620494e-06,8.98208984e-16,1.38572776
1.90874994e-06,4.97474566e-13,1.58113527
1.91129493e-06,4.02509845e-15,2.44140339
1.91383992e-06,5.85933519e-17,-2.24854326
1.91638492e-06,8.82195568e-19,0.342639804
1.91892991e-06,7.64558956e-19,0.198630407
1.9214749e-06,1.90382271e-23,0.979902625
1.9240199e-06,2.90326533e-20,1.99947286
1.92656489e-06,1.64820552e-20,2.5974257
1.92911011e-06,5.79319846e-24,-0.71208179
1.93165511e-06,3.27745475e-27,-1.21369946
1.9342001e-06,1.1179193e-30,-2.08827686
1.94183508e-06,5.69170654e-27,-0.0906626359
1.94438007e-06,3.85409246e-29,-1.00024867
1.94692507e-06,4.39419662e-33,-2.88572526
2.05890501e-06,3.69090789e-23,-0.244477421
2.06145e-06,7.09262631e-24,2.454422
2.063995e-06,2.00523771e-25,0.564684808
2.06653999e-06,5.99551561e-29,-1.90198088
2.06908499e-06,6.56729651e-31,2.15759826
2.07671997e-06,1.11267744e-29,-2.22979951
2.07926496e-06,7.93287946e-32,1.28995204
2.21160508e-06,1.79570304e-30,-0.0551266409
2.21415007e-06,3.83800999e-33,-2.40400982
3.36703511e-06,2.007592e-23,-2.7669313
3.3695801e-06,8.98249585e-25,-0.403341979
3.37212509e-06,2.35478216e-26,2.0696063
3.37467009e-06,2.53503707e-28,-0.879359841
3.37721508e-06,8.12752149e-33,2.32657981
3.37976007e-06,3.45370227e-34,1.27132165
3.38485006e-06,7.65575594e-28,1.82739758
3.38739505e-06,2.7444534e-32,0.0391638726
3.51973495e-06,3.01909934e-28,1.5239079
3.52227994e-06,3.25228384e-34,0.0174393468
4.82786481e-06,3.34401036e-31,2.89822721
4.83041003e-06,5.94682649e-35,0.55041194
4.8329548e-06,1.64025057e-37,-2.5923748
