Time (s),| Total Complex Impulse Response total | (W),Phase( Total Complex Impulse Response total ) (rad)
1.60335003e-06,2.39595433e-14,3.08110595
1.60589502e-06,1.61281971e-13,-1.64521074
1.79931499e-06,1.75019427e-16,-2.72021341
1.85530496e-06,3.58644321e-14,-1.77930176
1.85784995e-06,3.35987992e-13,-1.06568718
1.86039495e-06,1.49295562e-17,-2.25396705
1.86294005e-06,2.64534635e-18,1.08551037
1.86548505e-06,1.17826166e-19,-0.739857435
1.86803004e-06,3.18519983e-20,2.91653991
1.87057503e-06,6.38380071e-23,1.71677446
1.87312003e-06,1.99272769e-20,1.26770878
1.87566502e-06,3.71015449e-20,-1.05145431
1.87821001e-06,1.97809317e-24,-2.77217317
1.88075501e-06,7.01600024e-27,-2.09806585
1.8833e-06,4.21621604e-29,-0.500474036
1.89093498e-06,4.10449086e-28,3.00309896
1.89347998e-06,2.97051824e-28,2.70886278
1.89602497e-06,1.15891511e-32,2.01006651
2.00800491e-06,7.69185058e-24,-1.17227471
2.01054991e-06,2.44038834e-24,-2.12085938
2.0130949e-06,2.27810657e-26,-2.50105095
2.01563989e-06,8.14941156e-30,0.119627893
2.01818489e-06,6.97338661e-33,2.15813971
2.0232751e-06,5.98407734e-31,1.67517042
2.02582009e-06,2.992359e-28,-0.855863988
2.02836509e-06,4.90482108e-33,-0.924525857
2.15815999e-06,7.20610236e-30,2.23825574
2.16070498e-06,7.51280746e-30,-2.02634358
2.16324997e-06,2.53367131e-34,-0.654764712
3.36703511e-06,4.8028127e-23,2.103019
3.3695801e-06,3.08705001e-23,0.245880619
3.37212509e-06,2.58103677e-25,1.50523829
3.37467009e-06,4.96228609e-28,1.47481978
3.37721508e-06,2.9147937e-32,0.740410507
3.37976007e-06,2.74819949e-34,-0.0348592773
3.38485006e-06,2.55556242e-28,1.49594522
3.38739505e-06,1.13480492e-27,-1.8844769
3.51973495e-06,2.35740614e-28,1.36195135
3.52227994e-06,3.77111646e-35,2.26282763
4.87876514e-06,4.70317935e-32,-1.36823142
4.88130991e-06,2.12714942e-31,-0.403317869
4.88385513e-06,1.45773856e-39,2.3443234
4.88639989e-06,1.46466462e-37,-0.399582386
