time,range,angle,x,y,velocity
2,293.210064895923,2.92,-37.24599611688865,14.571150902105856,0.0
3,292.828578993118,2.85,-36.90105131862231,14.177063685146706,0.0
19,288.02185661777503,3.13,-31.89684017441948,15.011534184705347,0.0
20,287.716667895531,3.14,-31.583474208177563,15.02465802638796,0.0
