Time,Range,Angle,X,Y,Velocity,Power
0,275.356524644649,1.96,-19.71002157395111,8.013841065056454,10.789412505668365,-5.276779167870538
0,276.348387991942,3.18,-20.09595878748246,13.868551777818297,0.0,-14.013279258571686
