Time,Range,Angle,X,Y,Velocity,Power
0,283.215134242432,1.79,-27.733837740034573,7.956263948244011,10.789412505668365,-5.018769495543795
