Time,target_id,X,Y,Range,Angle,Velocity
0,0,-25.0,15.0,281.2738878744346,0.05748366282022242,5.8661684256186195
0,1,-30.0,7.5,285.39665379958467,0.02887562867037327,9.810906900002605
