Time,target_id,X,Y,Range,Angle,Velocity
0,0,-20.0,15.0,276.3874092646045,0.05967376006323055,5.8613379108346555
0,1,-22.0,7.5,277.55224733372273,0.031531517960473446,9.79995667889344
