run_id,pos_rmse_meas,pos_rmse_est,vel_rmse_meas,vel_rmse_est
0,0.230338,0.169185,4.9147,1.7158
1,0.23081,0.161942,4.9147,1.7158
2,0.240951,0.168652,4.9147,1.7159
3,0.244083,0.1901,4.9147,1.7165
4,0.251998,0.189211,4.9147,1.7155
5,0.249957,0.19677,4.9147,1.7159
6,0.228218,0.165955,4.9147,1.7154
7,0.234735,0.170368,4.9147,1.7155
8,0.232307,0.163592,4.9147,1.7157
9,0.228601,0.163365,4.9147,1.7161
